-- phpMyAdmin SQL Dump
-- version 4.7.4
-- https://www.phpmyadmin.net/
--
-- Host: 127.0.0.1:3306
-- Generation Time: Mar 11, 2019 at 06:16 AM
-- Server version: 5.7.19
-- PHP Version: 5.6.31

SET SQL_MODE = "NO_AUTO_VALUE_ON_ZERO";
SET AUTOCOMMIT = 0;
START TRANSACTION;
SET time_zone = "+00:00";


/*!40101 SET @OLD_CHARACTER_SET_CLIENT=@@CHARACTER_SET_CLIENT */;
/*!40101 SET @OLD_CHARACTER_SET_RESULTS=@@CHARACTER_SET_RESULTS */;
/*!40101 SET @OLD_COLLATION_CONNECTION=@@COLLATION_CONNECTION */;
/*!40101 SET NAMES utf8mb4 */;

--
-- Database: `minarets_system`
--

-- --------------------------------------------------------

--
-- Table structure for table `certificates_dates`
--

DROP TABLE IF EXISTS `certificates_dates`;
CREATE TABLE IF NOT EXISTS `certificates_dates` (
  `id` int(11) NOT NULL AUTO_INCREMENT,
  `grade_id` int(11) NOT NULL,
  `date_of_expired` date NOT NULL,
  `year` int(11) NOT NULL,
  `created_at` datetime NOT NULL,
  `updated_at` datetime NOT NULL,
  PRIMARY KEY (`id`)
) ENGINE=MyISAM DEFAULT CHARSET=utf8;

-- --------------------------------------------------------

--
-- Table structure for table `enrollment_requests`
--

DROP TABLE IF EXISTS `enrollment_requests`;
CREATE TABLE IF NOT EXISTS `enrollment_requests` (
  `id` int(11) NOT NULL AUTO_INCREMENT,
  `family_last_name` varchar(255) NOT NULL,
  `student_1` varchar(255) NOT NULL,
  `student_2` varchar(255) DEFAULT NULL,
  `student_3` varchar(255) DEFAULT NULL,
  `student_4` varchar(255) DEFAULT NULL,
  `student_age_1` varchar(255) DEFAULT NULL,
  `student_age_2` varchar(255) DEFAULT NULL,
  `student_age_3` varchar(255) DEFAULT NULL,
  `student_age_4` varchar(255) DEFAULT NULL,
  `student_grade_1` varchar(255) DEFAULT NULL,
  `student_grade_2` varchar(255) DEFAULT NULL,
  `student_grade_3` varchar(255) DEFAULT NULL,
  `student_grade_4` varchar(255) DEFAULT NULL,
  `created_at` datetime NOT NULL,
  `updated_at` datetime NOT NULL,
  `email` varchar(255) DEFAULT NULL,
  `home_address` varchar(255) DEFAULT NULL,
  `home_phone` varchar(255) DEFAULT NULL,
  `mother_name` varchar(255) DEFAULT NULL,
  `mother_phone` varchar(255) DEFAULT NULL,
  `father_name` varchar(255) DEFAULT NULL,
  `father_phone` varchar(255) DEFAULT NULL,
  `attended` varchar(255) DEFAULT NULL,
  `their_grade_level` varchar(255) DEFAULT NULL,
  `other_information_1` varchar(255) CHARACTER SET utf16 DEFAULT NULL,
  `other_information_2` varchar(255) CHARACTER SET utf16 DEFAULT NULL,
  `other_information_3` varchar(255) CHARACTER SET utf16 DEFAULT NULL,
  `other_information_4` varchar(255) CHARACTER SET utf16 DEFAULT NULL,
  `emergency_name_1` varchar(255) DEFAULT NULL,
  `emergency_name_2` varchar(255) DEFAULT NULL,
  `emergency_name_3` varchar(255) DEFAULT NULL,
  `emergency_phone_1` varchar(255) DEFAULT NULL,
  `emergency_phone_2` varchar(255) DEFAULT NULL,
  `emergency_phone_3` varchar(255) DEFAULT NULL,
  `emergency_relationship_1` varchar(255) DEFAULT NULL,
  `emergency_relationship_2` varchar(255) DEFAULT NULL,
  `emergency_relationship_3` varchar(255) DEFAULT NULL,
  `custody_info_specify` varchar(255) DEFAULT NULL,
  `custody_info_other_info` varchar(255) DEFAULT NULL,
  `agree` varchar(255) DEFAULT NULL,
  `contract` tinyint(4) NOT NULL DEFAULT '0',
  `permission` tinyint(4) NOT NULL DEFAULT '0',
  `book_fees` tinyint(4) NOT NULL DEFAULT '0',
  `date` date DEFAULT NULL,
  `type` varchar(255) DEFAULT NULL,
  `is_deleted` tinyint(1) NOT NULL DEFAULT '0',
  `form_name` text,
  PRIMARY KEY (`id`)
) ENGINE=MyISAM AUTO_INCREMENT=117 DEFAULT CHARSET=utf8;

--
-- Dumping data for table `enrollment_requests`
--

INSERT INTO `enrollment_requests` (`id`, `family_last_name`, `student_1`, `student_2`, `student_3`, `student_4`, `student_age_1`, `student_age_2`, `student_age_3`, `student_age_4`, `student_grade_1`, `student_grade_2`, `student_grade_3`, `student_grade_4`, `created_at`, `updated_at`, `email`, `home_address`, `home_phone`, `mother_name`, `mother_phone`, `father_name`, `father_phone`, `attended`, `their_grade_level`, `other_information_1`, `other_information_2`, `other_information_3`, `other_information_4`, `emergency_name_1`, `emergency_name_2`, `emergency_name_3`, `emergency_phone_1`, `emergency_phone_2`, `emergency_phone_3`, `emergency_relationship_1`, `emergency_relationship_2`, `emergency_relationship_3`, `custody_info_specify`, `custody_info_other_info`, `agree`, `contract`, `permission`, `book_fees`, `date`, `type`, `is_deleted`, `form_name`) VALUES
(104, 'Khayat', 'Louna', '', '', '', '11', '', '', '', '6 grade', '', '', '', '0000-00-00 00:00:00', '2019-01-05 18:59:23', 'emankenj1@gmail.com', '735 S Rock Garden Cir Anaheim hills', '', 'Eman kenj', '714 576 9983', 'Mohamed khayat', '714 576 9982', 'yes', '3', '', '', '', '', 'Eva kenj', 'Amani kinj', 'Maria khayat', '714 340 9409', '714 576 9007', '714 576 9984', 'Aunt', 'Aunt', 'Sister', 'no', '', '1', 1, 1, 0, NULL, NULL, 1, 'registration_form'),
(103, '', 'Nadia', NULL, NULL, NULL, '16', NULL, NULL, NULL, NULL, NULL, NULL, NULL, '0000-00-00 00:00:00', '0000-00-00 00:00:00', 'ghadiaw@yahoo.com', '1779 majestic dr Corona Ca 92880', '7148819912', 'Ghadeer Awad', '7148819912', 'Ratib Awad', '9515200140', NULL, NULL, NULL, NULL, NULL, NULL, 'ghadeer awad', 'ratib awad', 'henadi ', '7148819912', '9515200140', '', 'mother', 'father', 'sister', 'no', '', NULL, 0, 1, 0, '2018-12-08', NULL, 0, 'youth_group_registration_form'),
(102, 'ismail', 'jad', '', '', '', '8', '', '', '', 'begginers 2', '', '', '', '0000-00-00 00:00:00', '2018-12-01 21:13:06', 'abir.sab@live.com', '404 westchester PL Fullerton CA 92835', '', 'abeer sabbagh', '7147266210', 'modar ismail', '7147266258', 'no', '', '', '', '', '', 'hazzah ismail', '', '', '7147266235', '', '', 'brother', '', '', 'no', '', '1', 1, 0, 0, NULL, NULL, 1, 'registration_form'),
(101, 'elsayed', 'marwan', 'farida', '', '', '7', '4', '', '', 'first', 'pre 2', '', '', '0000-00-00 00:00:00', '2018-12-15 17:03:31', 'omnia_sherif22@yahoo.com', '1167 west duarte rd', '', 'omnia elzeny', '6263405303', 'moustafa elsayed', '5629002982', 'yes', 'kindergarten , pre 1', '', '', '', '', 'omnia elzeny', 'moustafa elsayed', '', '6263405303', '5629002982', '', 'Mother', 'Father', '', 'no', '', '1', 1, 1, 0, NULL, NULL, 1, 'registration_form'),
(100, 'test', 'ggdfg', NULL, NULL, NULL, '85', NULL, NULL, NULL, NULL, NULL, NULL, NULL, '2018-11-21 11:04:28', '2018-11-21 11:04:34', 's200@hotmail.com', '952', '52', '562', '6523', '52', '62', NULL, NULL, NULL, NULL, NULL, NULL, '562', '', '', '56', '', '', '262', '', '', 'no', '', NULL, 0, 1, 0, '2018-11-14', NULL, 1, 'youth_group_registration_form'),
(99, 'test', 'http://stratus.minaretsaturday.net', NULL, NULL, NULL, '85', NULL, NULL, NULL, NULL, NULL, NULL, NULL, '2018-11-21 11:04:01', '2018-11-21 11:04:37', 's200@hotmail.com', '952', '52', '562', '6523', '52', '62', NULL, NULL, NULL, NULL, NULL, NULL, '562', '', '', '56', '', '', '262', '', '', 'no', '', NULL, 0, 1, 0, '2018-11-14', NULL, 1, 'youth_group_registration_form'),
(98, 'Naji', 'Noor Naji', 'Noor Naji', '', '', '10', '', '', '', 'Kindergarten', '', '', '', '0000-00-00 00:00:00', '2018-11-19 00:12:30', '22noor22noor@gmail.com', 'Po Box 795', '6263243521', 'farah Daher', '6263243521', 'emad masadeh', '6264287374', 'yes', '', '', '', '', '', 'Noor Naji', '', '', '6263243521', '', '', 'Mother', '', '', 'no', '', '0', 1, 1, 0, NULL, NULL, 1, 'summer_camp_form'),
(97, '', 'laith', NULL, NULL, NULL, '5', NULL, NULL, NULL, NULL, NULL, NULL, NULL, '0000-00-00 00:00:00', '2018-11-19 00:12:14', 'jalmajzoub@yahoo.com', '20911 E. Via Verde St.', '6264287374', 'farah Daher', '6263243521', 'emad masadeh', '6264287374', NULL, NULL, NULL, NULL, NULL, NULL, 'Noor Naji', '', '', '6263243521', '', '', 'test', '', '', 'no', '', NULL, 0, 1, 0, '2018-12-01', NULL, 1, 'youth_group_registration_form'),
(95, 'Naji', 'Noor 0 begginers 2', 'Batol  10 Beginers 1', '  ', '  ', NULL, NULL, NULL, NULL, NULL, NULL, NULL, NULL, '0000-00-00 00:00:00', '2018-11-19 00:11:06', '22noor22noor@gmail.com', NULL, NULL, '', '0', '', '0', NULL, NULL, NULL, NULL, NULL, NULL, 'Jidh Al-Majzoub', '', '', '6264287374', '', '', 'Mother', '', '', 'no', '', NULL, 0, 0, 0, NULL, NULL, 1, 'arabic_reading_club'),
(96, 'Al-Majzoub', 'Jidh', 'Jidh Al-Majzoub', '', '', '8', '', '', '', '4th', '', '', '', '0000-00-00 00:00:00', '2018-11-19 00:11:03', '22noor22noor@gmail.com', NULL, NULL, '', '6263243521', '', '6264287374', NULL, NULL, NULL, NULL, NULL, NULL, 'Noor Naji', '', '', '6263243521', '', '', 'test', '', '', 'no', '', NULL, 0, 0, 0, NULL, NULL, 1, 'arabic_reading_club'),
(93, 'Hamdan', 'Jad', '', '', '', '5', '', '', '', 'Kindergarten', '', '', '', '0000-00-00 00:00:00', '2018-11-19 00:09:59', 'hamdanuf@yahoo.com', '19 Lucero E. Irvine, CA 92620', '9499237216', 'Shirin Hamdan', '949-419-5189', 'Basel Hamdan', '949-923-7216', 'yes', 'Pre 1', 'None', '', '', '', 'Firas Afani', 'Nisreen el Khatib', '', '949-500-9322', 'n/a', '', 'Friend', 'Friend', '', 'no', '', '1', 1, 1, 0, NULL, NULL, 1, 'registration_form'),
(94, 'Hamdan', 'Jad', '', '', '', '5', '', '', '', 'Kindergarten', '', '', '', '0000-00-00 00:00:00', '2018-11-19 00:09:51', 'hamdanuf@yahoo.com', '19 Lucero E. Irvine, CA 92620', '9499237216', 'Shirin Hamdan', '949-419-5189', 'Basel Hamdan', '949-923-7216', 'yes', 'Pre 1', 'None', '', '', '', 'Firas Afani', 'Nisreen el Khatib', '', '949-500-9322', 'n/a', '', 'Friend', 'Friend', '', 'no', '', '1', 1, 1, 0, NULL, NULL, 1, 'registration_form'),
(105, 'Hallaq', 'Kinan', '', '', '', '10', '', '', '', '5', '', '', '', '0000-00-00 00:00:00', '2019-01-05 18:59:19', 'ghassanhallaq@hotmail.com', '1227 Pendio,Irvine,CA 92620', '', 'Mayada', '504 435 0134', 'Ghassan', '949 522 1145', 'no', '', '', '', '', '', 'Ghassan', 'Abe Hallaq', 'Mayada', '949 522 1145', '949 656 9627', '504 453 0134', 'Dad', 'Brother', 'Mom', 'no', 'no', '1', 1, 1, 0, NULL, NULL, 1, 'registration_form'),
(106, 'Googlemgoono', 'Googlemgoono', 'Googlemgoono', 'Googlemgoono', 'Googlemgoono', '', '', '', '', '', '', '', '', '2019-01-05 08:52:02', '2019-01-05 18:59:59', 'jackyjons888@gmail.com', 'Bijeljina', '84392479866', 'Googlemgoono', '89943435772', 'Googlemgoono', '84656212324', 'no', '3', '', '', '', '', 'Googlemgoono', 'Googlemgoono', 'Googlemgoono', '88617985262', '88778768681', '81978347211', '', '', '', 'yes', '', '1', 1, 0, 1, '0000-00-00', '12', 1, 'registration_form'),
(107, 'BYMNABBALM', 'BYMNABBALM', 'BYMNABBALM', 'BYMNABBALM', 'BYMNABBALM', '', '', '', '', '', '', '', '', '2019-01-05 18:36:28', '2019-01-05 18:59:51', 'vengreener@yandex.com', 'Saint-Petersburg', '88878434816', 'BYMNABBALM', '84341261978', 'BYMNABBALM', '84121949993', 'no', '4', '', '', '', '', 'BYMNABBALM', 'BYMNABBALM', 'BYMNABBALM', '85463827122', '84374956483', '85112284855', '', '', '', 'yes', '', '1', 1, 0, 1, '0000-00-00', '9', 1, 'registration_form'),
(108, 'Albarrishi', 'Abdullah', 'Lina', '', '', '8', '6', '', '', '3', '1', '', '', '0000-00-00 00:00:00', '2019-01-05 19:09:19', 'bsbarrishi@hotmail.com', '4365 Casa Grande Cir. #314', '7147570848', 'Nada', '7147591497', 'Bashar', '7147570848', 'no', '', '', '', '', '', 'Bashar al-Barrishi', 'Nada Khalawi', '', '7147570848', '', '', 'Father', 'Mother', '', 'no', '', '1', 1, 0, 0, NULL, NULL, 1, 'registration_form'),
(109, 'Barnia', 'Taim', 'Joud', '', '', '8', '5', '', '', '3rd', 'Kindergarten ', '', '', '0000-00-00 00:00:00', '0000-00-00 00:00:00', 'taimjoud@yahoo.com', '19101 Ansel Irvine CA 92618', '9492410464', 'Alaa al tabbaa', '9492410464', 'Hazem Barnia ', '9495021235', 'no', '', '', '', '', '', 'Maysan saad el din', '', '', '1 (714) 728-7118', '', '', 'Friend', '', '', 'no', '', '1', 1, 1, 0, NULL, NULL, 0, 'registration_form'),
(110, 'BYMNABBALM', 'BYMNABBALM', 'BYMNABBALM', 'BYMNABBALM', 'BYMNABBALM', '', '', '', '', '', '', '', '', '2019-01-06 07:50:24', '2019-01-06 07:50:24', 'dingolers@yandex.com', 'Saint-Petersburg', '84956982796', 'BYMNABBALM', '83892212491', 'BYMNABBALM', '89647945712', 'no', '6', '', '', '', '', 'BYMNABBALM', 'BYMNABBALM', 'BYMNABBALM', '87916876466', '84795916443', '83554251984', '', '', '', 'yes', '', '1', 1, 0, 1, '0000-00-00', '16', 0, 'registration_form'),
(111, 'BYMNABBALM', 'BYMNABBALM', 'BYMNABBALM', 'BYMNABBALM', 'BYMNABBALM', '', '', '', '', '', '', '', '', '2019-01-06 23:38:28', '2019-01-06 23:38:28', 'wil.doker@yandex.com', 'Saint-Petersburg', '87172179425', 'BYMNABBALM', '82592467933', 'BYMNABBALM', '81584692334', 'no', '8', '', '', '', '', 'BYMNABBALM', 'BYMNABBALM', 'BYMNABBALM', '87166916441', '82332911598', '88168949433', '', '', '', 'yes', '', '1', 1, 0, 1, '0000-00-00', '8', 0, 'registration_form'),
(112, 'BYMNABBALM', 'BYMNABBALM', 'BYMNABBALM', 'BYMNABBALM', 'BYMNABBALM', '', '', '', '', '', '', '', '', '2019-01-08 00:48:46', '2019-01-08 00:48:46', 'kimdoker@yandex.com', 'Saint-Petersburg', '84428859392', 'BYMNABBALM', '86139817737', 'BYMNABBALM', '88188375577', 'no', '7', '', '', '', '', 'BYMNABBALM', 'BYMNABBALM', 'BYMNABBALM', '84495747474', '89622674891', '86568396394', '', '', '', 'yes', '', '1', 1, 0, 1, '0000-00-00', '13', 0, 'registration_form'),
(113, 'BYMNABBALM', 'BYMNABBALM', 'BYMNABBALM', 'BYMNABBALM', 'BYMNABBALM', '', '', '', '', '', '', '', '', '2019-01-08 08:54:06', '2019-01-08 08:54:06', 'kimdoker@yandex.com', 'Saint-Petersburg', '84465313752', 'BYMNABBALM', '81955141728', 'BYMNABBALM', '83814669745', 'no', '2', '', '', '', '', 'BYMNABBALM', 'BYMNABBALM', 'BYMNABBALM', '82226297121', '89491121924', '83563839716', '', '', '', 'yes', '', '1', 1, 0, 1, '0000-00-00', '23', 0, 'registration_form'),
(114, 'BYMNABBALM', 'BYMNABBALM', 'BYMNABBALM', 'BYMNABBALM', 'BYMNABBALM', '', '', '', '', '', '', '', '', '2019-01-09 03:23:00', '2019-01-09 03:23:00', 'wilrimov@yandex.com', 'Saint-Petersburg', '82333663868', 'BYMNABBALM', '83817951789', 'BYMNABBALM', '85853655471', 'no', '1', '', '', '', '', 'BYMNABBALM', 'BYMNABBALM', 'BYMNABBALM', '87461315515', '87251769976', '85347963922', '', '', '', 'yes', '', '1', 1, 0, 1, '0000-00-00', '3', 0, 'registration_form'),
(115, 'BYMNABBALM', 'BYMNABBALM', 'BYMNABBALM', 'BYMNABBALM', 'BYMNABBALM', '', '', '', '', '', '', '', '', '2019-01-10 02:00:17', '2019-01-10 02:00:17', 'sid.golers@yandex.com', 'Saint-Petersburg', '82833115293', 'BYMNABBALM', '85136589144', 'BYMNABBALM', '89762334543', 'no', '9', '', '', '', '', 'BYMNABBALM', 'BYMNABBALM', 'BYMNABBALM', '88715282543', '83999514913', '85353569146', '', '', '', 'yes', '', '1', 1, 0, 1, '0000-00-00', '12', 0, 'registration_form'),
(116, 'BYMNABBALM', 'BYMNABBALM', 'BYMNABBALM', 'BYMNABBALM', 'BYMNABBALM', '', '', '', '', '', '', '', '', '2019-01-10 23:40:44', '2019-01-10 23:40:44', 'venvaler@yandex.com', 'Saint-Petersburg', '81241867262', 'BYMNABBALM', '84791594712', 'BYMNABBALM', '83225111325', 'no', '1', '', '', '', '', 'BYMNABBALM', 'BYMNABBALM', 'BYMNABBALM', '82871817477', '81149824136', '87418527141', '', '', '', 'yes', '', '1', 1, 0, 1, '0000-00-00', '13', 0, 'registration_form');

-- --------------------------------------------------------

--
-- Table structure for table `grades`
--

DROP TABLE IF EXISTS `grades`;
CREATE TABLE IF NOT EXISTS `grades` (
  `id` int(11) NOT NULL AUTO_INCREMENT,
  `grade_name` varchar(255) NOT NULL,
  `stage_id` int(11) NOT NULL,
  `next_grade_name` varchar(255) NOT NULL,
  `report_card_name` enum('p1_report_card','kg_pre2_report_card','elem_report_card','no_report_card') NOT NULL DEFAULT 'no_report_card',
  `grade_type` varchar(45) NOT NULL DEFAULT 'saturday_school',
  `created_at` datetime NOT NULL,
  `updated_at` datetime NOT NULL,
  PRIMARY KEY (`id`)
) ENGINE=MyISAM AUTO_INCREMENT=45 DEFAULT CHARSET=utf8;

--
-- Dumping data for table `grades`
--

INSERT INTO `grades` (`id`, `grade_name`, `stage_id`, `next_grade_name`, `report_card_name`, `grade_type`, `created_at`, `updated_at`) VALUES
(23, 'Kindergarten ', 1, '40', 'kg_pre2_report_card', 'saturday_school', '2018-06-03 08:20:10', '2018-10-01 14:39:28'),
(24, 'Preschool 2 ', 1, '23', 'kg_pre2_report_card', 'saturday_school', '2018-06-03 08:21:11', '2018-10-01 14:39:37'),
(25, 'Preschool 1', 1, '24', 'p1_report_card', 'saturday_school', '2018-06-03 08:22:36', '2018-10-01 14:39:32'),
(26, 'Sixth', 2, '0', 'elem_report_card', 'saturday_school', '2018-06-03 08:23:15', '2018-10-01 14:39:51'),
(27, 'Fifth ', 2, '26', 'elem_report_card', 'saturday_school', '2018-06-03 08:23:50', '2018-10-01 14:39:10'),
(28, 'Fourth ', 2, '27', 'elem_report_card', 'saturday_school', '2018-06-03 08:24:13', '2018-10-01 14:39:22'),
(29, 'Third ', 2, '28', 'elem_report_card', 'saturday_school', '2018-06-03 08:39:55', '2018-10-01 14:39:55'),
(36, 'Youth Group', 3, '0', 'no_report_card', 'youth_group', '2018-06-06 07:18:25', '2018-10-23 10:51:06'),
(35, 'Book Club', 3, '0', 'no_report_card', 'book_club', '2018-06-06 07:17:38', '2018-10-23 10:50:56'),
(40, 'First', 2, '41', 'elem_report_card', 'saturday_school', '2018-08-26 18:14:48', '2018-10-01 14:39:17'),
(41, 'Second', 2, '29', 'elem_report_card', 'saturday_school', '2018-08-26 19:15:13', '2018-10-01 14:39:41'),
(42, 'Beginners 1', 2, '40', 'elem_report_card', 'saturday_school', '2018-08-26 21:07:59', '2018-10-01 14:38:49'),
(43, 'Beginners 2', 2, '40', 'elem_report_card', 'saturday_school', '2018-08-26 21:08:12', '2018-10-01 14:38:57');

-- --------------------------------------------------------

--
-- Table structure for table `groups`
--

DROP TABLE IF EXISTS `groups`;
CREATE TABLE IF NOT EXISTS `groups` (
  `id` int(11) NOT NULL AUTO_INCREMENT,
  `group_name` varchar(50) NOT NULL,
  `description` varchar(100) NOT NULL,
  `created_at` datetime NOT NULL,
  `updated_at` datetime NOT NULL,
  `deleted` tinyint(4) NOT NULL,
  PRIMARY KEY (`id`),
  UNIQUE KEY `id_UNIQUE` (`id`)
) ENGINE=InnoDB AUTO_INCREMENT=8 DEFAULT CHARSET=utf8;

--
-- Dumping data for table `groups`
--

INSERT INTO `groups` (`id`, `group_name`, `description`, `created_at`, `updated_at`, `deleted`) VALUES
(1, 'test', 'for test', '2018-05-02 00:00:00', '0000-00-00 00:00:00', 0),
(6, 'admin', 'Administrator', '2018-05-02 00:00:00', '2018-05-17 00:00:00', 0),
(7, 'members', 'General User', '2018-05-02 00:00:00', '2018-05-11 00:00:00', 0);

-- --------------------------------------------------------

--
-- Table structure for table `groups_previlages`
--

DROP TABLE IF EXISTS `groups_previlages`;
CREATE TABLE IF NOT EXISTS `groups_previlages` (
  `id` int(11) NOT NULL AUTO_INCREMENT,
  `created_at` datetime NOT NULL,
  `updated_at` datetime NOT NULL,
  `previlage_id` int(11) NOT NULL,
  `group_id` int(11) NOT NULL,
  PRIMARY KEY (`id`),
  KEY `fk_group_previlage_previlage1_idx` (`previlage_id`),
  KEY `fk_group_previlage_group1_idx` (`group_id`)
) ENGINE=InnoDB DEFAULT CHARSET=utf8;

-- --------------------------------------------------------

--
-- Table structure for table `halls`
--

DROP TABLE IF EXISTS `halls`;
CREATE TABLE IF NOT EXISTS `halls` (
  `id` int(11) NOT NULL AUTO_INCREMENT,
  `hall_name` varchar(255) NOT NULL,
  `hall_status` enum('empty','reserved') NOT NULL DEFAULT 'empty',
  `created_at` datetime NOT NULL,
  `updated_at` datetime NOT NULL,
  PRIMARY KEY (`id`)
) ENGINE=MyISAM AUTO_INCREMENT=5 DEFAULT CHARSET=utf8;

--
-- Dumping data for table `halls`
--

INSERT INTO `halls` (`id`, `hall_name`, `hall_status`, `created_at`, `updated_at`) VALUES
(1, 'الأولى', 'reserved', '2018-05-27 08:28:55', '2019-01-26 01:09:59'),
(4, 'الثانية', 'empty', '2018-07-05 08:47:21', '2018-07-05 08:47:21');

-- --------------------------------------------------------

--
-- Table structure for table `homeworks`
--

DROP TABLE IF EXISTS `homeworks`;
CREATE TABLE IF NOT EXISTS `homeworks` (
  `id` int(11) NOT NULL AUTO_INCREMENT,
  `room_teacher_id` int(11) NOT NULL,
  `title` text NOT NULL,
  `text` text NOT NULL,
  `attach` varchar(255) DEFAULT NULL,
  `deadline` date NOT NULL,
  `created_at` datetime NOT NULL,
  `updated_at` datetime NOT NULL,
  PRIMARY KEY (`id`),
  KEY `room_teacher_id` (`room_teacher_id`)
) ENGINE=InnoDB AUTO_INCREMENT=2 DEFAULT CHARSET=utf8;

--
-- Dumping data for table `homeworks`
--

INSERT INTO `homeworks` (`id`, `room_teacher_id`, `title`, `text`, `attach`, `deadline`, `created_at`, `updated_at`) VALUES
(1, 34, 'x', 'x', NULL, '2019-01-06', '2019-01-19 01:20:43', '2019-01-19 01:20:43');

-- --------------------------------------------------------

--
-- Table structure for table `honored_orders`
--

DROP TABLE IF EXISTS `honored_orders`;
CREATE TABLE IF NOT EXISTS `honored_orders` (
  `id` int(11) NOT NULL AUTO_INCREMENT,
  `teacher_id` int(11) NOT NULL,
  `order_title` varchar(255) NOT NULL,
  `stage_id` int(11) NOT NULL,
  `order_status` enum('pending','reservation_done','honored_done') NOT NULL,
  `honored_done` tinyint(1) NOT NULL DEFAULT '0',
  `honored_date` date DEFAULT NULL,
  `honored_reason` text NOT NULL,
  `created_at` datetime NOT NULL,
  `updated_at` datetime NOT NULL,
  PRIMARY KEY (`id`)
) ENGINE=MyISAM AUTO_INCREMENT=48 DEFAULT CHARSET=utf8;

--
-- Dumping data for table `honored_orders`
--

INSERT INTO `honored_orders` (`id`, `teacher_id`, `order_title`, `stage_id`, `order_status`, `honored_done`, `honored_date`, `honored_reason`, `created_at`, `updated_at`) VALUES
(19, 11, 'Honored request ', 1, 'reservation_done', 0, NULL, 'Complete surah Fatiha', '2018-07-19 13:30:10', '2018-07-19 13:30:10'),
(20, 11, 'Quran Stars', 2, 'reservation_done', 0, NULL, 'Surah Alkjfnrjk', '2018-08-26 18:37:23', '2018-08-26 18:37:23'),
(24, 19, 'Quran Stars', 2, 'reservation_done', 0, NULL, 'Surah Kawthar', '2018-09-03 02:17:37', '2018-09-03 02:17:37'),
(23, 29, 'Quran Stars', 2, 'reservation_done', 0, NULL, 'Surah Falaq', '2018-09-01 05:52:26', '2018-09-01 05:52:26'),
(27, 23, 'Surah Altareq', 2, 'honored_done', 2, '2018-11-03', 'Surah Altareq', '2018-10-27 12:42:29', '2018-11-04 17:23:05'),
(26, 25, 'Pre-School 2', 1, 'honored_done', 2, '2018-10-20', 'Surah Al-Asr', '2018-10-20 11:10:10', '2018-10-30 17:45:31'),
(28, 27, 'Surah AlQariah', 1, 'honored_done', 2, '2018-11-17', 'Surah AlQariah', '2018-11-03 13:46:53', '2018-11-14 12:08:21'),
(29, 41, 'Surah Al-Adiyat', 2, 'honored_done', 2, '2018-11-17', 'Jodi Islam Mohamed\r\nKareem Akil\r\nKareem Mansour\r\nSireen Taha\r\nYousef Jazaeri\r\nAmjad Taha', '2018-11-04 13:38:43', '2018-11-25 13:51:49'),
(30, 28, 'Quran stars', 1, 'honored_done', 2, '2018-11-10', 'Surah Al-fatiha', '2018-11-05 19:23:04', '2018-11-14 12:08:27'),
(31, 31, 'Quran starts', 2, 'honored_done', 2, '2018-11-17', 'Surah Al-Adiyat', '2018-11-11 17:44:44', '2018-11-25 13:51:43'),
(32, 25, 'Surat Quraysh', 1, 'honored_done', 2, '2018-12-01', 'Awards', '2018-11-27 20:16:18', '2018-12-08 13:34:36'),
(33, 25, 'Surat Al-Asr', 1, 'honored_done', 2, '2018-12-01', 'Awards', '2018-11-27 20:35:19', '2018-12-08 13:34:26'),
(34, 28, 'Quran Star', 1, 'honored_done', 2, '2018-12-08', 'Surat Al-Ikhlas', '2018-12-03 23:00:44', '2018-12-08 13:34:32'),
(35, 27, 'Suret Al qader', 1, 'honored_done', 2, '2018-12-15', '2018-12-15', '2018-12-08 11:49:55', '2018-12-16 13:22:02'),
(42, 33, 'Third Grade', 2, 'honored_done', 2, '2018-12-22', 'Quran Stars', '2018-12-20 12:23:38', '2018-12-25 21:52:47'),
(37, 16, 'Surah Alinsheqaq', 2, 'honored_done', 2, '2018-12-15', 'Surah Alinsheqaq', '2018-12-14 23:25:38', '2018-12-25 21:51:36'),
(38, 25, 'Surah Al-Alaq', 2, 'honored_done', 2, '2018-12-22', 'Surah Al-Alaq', '2018-12-16 13:27:18', '2018-12-25 21:51:43'),
(39, 23, 'Al balad', 2, 'honored_done', 2, '2018-12-22', 'Quraan stars', '2018-12-17 21:51:59', '2018-12-25 21:51:48'),
(40, 27, 'suret AL-Qader', 1, 'honored_done', 2, '2018-12-15', '2018- 12 - 15', '2018-12-18 17:31:47', '2018-12-25 21:52:11'),
(45, 31, 'Quran starts ', 2, 'reservation_done', 0, '2019-01-05', 'Surat Aduha', '2018-12-31 15:29:55', '2018-12-31 15:29:55');

-- --------------------------------------------------------

--
-- Table structure for table `honored_students`
--

DROP TABLE IF EXISTS `honored_students`;
CREATE TABLE IF NOT EXISTS `honored_students` (
  `id` int(11) NOT NULL AUTO_INCREMENT,
  `honored_order_id` int(11) NOT NULL,
  `student_record_id` int(11) NOT NULL,
  `honored_date` date NOT NULL,
  `honored_reason` text NOT NULL,
  `created_at` datetime NOT NULL,
  `updated_at` datetime NOT NULL,
  PRIMARY KEY (`id`)
) ENGINE=MyISAM AUTO_INCREMENT=159 DEFAULT CHARSET=utf8;

--
-- Dumping data for table `honored_students`
--

INSERT INTO `honored_students` (`id`, `honored_order_id`, `student_record_id`, `honored_date`, `honored_reason`, `created_at`, `updated_at`) VALUES
(9, 18, 56, '0000-00-00', '', '2018-06-21 11:25:46', '2018-06-21 11:25:46'),
(10, 19, 71, '0000-00-00', '', '2018-07-19 13:30:21', '2018-07-19 13:30:21'),
(11, 19, 83, '0000-00-00', '', '2018-08-19 13:35:21', '2018-08-19 13:35:21'),
(12, 20, 56, '0000-00-00', '', '2018-08-26 18:37:51', '2018-08-26 18:37:51'),
(13, 20, 64, '0000-00-00', '', '2018-08-26 18:37:58', '2018-08-26 18:37:58'),
(14, 23, 94, '0000-00-00', '', '2018-09-01 05:53:21', '2018-09-01 05:53:21'),
(15, 26, 109, '0000-00-00', '', '2018-10-20 18:10:34', '2018-10-20 18:10:34'),
(16, 26, 123, '0000-00-00', '', '2018-10-20 18:10:39', '2018-10-20 18:10:39'),
(19, 26, 164, '0000-00-00', '', '2018-10-20 18:11:24', '2018-10-20 18:11:24'),
(20, 26, 171, '0000-00-00', '', '2018-10-20 18:11:35', '2018-10-20 18:11:35'),
(21, 26, 173, '0000-00-00', '', '2018-10-20 18:11:49', '2018-10-20 18:11:49'),
(22, 26, 178, '0000-00-00', '', '2018-10-20 18:11:56', '2018-10-20 18:11:56'),
(23, 26, 180, '0000-00-00', '', '2018-10-20 18:12:02', '2018-10-20 18:12:02'),
(24, 26, 207, '0000-00-00', '', '2018-10-20 18:12:11', '2018-10-20 18:12:11'),
(25, 26, 225, '0000-00-00', '', '2018-10-20 18:12:25', '2018-10-20 18:12:25'),
(26, 26, 245, '0000-00-00', '', '2018-10-20 18:12:49', '2018-10-20 18:12:49'),
(27, 26, 226, '0000-00-00', '', '2018-10-26 22:47:22', '2018-10-26 22:47:22'),
(28, 27, 95, '0000-00-00', '', '2018-10-27 19:42:46', '2018-10-27 19:42:46'),
(30, 27, 138, '0000-00-00', '', '2018-10-27 19:45:49', '2018-10-27 19:45:49'),
(34, 27, 258, '0000-00-00', '', '2018-11-01 06:13:44', '2018-11-01 06:13:44'),
(32, 27, 360, '0000-00-00', '', '2018-10-27 19:47:06', '2018-10-27 19:47:06'),
(33, 27, 301, '0000-00-00', '', '2018-10-27 19:47:32', '2018-10-27 19:47:32'),
(36, 28, 108, '0000-00-00', '', '2018-11-03 20:47:58', '2018-11-03 20:47:58'),
(37, 30, 244, '0000-00-00', '', '2018-11-06 03:24:53', '2018-11-06 03:24:53'),
(38, 30, 374, '0000-00-00', '', '2018-11-06 03:25:19', '2018-11-06 03:25:19'),
(39, 30, 302, '0000-00-00', '', '2018-11-06 03:25:48', '2018-11-06 03:25:48'),
(40, 30, 270, '0000-00-00', '', '2018-11-06 03:26:32', '2018-11-06 03:26:32'),
(41, 30, 272, '0000-00-00', '', '2018-11-06 03:26:53', '2018-11-06 03:26:53'),
(42, 30, 271, '0000-00-00', '', '2018-11-06 03:27:09', '2018-11-06 03:27:09'),
(43, 30, 246, '0000-00-00', '', '2018-11-06 03:27:27', '2018-11-06 03:27:27'),
(44, 28, 132, '0000-00-00', '', '2018-11-06 23:06:21', '2018-11-06 23:06:21'),
(45, 28, 114, '0000-00-00', '', '2018-11-06 23:06:29', '2018-11-06 23:06:29'),
(46, 28, 127, '0000-00-00', '', '2018-11-06 23:06:43', '2018-11-06 23:06:43'),
(47, 28, 253, '0000-00-00', '', '2018-11-06 23:06:52', '2018-11-06 23:06:52'),
(48, 28, 243, '0000-00-00', '', '2018-11-06 23:07:02', '2018-11-06 23:07:02'),
(49, 28, 137, '0000-00-00', '', '2018-11-06 23:07:10', '2018-11-06 23:07:10'),
(50, 28, 289, '0000-00-00', '', '2018-11-06 23:07:19', '2018-11-06 23:07:19'),
(51, 28, 290, '0000-00-00', '', '2018-11-06 23:07:28', '2018-11-06 23:07:28'),
(52, 28, 292, '0000-00-00', '', '2018-11-06 23:07:38', '2018-11-06 23:07:38'),
(53, 28, 148, '0000-00-00', '', '2018-11-06 23:07:47', '2018-11-06 23:07:47'),
(54, 28, 304, '0000-00-00', '', '2018-11-06 23:07:58', '2018-11-06 23:07:58'),
(55, 31, 140, '0000-00-00', '', '2018-11-12 01:49:11', '2018-11-12 01:49:11'),
(158, 31, 120, '0000-00-00', '', '2018-12-31 03:10:53', '2018-12-31 03:10:53'),
(58, 31, 122, '0000-00-00', '', '2018-11-12 01:50:56', '2018-11-12 01:50:56'),
(59, 31, 135, '0000-00-00', '', '2018-11-12 01:51:08', '2018-11-12 01:51:08'),
(60, 31, 136, '0000-00-00', '', '2018-11-12 01:51:23', '2018-11-12 01:51:23'),
(61, 31, 325, '0000-00-00', '', '2018-11-12 01:52:01', '2018-11-12 01:52:01'),
(63, 31, 305, '0000-00-00', '', '2018-11-12 04:27:04', '2018-11-12 04:27:04'),
(64, 31, 299, '0000-00-00', '', '2018-11-12 04:27:17', '2018-11-12 04:27:17'),
(65, 31, 366, '0000-00-00', '', '2018-11-12 04:27:58', '2018-11-12 04:27:58'),
(66, 31, 115, '0000-00-00', '', '2018-11-12 05:57:29', '2018-11-12 05:57:29'),
(67, 32, 109, '0000-00-00', '', '2018-11-28 04:17:15', '2018-11-28 04:17:15'),
(68, 32, 123, '0000-00-00', '', '2018-11-28 04:17:36', '2018-11-28 04:17:36'),
(69, 32, 141, '0000-00-00', '', '2018-11-28 04:18:08', '2018-11-28 04:18:08'),
(70, 32, 154, '0000-00-00', '', '2018-11-28 04:18:50', '2018-11-28 04:18:50'),
(71, 32, 208, '0000-00-00', '', '2018-11-28 04:19:05', '2018-11-28 04:19:05'),
(72, 32, 164, '0000-00-00', '', '2018-11-28 04:19:20', '2018-11-28 04:19:20'),
(73, 32, 171, '0000-00-00', '', '2018-11-28 04:19:58', '2018-11-28 04:19:58'),
(74, 32, 173, '0000-00-00', '', '2018-11-28 04:20:52', '2018-11-28 04:20:52'),
(75, 32, 178, '0000-00-00', '', '2018-11-28 04:21:11', '2018-11-28 04:21:11'),
(76, 32, 180, '0000-00-00', '', '2018-11-28 04:21:26', '2018-11-28 04:21:26'),
(77, 32, 368, '0000-00-00', '', '2018-11-28 04:21:45', '2018-11-28 04:21:45'),
(78, 32, 207, '0000-00-00', '', '2018-11-28 04:23:41', '2018-11-28 04:23:41'),
(79, 32, 220, '0000-00-00', '', '2018-11-28 04:24:11', '2018-11-28 04:24:11'),
(80, 32, 225, '0000-00-00', '', '2018-11-28 04:24:59', '2018-11-28 04:24:59'),
(81, 32, 362, '0000-00-00', '', '2018-11-28 04:25:25', '2018-11-28 04:25:25'),
(82, 32, 245, '0000-00-00', '', '2018-11-28 04:25:50', '2018-11-28 04:25:50'),
(83, 32, 226, '0000-00-00', '', '2018-11-28 04:26:18', '2018-11-28 04:26:18'),
(84, 32, 226, '0000-00-00', '', '2018-11-28 04:26:22', '2018-11-28 04:26:22'),
(85, 33, 208, '0000-00-00', '', '2018-11-28 04:36:38', '2018-11-28 04:36:38'),
(86, 34, 374, '0000-00-00', '', '2018-12-04 07:02:43', '2018-12-04 07:02:43'),
(87, 34, 302, '0000-00-00', '', '2018-12-04 07:03:26', '2018-12-04 07:03:26'),
(88, 34, 270, '0000-00-00', '', '2018-12-04 07:04:07', '2018-12-04 07:04:07'),
(89, 34, 271, '0000-00-00', '', '2018-12-04 07:04:25', '2018-12-04 07:04:25'),
(90, 34, 232, '0000-00-00', '', '2018-12-04 07:04:42', '2018-12-04 07:04:42'),
(91, 34, 246, '0000-00-00', '', '2018-12-04 07:05:10', '2018-12-04 07:05:10'),
(92, 34, 297, '0000-00-00', '', '2018-12-04 07:05:25', '2018-12-04 07:05:25'),
(93, 34, 321, '0000-00-00', '', '2018-12-04 07:05:45', '2018-12-04 07:05:45'),
(94, 34, 272, '0000-00-00', '', '2018-12-05 06:00:35', '2018-12-05 06:00:35'),
(95, 35, 132, '0000-00-00', '', '2018-12-08 19:51:14', '2018-12-08 19:51:14'),
(96, 35, 114, '0000-00-00', '', '2018-12-08 19:52:06', '2018-12-08 19:52:06'),
(97, 35, 293, '0000-00-00', '', '2018-12-08 19:52:30', '2018-12-08 19:52:30'),
(98, 35, 294, '0000-00-00', '', '2018-12-08 19:56:19', '2018-12-08 19:56:19'),
(99, 35, 243, '0000-00-00', '', '2018-12-08 19:56:55', '2018-12-08 19:56:55'),
(100, 35, 290, '0000-00-00', '', '2018-12-08 19:57:20', '2018-12-08 19:57:20'),
(101, 35, 148, '0000-00-00', '', '2018-12-08 19:58:03', '2018-12-08 19:58:03'),
(102, 35, 292, '0000-00-00', '', '2018-12-08 19:58:26', '2018-12-08 19:58:26'),
(103, 35, 304, '0000-00-00', '', '2018-12-08 19:58:54', '2018-12-08 19:58:54'),
(104, 35, 317, '0000-00-00', '', '2018-12-08 19:59:18', '2018-12-08 19:59:18'),
(105, 35, 320, '0000-00-00', '', '2018-12-08 19:59:47', '2018-12-08 19:59:47'),
(106, 35, 373, '0000-00-00', '', '2018-12-08 20:00:12', '2018-12-08 20:00:12'),
(107, 36, 91, '0000-00-00', '', '2018-12-08 21:02:37', '2018-12-08 21:02:37'),
(108, 37, 93, '0000-00-00', '', '2018-12-15 07:28:29', '2018-12-15 07:28:29'),
(109, 37, 107, '0000-00-00', '', '2018-12-15 07:28:44', '2018-12-15 07:28:44'),
(110, 37, 116, '0000-00-00', '', '2018-12-15 07:28:55', '2018-12-15 07:28:55'),
(111, 37, 128, '0000-00-00', '', '2018-12-15 07:29:09', '2018-12-15 07:29:09'),
(112, 37, 161, '0000-00-00', '', '2018-12-15 07:29:24', '2018-12-15 07:29:24'),
(113, 37, 357, '0000-00-00', '', '2018-12-15 07:29:38', '2018-12-15 07:29:38'),
(114, 37, 167, '0000-00-00', '', '2018-12-15 07:29:53', '2018-12-15 07:29:53'),
(115, 37, 281, '0000-00-00', '', '2018-12-15 07:30:25', '2018-12-15 07:30:25'),
(116, 37, 355, '0000-00-00', '', '2018-12-15 07:30:55', '2018-12-15 07:30:55'),
(117, 37, 358, '0000-00-00', '', '2018-12-15 07:31:20', '2018-12-15 07:31:20'),
(118, 37, 380, '0000-00-00', '', '2018-12-15 07:31:40', '2018-12-15 07:31:40'),
(119, 38, 307, '0000-00-00', '', '2018-12-16 21:27:30', '2018-12-16 21:27:30'),
(120, 38, 256, '0000-00-00', '', '2018-12-16 21:27:37', '2018-12-16 21:27:37'),
(121, 38, 402, '0000-00-00', '', '2018-12-16 21:27:46', '2018-12-16 21:27:46'),
(122, 38, 303, '0000-00-00', '', '2018-12-16 21:27:52', '2018-12-16 21:27:52'),
(123, 38, 257, '0000-00-00', '', '2018-12-16 21:27:59', '2018-12-16 21:27:59'),
(124, 38, 275, '0000-00-00', '', '2018-12-16 21:28:05', '2018-12-16 21:28:05'),
(125, 39, 105, '0000-00-00', '', '2018-12-18 05:53:15', '2018-12-18 05:53:15'),
(126, 39, 101, '0000-00-00', '', '2018-12-18 05:53:30', '2018-12-18 05:53:30'),
(127, 39, 360, '0000-00-00', '', '2018-12-18 05:53:59', '2018-12-18 05:53:59'),
(128, 39, 258, '0000-00-00', '', '2018-12-18 05:54:17', '2018-12-18 05:54:17'),
(129, 39, 301, '0000-00-00', '', '2018-12-18 05:54:39', '2018-12-18 05:54:39'),
(130, 39, 280, '0000-00-00', '', '2018-12-18 05:54:54', '2018-12-18 05:54:54'),
(131, 39, 103, '0000-00-00', '', '2018-12-18 05:55:11', '2018-12-18 05:55:11'),
(132, 39, 354, '0000-00-00', '', '2018-12-18 05:55:37', '2018-12-18 05:55:37'),
(133, 40, 137, '0000-00-00', '', '2018-12-19 01:33:09', '2018-12-19 01:33:09'),
(134, 40, 378, '0000-00-00', '', '2018-12-19 01:33:30', '2018-12-19 01:33:30'),
(135, 42, 91, '0000-00-00', '', '2018-12-20 20:23:51', '2018-12-20 20:23:51'),
(136, 42, 96, '0000-00-00', '', '2018-12-20 20:24:09', '2018-12-20 20:24:09'),
(137, 42, 97, '0000-00-00', '', '2018-12-20 20:24:22', '2018-12-20 20:24:22'),
(138, 42, 162, '0000-00-00', '', '2018-12-20 20:25:13', '2018-12-20 20:25:13'),
(139, 42, 146, '0000-00-00', '', '2018-12-20 20:25:50', '2018-12-20 20:25:50'),
(140, 42, 126, '0000-00-00', '', '2018-12-20 20:26:05', '2018-12-20 20:26:05'),
(141, 42, 147, '0000-00-00', '', '2018-12-20 20:26:28', '2018-12-20 20:26:28'),
(142, 43, 143, '0000-00-00', '', '2018-12-20 20:30:12', '2018-12-20 20:30:12'),
(143, 43, 282, '0000-00-00', '', '2018-12-20 20:30:35', '2018-12-20 20:30:35'),
(144, 43, 401, '0000-00-00', '', '2018-12-20 20:30:48', '2018-12-20 20:30:48'),
(145, 31, 113, '0000-00-00', '', '2018-12-31 03:03:20', '2018-12-31 03:03:20'),
(150, 31, 179, '0000-00-00', '', '2018-12-31 03:04:37', '2018-12-31 03:04:37'),
(151, 31, 166, '0000-00-00', '', '2018-12-31 03:04:46', '2018-12-31 03:04:46'),
(154, 31, 408, '0000-00-00', '', '2018-12-31 03:05:24', '2018-12-31 03:05:24'),
(155, 31, 367, '0000-00-00', '', '2018-12-31 03:05:37', '2018-12-31 03:05:37');

-- --------------------------------------------------------

--
-- Table structure for table `login_attempts`
--

DROP TABLE IF EXISTS `login_attempts`;
CREATE TABLE IF NOT EXISTS `login_attempts` (
  `id` int(11) UNSIGNED NOT NULL AUTO_INCREMENT,
  `ip_address` varchar(45) NOT NULL,
  `login` varchar(100) NOT NULL,
  `time` int(11) UNSIGNED DEFAULT NULL,
  PRIMARY KEY (`id`)
) ENGINE=InnoDB AUTO_INCREMENT=3 DEFAULT CHARSET=utf8;

--
-- Dumping data for table `login_attempts`
--

INSERT INTO `login_attempts` (`id`, `ip_address`, `login`, `time`) VALUES
(1, '::1', 'admin', 1552112184);

-- --------------------------------------------------------

--
-- Table structure for table `log_messages`
--

DROP TABLE IF EXISTS `log_messages`;
CREATE TABLE IF NOT EXISTS `log_messages` (
  `id` int(11) NOT NULL AUTO_INCREMENT,
  `sender_email` varchar(255) NOT NULL,
  `reciever_email` varchar(255) NOT NULL,
  `status` tinyint(1) NOT NULL,
  `created_at` datetime NOT NULL,
  `updated_at` datetime NOT NULL,
  PRIMARY KEY (`id`)
) ENGINE=InnoDB AUTO_INCREMENT=13 DEFAULT CHARSET=utf8;

--
-- Dumping data for table `log_messages`
--

INSERT INTO `log_messages` (`id`, `sender_email`, `reciever_email`, `status`, `created_at`, `updated_at`) VALUES
(1, 'saturday@minaretacademy.net', 'firasabdulrahman@yahoo.com', 2, '2019-01-10 23:04:21', '2019-01-10 23:04:21'),
(2, 'saturday@minaretacademy.net', 'neso_77@hotmail.com', 2, '2019-01-10 23:04:22', '2019-01-10 23:04:22'),
(3, 'saturday@minaretacademy.net', 'emailrazan@gmail.com', 2, '2019-01-10 23:04:22', '2019-01-10 23:04:22'),
(4, 'saturday@minaretacademy.net', 'abirzantout@hotmail.com', 2, '2019-01-10 23:04:22', '2019-01-10 23:04:22'),
(5, 'saturday@minaretacademy.net', 'hadoool_85@hotmail.com', 2, '2019-01-10 23:04:22', '2019-01-10 23:04:22'),
(6, 'saturday@minaretacademy.net', 'tonyz1510@iclould.com', 2, '2019-01-10 23:04:22', '2019-01-10 23:04:22'),
(7, 'saturday@minaretacademy.net', 'alanabdo@gmail.com', 2, '2019-01-10 23:04:22', '2019-01-10 23:04:22'),
(8, 'saturday@minaretacademy.net', 'manalbarakat@yahoo.com', 2, '2019-01-10 23:04:23', '2019-01-10 23:04:23'),
(9, 'saturday@minaretacademy.net', 'noemail3@email.com', 2, '2019-01-10 23:04:23', '2019-01-10 23:04:23'),
(10, 'saturday@minaretacademy.net', 'rashaemad84@yahoo.com', 2, '2019-01-10 23:04:23', '2019-01-10 23:04:23'),
(11, 'saturday@minaretacademy.net', 'aqilo@msn.com', 2, '2019-01-10 23:04:23', '2019-01-10 23:04:23'),
(12, 'saturday@minaretacademy.net', 'noemail9@email.com', 2, '2019-01-10 23:04:23', '2019-01-10 23:04:23');

-- --------------------------------------------------------

--
-- Table structure for table `meetings`
--

DROP TABLE IF EXISTS `meetings`;
CREATE TABLE IF NOT EXISTS `meetings` (
  `id` int(11) NOT NULL AUTO_INCREMENT,
  `meeting_title` varchar(255) NOT NULL,
  `send_by_email` tinyint(1) NOT NULL DEFAULT '1',
  `meeting_date` date NOT NULL,
  `meeting_file` varchar(255) DEFAULT NULL,
  `meeting_content` varchar(255) NOT NULL DEFAULT '1',
  `created_at` datetime NOT NULL,
  `updated_at` datetime NOT NULL,
  PRIMARY KEY (`id`)
) ENGINE=MyISAM AUTO_INCREMENT=57 DEFAULT CHARSET=utf8;

--
-- Dumping data for table `meetings`
--

INSERT INTO `meetings` (`id`, `meeting_title`, `send_by_email`, `meeting_date`, `meeting_file`, `meeting_content`, `created_at`, `updated_at`) VALUES
(40, '09.08.18 Meeting', 1, '2018-09-08', '09_8_18_Meeting.pdf', '1', '2018-09-10 20:23:14', '2018-09-10 20:23:14'),
(41, '09.22.18 Meeting', 1, '2018-09-22', '09_22_18.pdf', '1', '2018-10-03 01:03:28', '2018-10-03 01:03:28'),
(42, '09.29.18 Meeting', 1, '2018-09-29', '09_29_18.pdf', '1', '2018-10-03 01:03:50', '2018-10-03 01:03:50'),
(43, '10.20.18 Meeting', 1, '2018-10-20', '10_20_18_Meeting.pdf', '1', '2018-10-27 01:59:46', '2018-10-27 01:59:46'),
(44, '10.27.18 Meeting', 1, '2018-10-27', '10_27_18_Meeting.png', '1', '2018-10-31 00:54:37', '2018-10-31 00:54:37'),
(45, '11.03.18 Meeting', 1, '2018-11-03', '11_03_18_Meeting.pdf', '1', '2018-11-07 21:47:40', '2018-11-07 21:47:40'),
(46, 'REMINDER!', 1, '2018-11-03', 'Pest_Control_Reminder.png', '1', '2018-11-07 21:48:44', '2018-11-07 21:48:44'),
(47, '11.10.18 Meeting', 1, '2018-11-10', '11_10_18_Meeting.pdf', '1', '2018-11-14 20:29:05', '2018-11-14 20:29:05'),
(48, 'No School 11.24.18', 1, '2018-11-24', 'No_School-_Thanksgiving.png', '1', '2018-11-21 17:46:15', '2018-11-21 17:46:15'),
(49, '11.17.18 Meeting', 1, '2018-11-17', '11_17_18_Meeting.pdf', '1', '2018-11-25 21:38:33', '2018-11-25 21:38:33'),
(50, '12.08.18 Meeting', 1, '2018-12-08', '12_08_18_Meeting_.pdf', '1', '2018-12-16 20:37:45', '2018-12-16 20:37:45'),
(51, '12.15.18 Meeting', 1, '2018-12-15', '12_15_18_Meeting_.pdf', '1', '2018-12-16 20:37:59', '2018-12-16 20:37:59'),
(52, '12.22.18 Meeting', 1, '2018-12-22', '12_22_18_Meeting_.pdf', '1', '2018-12-26 17:47:41', '2018-12-26 17:47:41'),
(53, '12.29.18 Meeting', 1, '2018-12-29', '12_29_18_Meeting.pdf', '1', '2019-01-01 05:03:24', '2019-01-01 05:03:24'),
(54, '1.5.19 Meeting', 1, '2019-01-05', '1_5_19_Meeting.pdf', '1', '2019-01-06 22:02:13', '2019-01-06 22:02:13'),
(56, 'End of Year Time Table', 1, '2019-01-05', 'End_of_Year_Time_Table1.pdf', '1', '2019-01-06 22:02:53', '2019-01-06 22:02:53');

-- --------------------------------------------------------

--
-- Table structure for table `messages`
--

DROP TABLE IF EXISTS `messages`;
CREATE TABLE IF NOT EXISTS `messages` (
  `id` int(11) NOT NULL AUTO_INCREMENT,
  `msg_from` varchar(255) NOT NULL,
  `msg_to` varchar(255) NOT NULL,
  `msg_content` text NOT NULL,
  `msg_subject` varchar(255) NOT NULL,
  `msg_date` datetime NOT NULL,
  `for_parent` varchar(500) DEFAULT NULL,
  `msg_file` varchar(255) DEFAULT NULL,
  `seen` tinyint(4) DEFAULT '0',
  `created_at` datetime DEFAULT NULL,
  `updated_at` datetime DEFAULT NULL,
  PRIMARY KEY (`id`)
) ENGINE=MyISAM AUTO_INCREMENT=381 DEFAULT CHARSET=utf8;

--
-- Dumping data for table `messages`
--

INSERT INTO `messages` (`id`, `msg_from`, `msg_to`, `msg_content`, `msg_subject`, `msg_date`, `for_parent`, `msg_file`, `seen`, `created_at`, `updated_at`) VALUES
(36, '1', '58', 'Content', 'Subject', '2018-07-19 14:58:09', NULL, NULL, 0, NULL, NULL),
(35, '1', '49', 'send to parent ', 'send to parent ', '2018-07-19 13:59:07', NULL, 'test24.docx', 0, NULL, NULL),
(37, '1', '57', 'Content', 'Subject', '2018-07-19 14:58:09', NULL, NULL, 0, NULL, NULL),
(38, '1', '56', 'Content', 'Subject', '2018-07-19 14:58:09', NULL, NULL, 0, NULL, NULL),
(39, '1', '55', 'Content', 'Subject', '2018-07-19 14:58:09', NULL, NULL, 1, NULL, '2018-08-26 12:23:04'),
(41, '48', '1', 'msg to admin from parent ', 'msg to admin', '2018-07-19 16:05:02', NULL, NULL, 1, NULL, '2018-07-23 11:28:13'),
(87, '74', '106', 'السلام عليكم ورحمة الله وبركاته\r\nالاهالي الاعزاء\r\nالرجاءمن الجميع الحضور يوم السبت القادم باذنه تعالى والموافق 13 اكتوبر وذلك لنتعارف سويا على الخطة التدريسية لهذا العام\r\n وذلك في تمام الساعة الواحدة ظهرا وحتى الساعة الثانية\r\nشاكرين تعاونكم\r\nالمعلمة ميسون قطان ', 'الواجب', '2018-10-07 03:41:49', 'Khalil - Celia Estrada / Itani', 'H_W2.docx', 1, NULL, '2018-12-17 17:47:09'),
(43, '59', '1', 'msg to admin from parent', 'msg to admin', '2018-07-19 16:13:19', NULL, NULL, 1, NULL, '2018-08-02 12:07:00'),
(45, '59', '55', 'msg to teacher from parent', 'msg to teacher', '2018-07-21 08:43:20', NULL, NULL, 1, NULL, '2018-08-02 06:10:56'),
(68, '55', '48', 'msg from parent ', 'msg from parent ', '2018-08-02 17:15:26', 'Saleh - Eman / Zain', NULL, 1, NULL, '2018-08-19 13:35:38'),
(69, '55', '48', 'msg to parent ', 'msg to parent ', '2018-08-19 16:37:27', 'Saleh - Eman / Zain', 'test.txt', 1, NULL, '2018-08-19 13:37:31'),
(70, '59', '1', 'msg from parent ', 'msg from parent ', '2018-08-19 16:44:34', NULL, 'test1.txt', 1, NULL, '2018-08-19 13:45:01'),
(88, '74', '107', 'السلام عليكم ورحمة الله وبركاته\r\nالاهالي الاعزاء\r\nالرجاءمن الجميع الحضور يوم السبت القادم باذنه تعالى والموافق 13 اكتوبر وذلك لنتعارف سويا على الخطة التدريسية لهذا العام\r\n وذلك في تمام الساعة الواحدة ظهرا وحتى الساعة الثانية\r\nشاكرين تعاونكم\r\nالمعلمة ميسون قطان ', 'الواجب', '2018-10-07 03:41:49', 'Mohamed - Sherin Abouelazm / Elkamash', 'H_W2.docx', 1, NULL, '2018-11-26 19:01:19'),
(89, '74', '111', 'السلام عليكم ورحمة الله وبركاته\r\nالاهالي الاعزاء\r\nالرجاءمن الجميع الحضور يوم السبت القادم باذنه تعالى والموافق 13 اكتوبر وذلك لنتعارف سويا على الخطة التدريسية لهذا العام\r\n وذلك في تمام الساعة الواحدة ظهرا وحتى الساعة الثانية\r\nشاكرين تعاونكم\r\nالمعلمة ميسون قطان ', 'الواجب', '2018-10-07 03:41:49', 'Arafat - Donia Abdelkarim / Abdelkarim', 'H_W2.docx', 1, NULL, '2018-11-27 01:45:18'),
(90, '74', '114', 'السلام عليكم ورحمة الله وبركاته\r\nالاهالي الاعزاء\r\nالرجاءمن الجميع الحضور يوم السبت القادم باذنه تعالى والموافق 13 اكتوبر وذلك لنتعارف سويا على الخطة التدريسية لهذا العام\r\n وذلك في تمام الساعة الواحدة ظهرا وحتى الساعة الثانية\r\nشاكرين تعاونكم\r\nالمعلمة ميسون قطان ', 'الواجب', '2018-10-07 03:41:49', 'Abdulkareem - Rama Sabeh / Habibeh', 'H_W2.docx', 0, NULL, NULL),
(91, '74', '117', 'السلام عليكم ورحمة الله وبركاته\r\nالاهالي الاعزاء\r\nالرجاءمن الجميع الحضور يوم السبت القادم باذنه تعالى والموافق 13 اكتوبر وذلك لنتعارف سويا على الخطة التدريسية لهذا العام\r\n وذلك في تمام الساعة الواحدة ظهرا وحتى الساعة الثانية\r\nشاكرين تعاونكم\r\nالمعلمة ميسون قطان ', 'الواجب', '2018-10-07 03:41:49', 'Firas - Rasha / Abdulrahman', 'H_W2.docx', 0, NULL, NULL),
(92, '74', '121', 'السلام عليكم ورحمة الله وبركاته\r\nالاهالي الاعزاء\r\nالرجاءمن الجميع الحضور يوم السبت القادم باذنه تعالى والموافق 13 اكتوبر وذلك لنتعارف سويا على الخطة التدريسية لهذا العام\r\n وذلك في تمام الساعة الواحدة ظهرا وحتى الساعة الثانية\r\nشاكرين تعاونكم\r\nالمعلمة ميسون قطان ', 'الواجب', '2018-10-07 03:41:49', 'Emad - Sondos Kloub / Kloub', 'H_W2.docx', 0, NULL, NULL),
(93, '74', '125', 'السلام عليكم ورحمة الله وبركاته\r\nالاهالي الاعزاء\r\nالرجاءمن الجميع الحضور يوم السبت القادم باذنه تعالى والموافق 13 اكتوبر وذلك لنتعارف سويا على الخطة التدريسية لهذا العام\r\n وذلك في تمام الساعة الواحدة ظهرا وحتى الساعة الثانية\r\nشاكرين تعاونكم\r\nالمعلمة ميسون قطان ', 'الواجب', '2018-10-07 03:41:49', 'Iyad - Karen Abuhajjaj / Abuhajjaj', 'H_W2.docx', 1, NULL, '2018-11-26 18:58:55'),
(94, '74', '128', 'السلام عليكم ورحمة الله وبركاته\r\nالاهالي الاعزاء\r\nالرجاءمن الجميع الحضور يوم السبت القادم باذنه تعالى والموافق 13 اكتوبر وذلك لنتعارف سويا على الخطة التدريسية لهذا العام\r\n وذلك في تمام الساعة الواحدة ظهرا وحتى الساعة الثانية\r\nشاكرين تعاونكم\r\nالمعلمة ميسون قطان ', 'الواجب', '2018-10-07 03:41:49', 'Akram - Lubna Albajjar / Abusharar', 'H_W2.docx', 0, NULL, NULL),
(95, '74', '135', 'السلام عليكم ورحمة الله وبركاته\r\nالاهالي الاعزاء\r\nالرجاءمن الجميع الحضور يوم السبت القادم باذنه تعالى والموافق 13 اكتوبر وذلك لنتعارف سويا على الخطة التدريسية لهذا العام\r\n وذلك في تمام الساعة الواحدة ظهرا وحتى الساعة الثانية\r\nشاكرين تعاونكم\r\nالمعلمة ميسون قطان ', 'الواجب', '2018-10-07 03:41:49', 'Morad - May Hassan / Hassan', 'H_W2.docx', 1, NULL, '2018-11-26 18:57:44'),
(96, '74', '141', 'السلام عليكم ورحمة الله وبركاته\r\nالاهالي الاعزاء\r\nالرجاءمن الجميع الحضور يوم السبت القادم باذنه تعالى والموافق 13 اكتوبر وذلك لنتعارف سويا على الخطة التدريسية لهذا العام\r\n وذلك في تمام الساعة الواحدة ظهرا وحتى الساعة الثانية\r\nشاكرين تعاونكم\r\nالمعلمة ميسون قطان ', 'الواجب', '2018-10-07 03:41:49', 'Toufic - Rania Masri / Masri', 'H_W2.docx', 0, NULL, NULL),
(97, '74', '152', 'السلام عليكم ورحمة الله وبركاته\r\nالاهالي الاعزاء\r\nالرجاءمن الجميع الحضور يوم السبت القادم باذنه تعالى والموافق 13 اكتوبر وذلك لنتعارف سويا على الخطة التدريسية لهذا العام\r\n وذلك في تمام الساعة الواحدة ظهرا وحتى الساعة الثانية\r\nشاكرين تعاونكم\r\nالمعلمة ميسون قطان ', 'الواجب', '2018-10-07 03:41:49', 'Mazen - Rana / Kabbara', 'H_W2.docx', 0, NULL, NULL),
(98, '74', '154', 'السلام عليكم ورحمة الله وبركاته\r\nالاهالي الاعزاء\r\nالرجاءمن الجميع الحضور يوم السبت القادم باذنه تعالى والموافق 13 اكتوبر وذلك لنتعارف سويا على الخطة التدريسية لهذا العام\r\n وذلك في تمام الساعة الواحدة ظهرا وحتى الساعة الثانية\r\nشاكرين تعاونكم\r\nالمعلمة ميسون قطان ', 'الواجب', '2018-10-07 03:41:49', 'Eid - Shirin Elwir / Zaid', 'H_W2.docx', 0, NULL, NULL),
(99, '74', '155', 'السلام عليكم ورحمة الله وبركاته\r\nالاهالي الاعزاء\r\nالرجاءمن الجميع الحضور يوم السبت القادم باذنه تعالى والموافق 13 اكتوبر وذلك لنتعارف سويا على الخطة التدريسية لهذا العام\r\n وذلك في تمام الساعة الواحدة ظهرا وحتى الساعة الثانية\r\nشاكرين تعاونكم\r\nالمعلمة ميسون قطان ', 'الواجب', '2018-10-07 03:41:49', 'Jubran - Rasha Jubran / Jubran', 'H_W2.docx', 1, NULL, '2018-11-15 02:48:00'),
(100, '74', '165', 'السلام عليكم ورحمة الله وبركاته\r\nالاهالي الاعزاء\r\nالرجاءمن الجميع الحضور يوم السبت القادم باذنه تعالى والموافق 13 اكتوبر وذلك لنتعارف سويا على الخطة التدريسية لهذا العام\r\n وذلك في تمام الساعة الواحدة ظهرا وحتى الساعة الثانية\r\nشاكرين تعاونكم\r\nالمعلمة ميسون قطان ', 'الواجب', '2018-10-07 03:41:49', 'Eid - Heba Abdelhady / Elwir', 'H_W2.docx', 0, NULL, NULL),
(101, '74', '191', 'السلام عليكم ورحمة الله وبركاته\r\nالاهالي الاعزاء\r\nالرجاءمن الجميع الحضور يوم السبت القادم باذنه تعالى والموافق 13 اكتوبر وذلك لنتعارف سويا على الخطة التدريسية لهذا العام\r\n وذلك في تمام الساعة الواحدة ظهرا وحتى الساعة الثانية\r\nشاكرين تعاونكم\r\nالمعلمة ميسون قطان ', 'الواجب', '2018-10-07 03:41:49', 'Abed - Manal / Taha', 'H_W2.docx', 0, NULL, NULL),
(102, '74', '198', 'السلام عليكم ورحمة الله وبركاته\r\nالاهالي الاعزاء\r\nالرجاءمن الجميع الحضور يوم السبت القادم باذنه تعالى والموافق 13 اكتوبر وذلك لنتعارف سويا على الخطة التدريسية لهذا العام\r\n وذلك في تمام الساعة الواحدة ظهرا وحتى الساعة الثانية\r\nشاكرين تعاونكم\r\nالمعلمة ميسون قطان ', 'الواجب', '2018-10-07 03:41:49', 'Iyad - Reem / Morra', 'H_W2.docx', 0, NULL, NULL),
(103, '74', '205', 'السلام عليكم ورحمة الله وبركاته\r\nالاهالي الاعزاء\r\nالرجاءمن الجميع الحضور يوم السبت القادم باذنه تعالى والموافق 13 اكتوبر وذلك لنتعارف سويا على الخطة التدريسية لهذا العام\r\n وذلك في تمام الساعة الواحدة ظهرا وحتى الساعة الثانية\r\nشاكرين تعاونكم\r\nالمعلمة ميسون قطان ', 'الواجب', '2018-10-07 03:41:49', 'Zeyad - Zeina El-Kassem / Maasarani', 'H_W2.docx', 0, NULL, NULL),
(104, '74', '106', 'اجتماع', 'اجتماع ', '2018-10-13 04:33:09', 'Khalil - Celia Estrada / Itani', 'Assalamu_Alaykum1.docx', 0, NULL, NULL),
(105, '74', '107', 'اجتماع', 'اجتماع ', '2018-10-13 04:33:09', 'Mohamed - Sherin Abouelazm / Elkamash', 'Assalamu_Alaykum1.docx', 0, NULL, NULL),
(106, '74', '111', 'اجتماع', 'اجتماع ', '2018-10-13 04:33:09', 'Arafat - Donia Abdelkarim / Abdelkarim', 'Assalamu_Alaykum1.docx', 1, NULL, '2018-10-25 17:21:58'),
(107, '74', '114', 'اجتماع', 'اجتماع ', '2018-10-13 04:33:09', 'Abdulkareem - Rama Sabeh / Habibeh', 'Assalamu_Alaykum1.docx', 0, NULL, NULL),
(108, '74', '117', 'اجتماع', 'اجتماع ', '2018-10-13 04:33:09', 'Firas - Rasha / Abdulrahman', 'Assalamu_Alaykum1.docx', 0, NULL, NULL),
(109, '74', '121', 'اجتماع', 'اجتماع ', '2018-10-13 04:33:09', 'Emad - Sondos Kloub / Kloub', 'Assalamu_Alaykum1.docx', 0, NULL, NULL),
(110, '74', '125', 'اجتماع', 'اجتماع ', '2018-10-13 04:33:09', 'Iyad - Karen Abuhajjaj / Abuhajjaj', 'Assalamu_Alaykum1.docx', 0, NULL, NULL),
(111, '74', '128', 'اجتماع', 'اجتماع ', '2018-10-13 04:33:09', 'Akram - Lubna Albajjar / Abusharar', 'Assalamu_Alaykum1.docx', 0, NULL, NULL),
(112, '74', '135', 'اجتماع', 'اجتماع ', '2018-10-13 04:33:09', 'Morad - May Hassan / Hassan', 'Assalamu_Alaykum1.docx', 1, NULL, '2018-11-27 01:40:12'),
(113, '74', '141', 'اجتماع', 'اجتماع ', '2018-10-13 04:33:09', 'Toufic - Rania Masri / Masri', 'Assalamu_Alaykum1.docx', 0, NULL, NULL),
(114, '74', '152', 'اجتماع', 'اجتماع ', '2018-10-13 04:33:09', 'Mazen - Rana / Kabbara', 'Assalamu_Alaykum1.docx', 0, NULL, NULL),
(115, '74', '154', 'اجتماع', 'اجتماع ', '2018-10-13 04:33:09', 'Eid - Shirin Elwir / Zaid', 'Assalamu_Alaykum1.docx', 0, NULL, NULL),
(116, '74', '155', 'اجتماع', 'اجتماع ', '2018-10-13 04:33:09', 'Jubran - Rasha Jubran / Jubran', 'Assalamu_Alaykum1.docx', 0, NULL, NULL),
(117, '74', '165', 'اجتماع', 'اجتماع ', '2018-10-13 04:33:09', 'Eid - Heba Abdelhady / Elwir', 'Assalamu_Alaykum1.docx', 0, NULL, NULL),
(118, '74', '191', 'اجتماع', 'اجتماع ', '2018-10-13 04:33:09', 'Abed - Manal / Taha', 'Assalamu_Alaykum1.docx', 0, NULL, NULL),
(119, '74', '198', 'اجتماع', 'اجتماع ', '2018-10-13 04:33:09', 'Iyad - Reem / Morra', 'Assalamu_Alaykum1.docx', 0, NULL, NULL),
(120, '74', '205', 'اجتماع', 'اجتماع ', '2018-10-13 04:33:09', 'Zeyad - Zeina El-Kassem / Maasarani', 'Assalamu_Alaykum1.docx', 0, NULL, NULL),
(121, '83', '98', 'Assalamu Alaykum\r\nDear parents,\r\nWelcome to the grade 5 class! I am excited to get the opportunity to teach your children this year. \r\nMy name is Suha Attar I’m a fifth grade Arabic language teacher for this year. \r\n I would like to inform you that Tomorrow, there will be back to school day in fifth grade class room \r\nAt    10:00 - 10:30 am \r\nI hope to see you all there.\r\nMy email:  suha.attar@gmail.com\r\nMy phone # (562)3303947\r\n\r\n', ' Back to school', '2018-10-13 05:16:36', 'Haroun - Ghada Haroun / Qawasmeh', NULL, 0, NULL, NULL),
(122, '83', '111', 'Assalamu Alaykum\r\nDear parents,\r\nWelcome to the grade 5 class! I am excited to get the opportunity to teach your children this year. \r\nMy name is Suha Attar I’m a fifth grade Arabic language teacher for this year. \r\n I would like to inform you that Tomorrow, there will be back to school day in fifth grade class room \r\nAt    10:00 - 10:30 am \r\nI hope to see you all there.\r\nMy email:  suha.attar@gmail.com\r\nMy phone # (562)3303947\r\n\r\n', ' Back to school', '2018-10-13 05:16:36', 'Arafat - Donia Abdelkarim / Abdelkarim', NULL, 0, NULL, NULL),
(123, '83', '130', 'Assalamu Alaykum\r\nDear parents,\r\nWelcome to the grade 5 class! I am excited to get the opportunity to teach your children this year. \r\nMy name is Suha Attar I’m a fifth grade Arabic language teacher for this year. \r\n I would like to inform you that Tomorrow, there will be back to school day in fifth grade class room \r\nAt    10:00 - 10:30 am \r\nI hope to see you all there.\r\nMy email:  suha.attar@gmail.com\r\nMy phone # (562)3303947\r\n\r\n', ' Back to school', '2018-10-13 05:16:36', 'Ahmed - Hend Ali / Khalafalla', NULL, 0, NULL, NULL),
(124, '83', '133', 'Assalamu Alaykum\r\nDear parents,\r\nWelcome to the grade 5 class! I am excited to get the opportunity to teach your children this year. \r\nMy name is Suha Attar I’m a fifth grade Arabic language teacher for this year. \r\n I would like to inform you that Tomorrow, there will be back to school day in fifth grade class room \r\nAt    10:00 - 10:30 am \r\nI hope to see you all there.\r\nMy email:  suha.attar@gmail.com\r\nMy phone # (562)3303947\r\n\r\n', ' Back to school', '2018-10-13 05:16:36', 'Ammar - Manal / Issa', NULL, 0, NULL, NULL),
(125, '83', '160', 'Assalamu Alaykum\r\nDear parents,\r\nWelcome to the grade 5 class! I am excited to get the opportunity to teach your children this year. \r\nMy name is Suha Attar I’m a fifth grade Arabic language teacher for this year. \r\n I would like to inform you that Tomorrow, there will be back to school day in fifth grade class room \r\nAt    10:00 - 10:30 am \r\nI hope to see you all there.\r\nMy email:  suha.attar@gmail.com\r\nMy phone # (562)3303947\r\n\r\n', ' Back to school', '2018-10-13 05:16:36', 'Ahmed - Laila Sobhy / Abdelrazek', NULL, 0, NULL, NULL),
(126, '83', '199', 'Assalamu Alaykum\r\nDear parents,\r\nWelcome to the grade 5 class! I am excited to get the opportunity to teach your children this year. \r\nMy name is Suha Attar I’m a fifth grade Arabic language teacher for this year. \r\n I would like to inform you that Tomorrow, there will be back to school day in fifth grade class room \r\nAt    10:00 - 10:30 am \r\nI hope to see you all there.\r\nMy email:  suha.attar@gmail.com\r\nMy phone # (562)3303947\r\n\r\n', ' Back to school', '2018-10-13 05:16:36', 'Ahmad - Khloud Sabha / Shouman', NULL, 0, NULL, NULL),
(127, '83', '97', 'Assalamu Alaykum\r\nDear parents,\r\nWelcome to the grade 3 class! I am excited to get the opportunity to teach your children this year. \r\nMy name is Suha Attar I’m third grade Arabic language teacher for this year. \r\n I would like to inform you that Tomorrow, there will be back to school day in fifth grade class room \r\nAt    9:30 - 10:00 am \r\nI hope to see you all there.\r\nMy email:  suha.attar@gmail.com\r\nMy phone # (562)3303947\r\n\r\n', 'Back to school', '2018-10-13 05:19:45', 'Abdirashid - Fadumo Ali / Dahir', NULL, 0, NULL, NULL),
(128, '83', '100', 'Assalamu Alaykum\r\nDear parents,\r\nWelcome to the grade 3 class! I am excited to get the opportunity to teach your children this year. \r\nMy name is Suha Attar I’m third grade Arabic language teacher for this year. \r\n I would like to inform you that Tomorrow, there will be back to school day in fifth grade class room \r\nAt    9:30 - 10:00 am \r\nI hope to see you all there.\r\nMy email:  suha.attar@gmail.com\r\nMy phone # (562)3303947\r\n\r\n', 'Back to school', '2018-10-13 05:19:45', 'Karim - Lamiaa Khayat / Bouhairi', NULL, 0, NULL, NULL),
(129, '83', '101', 'Assalamu Alaykum\r\nDear parents,\r\nWelcome to the grade 3 class! I am excited to get the opportunity to teach your children this year. \r\nMy name is Suha Attar I’m third grade Arabic language teacher for this year. \r\n I would like to inform you that Tomorrow, there will be back to school day in fifth grade class room \r\nAt    9:30 - 10:00 am \r\nI hope to see you all there.\r\nMy email:  suha.attar@gmail.com\r\nMy phone # (562)3303947\r\n\r\n', 'Back to school', '2018-10-13 05:19:45', 'Walied - Aiat Keshk / Keshk', NULL, 0, NULL, NULL),
(130, '83', '120', 'Assalamu Alaykum\r\nDear parents,\r\nWelcome to the grade 3 class! I am excited to get the opportunity to teach your children this year. \r\nMy name is Suha Attar I’m third grade Arabic language teacher for this year. \r\n I would like to inform you that Tomorrow, there will be back to school day in fifth grade class room \r\nAt    9:30 - 10:00 am \r\nI hope to see you all there.\r\nMy email:  suha.attar@gmail.com\r\nMy phone # (562)3303947\r\n\r\n', 'Back to school', '2018-10-13 05:19:45', 'Samer - Donia Ismail / Ismail', NULL, 0, NULL, NULL),
(131, '83', '121', 'Assalamu Alaykum\r\nDear parents,\r\nWelcome to the grade 3 class! I am excited to get the opportunity to teach your children this year. \r\nMy name is Suha Attar I’m third grade Arabic language teacher for this year. \r\n I would like to inform you that Tomorrow, there will be back to school day in fifth grade class room \r\nAt    9:30 - 10:00 am \r\nI hope to see you all there.\r\nMy email:  suha.attar@gmail.com\r\nMy phone # (562)3303947\r\n\r\n', 'Back to school', '2018-10-13 05:19:45', 'Emad - Sondos Kloub / Kloub', NULL, 0, NULL, NULL),
(132, '83', '134', 'Assalamu Alaykum\r\nDear parents,\r\nWelcome to the grade 3 class! I am excited to get the opportunity to teach your children this year. \r\nMy name is Suha Attar I’m third grade Arabic language teacher for this year. \r\n I would like to inform you that Tomorrow, there will be back to school day in fifth grade class room \r\nAt    9:30 - 10:00 am \r\nI hope to see you all there.\r\nMy email:  suha.attar@gmail.com\r\nMy phone # (562)3303947\r\n\r\n', 'Back to school', '2018-10-13 05:19:45', 'Gino - Sawsan Sabeh / Sabeh', NULL, 0, NULL, NULL),
(133, '83', '135', 'Assalamu Alaykum\r\nDear parents,\r\nWelcome to the grade 3 class! I am excited to get the opportunity to teach your children this year. \r\nMy name is Suha Attar I’m third grade Arabic language teacher for this year. \r\n I would like to inform you that Tomorrow, there will be back to school day in fifth grade class room \r\nAt    9:30 - 10:00 am \r\nI hope to see you all there.\r\nMy email:  suha.attar@gmail.com\r\nMy phone # (562)3303947\r\n\r\n', 'Back to school', '2018-10-13 05:19:45', 'Morad - May Hassan / Hassan', NULL, 0, NULL, NULL),
(134, '83', '149', 'Assalamu Alaykum\r\nDear parents,\r\nWelcome to the grade 3 class! I am excited to get the opportunity to teach your children this year. \r\nMy name is Suha Attar I’m third grade Arabic language teacher for this year. \r\n I would like to inform you that Tomorrow, there will be back to school day in fifth grade class room \r\nAt    9:30 - 10:00 am \r\nI hope to see you all there.\r\nMy email:  suha.attar@gmail.com\r\nMy phone # (562)3303947\r\n\r\n', 'Back to school', '2018-10-13 05:19:45', 'Mohammad - Rania Itani / Itani', NULL, 0, NULL, NULL),
(135, '83', '159', 'Assalamu Alaykum\r\nDear parents,\r\nWelcome to the grade 3 class! I am excited to get the opportunity to teach your children this year. \r\nMy name is Suha Attar I’m third grade Arabic language teacher for this year. \r\n I would like to inform you that Tomorrow, there will be back to school day in fifth grade class room \r\nAt    9:30 - 10:00 am \r\nI hope to see you all there.\r\nMy email:  suha.attar@gmail.com\r\nMy phone # (562)3303947\r\n\r\n', 'Back to school', '2018-10-13 05:19:45', 'Amer - Fatima / Albawab', NULL, 0, NULL, NULL),
(136, '83', '194', 'Assalamu Alaykum\r\nDear parents,\r\nWelcome to the grade 3 class! I am excited to get the opportunity to teach your children this year. \r\nMy name is Suha Attar I’m third grade Arabic language teacher for this year. \r\n I would like to inform you that Tomorrow, there will be back to school day in fifth grade class room \r\nAt    9:30 - 10:00 am \r\nI hope to see you all there.\r\nMy email:  suha.attar@gmail.com\r\nMy phone # (562)3303947\r\n\r\n', 'Back to school', '2018-10-13 05:19:45', 'Mahmoud - Dalia / Salamh', NULL, 0, NULL, NULL),
(137, '66', '117', 'Assalam Alayoum Parents,\r\nHope this email reaches you well. This is a reminder of our meeting tomorrow at 9:30. It is a chance to get to know all of you and talk about important dates and things you should know regarding this school year insha\'Allah.  Can\'t wait to see you all tomorrow. ', 'Back to School Meeting Tomorrow', '2018-10-13 06:07:34', 'Firas - Rasha / Abdulrahman', 'Back_to_School_Landing_Page.jpg', 1, NULL, '2018-12-16 07:40:02'),
(138, '66', '119', 'Assalam Alayoum Parents,\r\nHope this email reaches you well. This is a reminder of our meeting tomorrow at 9:30. It is a chance to get to know all of you and talk about important dates and things you should know regarding this school year insha\'Allah.  Can\'t wait to see you all tomorrow. ', 'Back to School Meeting Tomorrow', '2018-10-13 06:07:34', 'Feras - Nisreen AlKhateeb / Affani', 'Back_to_School_Landing_Page.jpg', 0, NULL, NULL),
(139, '66', '147', 'Assalam Alayoum Parents,\r\nHope this email reaches you well. This is a reminder of our meeting tomorrow at 9:30. It is a chance to get to know all of you and talk about important dates and things you should know regarding this school year insha\'Allah.  Can\'t wait to see you all tomorrow. ', 'Back to School Meeting Tomorrow', '2018-10-13 06:07:34', 'Nabil - Razanne / Farshoukh', 'Back_to_School_Landing_Page.jpg', 0, NULL, NULL),
(140, '66', '158', 'Assalam Alayoum Parents,\r\nHope this email reaches you well. This is a reminder of our meeting tomorrow at 9:30. It is a chance to get to know all of you and talk about important dates and things you should know regarding this school year insha\'Allah.  Can\'t wait to see you all tomorrow. ', 'Back to School Meeting Tomorrow', '2018-10-13 06:07:34', 'Mazen - Abir Almaoui / Almaoui', 'Back_to_School_Landing_Page.jpg', 0, NULL, NULL),
(141, '66', '175', 'Assalam Alayoum Parents,\r\nHope this email reaches you well. This is a reminder of our meeting tomorrow at 9:30. It is a chance to get to know all of you and talk about important dates and things you should know regarding this school year insha\'Allah.  Can\'t wait to see you all tomorrow. ', 'Back to School Meeting Tomorrow', '2018-10-13 06:07:34', 'Mohd - Hadeel Shatat / Shatat', 'Back_to_School_Landing_Page.jpg', 0, NULL, NULL),
(142, '66', '180', 'Assalam Alayoum Parents,\r\nHope this email reaches you well. This is a reminder of our meeting tomorrow at 9:30. It is a chance to get to know all of you and talk about important dates and things you should know regarding this school year insha\'Allah.  Can\'t wait to see you all tomorrow. ', 'Back to School Meeting Tomorrow', '2018-10-13 06:07:34', 'Toafek - Rehab Zayed / Abdelhady', 'Back_to_School_Landing_Page.jpg', 0, NULL, NULL),
(143, '66', '181', 'Assalam Alayoum Parents,\r\nHope this email reaches you well. This is a reminder of our meeting tomorrow at 9:30. It is a chance to get to know all of you and talk about important dates and things you should know regarding this school year insha\'Allah.  Can\'t wait to see you all tomorrow. ', 'Back to School Meeting Tomorrow', '2018-10-13 06:07:34', 'Ahmad - Bana Abdo / Abdo', 'Back_to_School_Landing_Page.jpg', 0, NULL, NULL),
(144, '66', '185', 'Assalam Alayoum Parents,\r\nHope this email reaches you well. This is a reminder of our meeting tomorrow at 9:30. It is a chance to get to know all of you and talk about important dates and things you should know regarding this school year insha\'Allah.  Can\'t wait to see you all tomorrow. ', 'Back to School Meeting Tomorrow', '2018-10-13 06:07:34', 'Nabih - Manal Barakat / Alhammouri', 'Back_to_School_Landing_Page.jpg', 0, NULL, NULL),
(145, '66', '204', 'Assalam Alayoum Parents,\r\nHope this email reaches you well. This is a reminder of our meeting tomorrow at 9:30. It is a chance to get to know all of you and talk about important dates and things you should know regarding this school year insha\'Allah.  Can\'t wait to see you all tomorrow. ', 'Back to School Meeting Tomorrow', '2018-10-13 06:07:34', 'Ghassan - Bayan Naamani / Zayat', 'Back_to_School_Landing_Page.jpg', 1, NULL, '2018-10-13 03:08:24'),
(146, '66', '95', 'Assalam Alayoum Parents,\r\nHope this email reaches you well. This is a reminder of our meeting tomorrow at 9:30. It is a chance to get to know all of you and talk about important dates and things you should know regarding this school year insha\'Allah.  Can\'t wait to see you all tomorrow. ', 'Back To School Meeting Tomorrow!', '2018-10-13 06:13:03', 'Hesham - Hanin Jaber / Alashqar', 'Back_to_School_Landing_Page7.jpg', 0, NULL, NULL),
(147, '66', '110', 'Assalam Alayoum Parents,\r\nHope this email reaches you well. This is a reminder of our meeting tomorrow at 9:30. It is a chance to get to know all of you and talk about important dates and things you should know regarding this school year insha\'Allah.  Can\'t wait to see you all tomorrow. ', 'Back To School Meeting Tomorrow!', '2018-10-13 06:13:03', 'N/A - Ghadeer Awad / Awad', 'Back_to_School_Landing_Page7.jpg', 0, NULL, NULL),
(148, '66', '136', 'Assalam Alayoum Parents,\r\nHope this email reaches you well. This is a reminder of our meeting tomorrow at 9:30. It is a chance to get to know all of you and talk about important dates and things you should know regarding this school year insha\'Allah.  Can\'t wait to see you all tomorrow. ', 'Back To School Meeting Tomorrow!', '2018-10-13 06:13:03', 'Abdallah - Amani Arar / Arar', 'Back_to_School_Landing_Page7.jpg', 0, NULL, NULL),
(149, '66', '152', 'Assalam Alayoum Parents,\r\nHope this email reaches you well. This is a reminder of our meeting tomorrow at 9:30. It is a chance to get to know all of you and talk about important dates and things you should know regarding this school year insha\'Allah.  Can\'t wait to see you all tomorrow. ', 'Back To School Meeting Tomorrow!', '2018-10-13 06:13:03', 'Mazen - Rana / Kabbara', 'Back_to_School_Landing_Page7.jpg', 0, NULL, NULL),
(150, '66', '153', 'Assalam Alayoum Parents,\r\nHope this email reaches you well. This is a reminder of our meeting tomorrow at 9:30. It is a chance to get to know all of you and talk about important dates and things you should know regarding this school year insha\'Allah.  Can\'t wait to see you all tomorrow. ', 'Back To School Meeting Tomorrow!', '2018-10-13 06:13:03', 'Mohd - Tharwa Ahmad / Alramahi', 'Back_to_School_Landing_Page7.jpg', 0, NULL, NULL),
(151, '66', '159', 'Assalam Alayoum Parents,\r\nHope this email reaches you well. This is a reminder of our meeting tomorrow at 9:30. It is a chance to get to know all of you and talk about important dates and things you should know regarding this school year insha\'Allah.  Can\'t wait to see you all tomorrow. ', 'Back To School Meeting Tomorrow!', '2018-10-13 06:13:03', 'Amer - Fatima / Albawab', 'Back_to_School_Landing_Page7.jpg', 0, NULL, NULL),
(152, '66', '179', 'Assalam Alayoum Parents,\r\nHope this email reaches you well. This is a reminder of our meeting tomorrow at 9:30. It is a chance to get to know all of you and talk about important dates and things you should know regarding this school year insha\'Allah.  Can\'t wait to see you all tomorrow. ', 'Back To School Meeting Tomorrow!', '2018-10-13 06:13:03', 'Mohamad - Jamla Zaid / Zaid', 'Back_to_School_Landing_Page7.jpg', 1, NULL, '2019-01-28 06:37:09'),
(153, '66', '195', 'Assalam Alayoum Parents,\r\nHope this email reaches you well. This is a reminder of our meeting tomorrow at 9:30. It is a chance to get to know all of you and talk about important dates and things you should know regarding this school year insha\'Allah.  Can\'t wait to see you all tomorrow. ', 'Back To School Meeting Tomorrow!', '2018-10-13 06:13:03', 'Asmar - Basma Arar / Mohammad', 'Back_to_School_Landing_Page7.jpg', 0, NULL, NULL),
(154, '68', '97', 'Salam Parents, \r\nThis is Hania Estwani, the homeroom teacher of the third graders in Minaret Academy Saturday School. \r\nI would like to remind you and welcome you to our \"back to school\" happening tomorrow, October 13. This will take place in the second floor, room 209; where two sessions will take place. The first one is at 9:30-10:00 AM, and the second one is at 10:00-10:30 AM for your convenience. \r\nLooking forward to seeing you all. \r\n\r\nBest Regards, \r\nHania Estwani\r\n', 'Back to school', '2018-10-13 06:37:07', 'Abdirashid - Fadumo Ali / Dahir', 'Third_grade3.docx', 1, NULL, '2018-10-13 03:37:26'),
(155, '68', '100', 'Salam Parents, \r\nThis is Hania Estwani, the homeroom teacher of the third graders in Minaret Academy Saturday School. \r\nI would like to remind you and welcome you to our \"back to school\" happening tomorrow, October 13. This will take place in the second floor, room 209; where two sessions will take place. The first one is at 9:30-10:00 AM, and the second one is at 10:00-10:30 AM for your convenience. \r\nLooking forward to seeing you all. \r\n\r\nBest Regards, \r\nHania Estwani\r\n', 'Back to school', '2018-10-13 06:37:07', 'Karim - Lamiaa Khayat / Bouhairi', 'Third_grade3.docx', 0, NULL, NULL),
(156, '68', '101', 'Salam Parents, \r\nThis is Hania Estwani, the homeroom teacher of the third graders in Minaret Academy Saturday School. \r\nI would like to remind you and welcome you to our \"back to school\" happening tomorrow, October 13. This will take place in the second floor, room 209; where two sessions will take place. The first one is at 9:30-10:00 AM, and the second one is at 10:00-10:30 AM for your convenience. \r\nLooking forward to seeing you all. \r\n\r\nBest Regards, \r\nHania Estwani\r\n', 'Back to school', '2018-10-13 06:37:07', 'Walied - Aiat Keshk / Keshk', 'Third_grade3.docx', 0, NULL, NULL),
(157, '68', '120', 'Salam Parents, \r\nThis is Hania Estwani, the homeroom teacher of the third graders in Minaret Academy Saturday School. \r\nI would like to remind you and welcome you to our \"back to school\" happening tomorrow, October 13. This will take place in the second floor, room 209; where two sessions will take place. The first one is at 9:30-10:00 AM, and the second one is at 10:00-10:30 AM for your convenience. \r\nLooking forward to seeing you all. \r\n\r\nBest Regards, \r\nHania Estwani\r\n', 'Back to school', '2018-10-13 06:37:07', 'Samer - Donia Ismail / Ismail', 'Third_grade3.docx', 0, NULL, NULL),
(158, '68', '121', 'Salam Parents, \r\nThis is Hania Estwani, the homeroom teacher of the third graders in Minaret Academy Saturday School. \r\nI would like to remind you and welcome you to our \"back to school\" happening tomorrow, October 13. This will take place in the second floor, room 209; where two sessions will take place. The first one is at 9:30-10:00 AM, and the second one is at 10:00-10:30 AM for your convenience. \r\nLooking forward to seeing you all. \r\n\r\nBest Regards, \r\nHania Estwani\r\n', 'Back to school', '2018-10-13 06:37:07', 'Emad - Sondos Kloub / Kloub', 'Third_grade3.docx', 0, NULL, NULL),
(159, '68', '134', 'Salam Parents, \r\nThis is Hania Estwani, the homeroom teacher of the third graders in Minaret Academy Saturday School. \r\nI would like to remind you and welcome you to our \"back to school\" happening tomorrow, October 13. This will take place in the second floor, room 209; where two sessions will take place. The first one is at 9:30-10:00 AM, and the second one is at 10:00-10:30 AM for your convenience. \r\nLooking forward to seeing you all. \r\n\r\nBest Regards, \r\nHania Estwani\r\n', 'Back to school', '2018-10-13 06:37:07', 'Gino - Sawsan Sabeh / Sabeh', 'Third_grade3.docx', 0, NULL, NULL),
(160, '68', '135', 'Salam Parents, \r\nThis is Hania Estwani, the homeroom teacher of the third graders in Minaret Academy Saturday School. \r\nI would like to remind you and welcome you to our \"back to school\" happening tomorrow, October 13. This will take place in the second floor, room 209; where two sessions will take place. The first one is at 9:30-10:00 AM, and the second one is at 10:00-10:30 AM for your convenience. \r\nLooking forward to seeing you all. \r\n\r\nBest Regards, \r\nHania Estwani\r\n', 'Back to school', '2018-10-13 06:37:07', 'Morad - May Hassan / Hassan', 'Third_grade3.docx', 0, NULL, NULL),
(161, '68', '149', 'Salam Parents, \r\nThis is Hania Estwani, the homeroom teacher of the third graders in Minaret Academy Saturday School. \r\nI would like to remind you and welcome you to our \"back to school\" happening tomorrow, October 13. This will take place in the second floor, room 209; where two sessions will take place. The first one is at 9:30-10:00 AM, and the second one is at 10:00-10:30 AM for your convenience. \r\nLooking forward to seeing you all. \r\n\r\nBest Regards, \r\nHania Estwani\r\n', 'Back to school', '2018-10-13 06:37:07', 'Mohammad - Rania Itani / Itani', 'Third_grade3.docx', 0, NULL, NULL),
(162, '68', '159', 'Salam Parents, \r\nThis is Hania Estwani, the homeroom teacher of the third graders in Minaret Academy Saturday School. \r\nI would like to remind you and welcome you to our \"back to school\" happening tomorrow, October 13. This will take place in the second floor, room 209; where two sessions will take place. The first one is at 9:30-10:00 AM, and the second one is at 10:00-10:30 AM for your convenience. \r\nLooking forward to seeing you all. \r\n\r\nBest Regards, \r\nHania Estwani\r\n', 'Back to school', '2018-10-13 06:37:07', 'Amer - Fatima / Albawab', 'Third_grade3.docx', 0, NULL, NULL),
(163, '68', '194', 'Salam Parents, \r\nThis is Hania Estwani, the homeroom teacher of the third graders in Minaret Academy Saturday School. \r\nI would like to remind you and welcome you to our \"back to school\" happening tomorrow, October 13. This will take place in the second floor, room 209; where two sessions will take place. The first one is at 9:30-10:00 AM, and the second one is at 10:00-10:30 AM for your convenience. \r\nLooking forward to seeing you all. \r\n\r\nBest Regards, \r\nHania Estwani\r\n', 'Back to school', '2018-10-13 06:37:07', 'Mahmoud - Dalia / Salamh', 'Third_grade3.docx', 0, NULL, NULL),
(164, '74', '106', 'السلام عليكم\r\nالرجاء من الاهالي الاعزاء \r\nارسال كلمة نعم فيما اذا وصلكم هذا الايميل\r\nجزاكم الله خيرا\r\n', 'الواجب', '2018-10-18 03:40:07', 'Khalil - Celia Estrada / Itani', 'H_W_12.docx', 0, NULL, NULL),
(165, '74', '107', 'السلام عليكم\r\nالرجاء من الاهالي الاعزاء \r\nارسال كلمة نعم فيما اذا وصلكم هذا الايميل\r\nجزاكم الله خيرا\r\n', 'الواجب', '2018-10-18 03:40:07', 'Mohamed - Sherin Abouelazm / Elkamash', 'H_W_12.docx', 0, NULL, NULL),
(166, '74', '111', 'السلام عليكم\r\nالرجاء من الاهالي الاعزاء \r\nارسال كلمة نعم فيما اذا وصلكم هذا الايميل\r\nجزاكم الله خيرا\r\n', 'الواجب', '2018-10-18 03:40:07', 'Arafat - Donia Abdelkarim / Abdelkarim', 'H_W_12.docx', 0, NULL, NULL),
(167, '74', '114', 'السلام عليكم\r\nالرجاء من الاهالي الاعزاء \r\nارسال كلمة نعم فيما اذا وصلكم هذا الايميل\r\nجزاكم الله خيرا\r\n', 'الواجب', '2018-10-18 03:40:07', 'Abdulkareem - Rama Sabeh / Habibeh', 'H_W_12.docx', 0, NULL, NULL),
(168, '74', '121', 'السلام عليكم\r\nالرجاء من الاهالي الاعزاء \r\nارسال كلمة نعم فيما اذا وصلكم هذا الايميل\r\nجزاكم الله خيرا\r\n', 'الواجب', '2018-10-18 03:40:07', 'Emad - Sondos Kloub / Kloub', 'H_W_12.docx', 0, NULL, NULL),
(169, '74', '125', 'السلام عليكم\r\nالرجاء من الاهالي الاعزاء \r\nارسال كلمة نعم فيما اذا وصلكم هذا الايميل\r\nجزاكم الله خيرا\r\n', 'الواجب', '2018-10-18 03:40:07', 'Iyad - Karen Abuhajjaj / Abuhajjaj', 'H_W_12.docx', 0, NULL, NULL),
(170, '74', '128', 'السلام عليكم\r\nالرجاء من الاهالي الاعزاء \r\nارسال كلمة نعم فيما اذا وصلكم هذا الايميل\r\nجزاكم الله خيرا\r\n', 'الواجب', '2018-10-18 03:40:07', 'Akram - Lubna Albajjar / Abusharar', 'H_W_12.docx', 0, NULL, NULL),
(171, '74', '135', 'السلام عليكم\r\nالرجاء من الاهالي الاعزاء \r\nارسال كلمة نعم فيما اذا وصلكم هذا الايميل\r\nجزاكم الله خيرا\r\n', 'الواجب', '2018-10-18 03:40:07', 'Morad - May Hassan / Hassan', 'H_W_12.docx', 0, NULL, NULL),
(172, '74', '141', 'السلام عليكم\r\nالرجاء من الاهالي الاعزاء \r\nارسال كلمة نعم فيما اذا وصلكم هذا الايميل\r\nجزاكم الله خيرا\r\n', 'الواجب', '2018-10-18 03:40:07', 'Toufic - Rania Masri / Masri', 'H_W_12.docx', 0, NULL, NULL),
(173, '74', '152', 'السلام عليكم\r\nالرجاء من الاهالي الاعزاء \r\nارسال كلمة نعم فيما اذا وصلكم هذا الايميل\r\nجزاكم الله خيرا\r\n', 'الواجب', '2018-10-18 03:40:07', 'Mazen - Rana / Kabbara', 'H_W_12.docx', 0, NULL, NULL),
(174, '74', '154', 'السلام عليكم\r\nالرجاء من الاهالي الاعزاء \r\nارسال كلمة نعم فيما اذا وصلكم هذا الايميل\r\nجزاكم الله خيرا\r\n', 'الواجب', '2018-10-18 03:40:07', 'Eid - Shirin Elwir / Zaid', 'H_W_12.docx', 0, NULL, NULL),
(175, '74', '155', 'السلام عليكم\r\nالرجاء من الاهالي الاعزاء \r\nارسال كلمة نعم فيما اذا وصلكم هذا الايميل\r\nجزاكم الله خيرا\r\n', 'الواجب', '2018-10-18 03:40:07', 'Jubran - Rasha Jubran / Jubran', 'H_W_12.docx', 0, NULL, NULL),
(176, '74', '165', 'السلام عليكم\r\nالرجاء من الاهالي الاعزاء \r\nارسال كلمة نعم فيما اذا وصلكم هذا الايميل\r\nجزاكم الله خيرا\r\n', 'الواجب', '2018-10-18 03:40:07', 'Eid - Heba Abdelhady / Elwir', 'H_W_12.docx', 0, NULL, NULL),
(177, '74', '191', 'السلام عليكم\r\nالرجاء من الاهالي الاعزاء \r\nارسال كلمة نعم فيما اذا وصلكم هذا الايميل\r\nجزاكم الله خيرا\r\n', 'الواجب', '2018-10-18 03:40:07', 'Abed - Manal / Taha', 'H_W_12.docx', 0, NULL, NULL),
(178, '74', '198', 'السلام عليكم\r\nالرجاء من الاهالي الاعزاء \r\nارسال كلمة نعم فيما اذا وصلكم هذا الايميل\r\nجزاكم الله خيرا\r\n', 'الواجب', '2018-10-18 03:40:07', 'Iyad - Reem / Morra', 'H_W_12.docx', 0, NULL, NULL),
(179, '74', '205', 'السلام عليكم\r\nالرجاء من الاهالي الاعزاء \r\nارسال كلمة نعم فيما اذا وصلكم هذا الايميل\r\nجزاكم الله خيرا\r\n', 'الواجب', '2018-10-18 03:40:07', 'Zeyad - Zeina El-Kassem / Maasarani', 'H_W_12.docx', 0, NULL, NULL),
(180, '74', '207', 'السلام عليكم\r\nالرجاء من الاهالي الاعزاء \r\nارسال كلمة نعم فيما اذا وصلكم هذا الايميل\r\nجزاكم الله خيرا\r\n', 'الواجب', '2018-10-18 03:40:07', 'Saif - Rasha Karamani / Rahimeh', 'H_W_12.docx', 0, NULL, NULL),
(181, '74', '208', 'السلام عليكم\r\nالرجاء من الاهالي الاعزاء \r\nارسال كلمة نعم فيما اذا وصلكم هذا الايميل\r\nجزاكم الله خيرا\r\n', 'الواجب', '2018-10-18 03:40:07', 'Emad - Rasha / Masadeh', 'H_W_12.docx', 0, NULL, NULL),
(183, '74', '106', 'السلام عليكم\r\nهناك فحص السبت القادم ان شاء الله وذلك في سورة القارعة كاملة\r\nالرجاء تدريب اولادكم على حفظها جيدا وبدون اي خطأ وذلك ليحصل على الشهادة في الاسبوع الذي يليه\r\nلاتدعوا الفرصة تفوت اولادكم\r\nشاكرين تعاونكم\r\nاستاذة ميسون قطان', 'QURAAN TEST', '2018-10-25 08:07:40', 'Khalil - Celia Estrada / Itani', NULL, 0, NULL, NULL),
(184, '74', '107', 'السلام عليكم\r\nهناك فحص السبت القادم ان شاء الله وذلك في سورة القارعة كاملة\r\nالرجاء تدريب اولادكم على حفظها جيدا وبدون اي خطأ وذلك ليحصل على الشهادة في الاسبوع الذي يليه\r\nلاتدعوا الفرصة تفوت اولادكم\r\nشاكرين تعاونكم\r\nاستاذة ميسون قطان', 'QURAAN TEST', '2018-10-25 08:07:40', 'Mohamed - Sherin Abouelazm / Elkamash', NULL, 0, NULL, NULL),
(185, '74', '111', 'السلام عليكم\r\nهناك فحص السبت القادم ان شاء الله وذلك في سورة القارعة كاملة\r\nالرجاء تدريب اولادكم على حفظها جيدا وبدون اي خطأ وذلك ليحصل على الشهادة في الاسبوع الذي يليه\r\nلاتدعوا الفرصة تفوت اولادكم\r\nشاكرين تعاونكم\r\nاستاذة ميسون قطان', 'QURAAN TEST', '2018-10-25 08:07:40', 'Arafat - Donia Abdelkarim / Abdelkarim', NULL, 0, NULL, NULL),
(186, '74', '114', 'السلام عليكم\r\nهناك فحص السبت القادم ان شاء الله وذلك في سورة القارعة كاملة\r\nالرجاء تدريب اولادكم على حفظها جيدا وبدون اي خطأ وذلك ليحصل على الشهادة في الاسبوع الذي يليه\r\nلاتدعوا الفرصة تفوت اولادكم\r\nشاكرين تعاونكم\r\nاستاذة ميسون قطان', 'QURAAN TEST', '2018-10-25 08:07:40', 'Abdulkareem - Rama Sabeh / Habibeh', NULL, 0, NULL, NULL),
(187, '74', '121', 'السلام عليكم\r\nهناك فحص السبت القادم ان شاء الله وذلك في سورة القارعة كاملة\r\nالرجاء تدريب اولادكم على حفظها جيدا وبدون اي خطأ وذلك ليحصل على الشهادة في الاسبوع الذي يليه\r\nلاتدعوا الفرصة تفوت اولادكم\r\nشاكرين تعاونكم\r\nاستاذة ميسون قطان', 'QURAAN TEST', '2018-10-25 08:07:40', 'Emad - Sondos Kloub / Kloub', NULL, 0, NULL, NULL),
(188, '74', '125', 'السلام عليكم\r\nهناك فحص السبت القادم ان شاء الله وذلك في سورة القارعة كاملة\r\nالرجاء تدريب اولادكم على حفظها جيدا وبدون اي خطأ وذلك ليحصل على الشهادة في الاسبوع الذي يليه\r\nلاتدعوا الفرصة تفوت اولادكم\r\nشاكرين تعاونكم\r\nاستاذة ميسون قطان', 'QURAAN TEST', '2018-10-25 08:07:40', 'Iyad - Karen Abuhajjaj / Abuhajjaj', NULL, 0, NULL, NULL),
(189, '74', '128', 'السلام عليكم\r\nهناك فحص السبت القادم ان شاء الله وذلك في سورة القارعة كاملة\r\nالرجاء تدريب اولادكم على حفظها جيدا وبدون اي خطأ وذلك ليحصل على الشهادة في الاسبوع الذي يليه\r\nلاتدعوا الفرصة تفوت اولادكم\r\nشاكرين تعاونكم\r\nاستاذة ميسون قطان', 'QURAAN TEST', '2018-10-25 08:07:40', 'Akram - Lubna Albajjar / Abusharar', NULL, 0, NULL, NULL),
(190, '74', '135', 'السلام عليكم\r\nهناك فحص السبت القادم ان شاء الله وذلك في سورة القارعة كاملة\r\nالرجاء تدريب اولادكم على حفظها جيدا وبدون اي خطأ وذلك ليحصل على الشهادة في الاسبوع الذي يليه\r\nلاتدعوا الفرصة تفوت اولادكم\r\nشاكرين تعاونكم\r\nاستاذة ميسون قطان', 'QURAAN TEST', '2018-10-25 08:07:40', 'Morad - May Hassan / Hassan', NULL, 0, NULL, NULL),
(191, '74', '141', 'السلام عليكم\r\nهناك فحص السبت القادم ان شاء الله وذلك في سورة القارعة كاملة\r\nالرجاء تدريب اولادكم على حفظها جيدا وبدون اي خطأ وذلك ليحصل على الشهادة في الاسبوع الذي يليه\r\nلاتدعوا الفرصة تفوت اولادكم\r\nشاكرين تعاونكم\r\nاستاذة ميسون قطان', 'QURAAN TEST', '2018-10-25 08:07:40', 'Toufic - Rania Masri / Masri', NULL, 0, NULL, NULL),
(192, '74', '152', 'السلام عليكم\r\nهناك فحص السبت القادم ان شاء الله وذلك في سورة القارعة كاملة\r\nالرجاء تدريب اولادكم على حفظها جيدا وبدون اي خطأ وذلك ليحصل على الشهادة في الاسبوع الذي يليه\r\nلاتدعوا الفرصة تفوت اولادكم\r\nشاكرين تعاونكم\r\nاستاذة ميسون قطان', 'QURAAN TEST', '2018-10-25 08:07:40', 'Mazen - Rana / Kabbara', NULL, 0, NULL, NULL),
(193, '74', '154', 'السلام عليكم\r\nهناك فحص السبت القادم ان شاء الله وذلك في سورة القارعة كاملة\r\nالرجاء تدريب اولادكم على حفظها جيدا وبدون اي خطأ وذلك ليحصل على الشهادة في الاسبوع الذي يليه\r\nلاتدعوا الفرصة تفوت اولادكم\r\nشاكرين تعاونكم\r\nاستاذة ميسون قطان', 'QURAAN TEST', '2018-10-25 08:07:40', 'Eid - Shirin Elwir / Zaid', NULL, 0, NULL, NULL),
(194, '74', '155', 'السلام عليكم\r\nهناك فحص السبت القادم ان شاء الله وذلك في سورة القارعة كاملة\r\nالرجاء تدريب اولادكم على حفظها جيدا وبدون اي خطأ وذلك ليحصل على الشهادة في الاسبوع الذي يليه\r\nلاتدعوا الفرصة تفوت اولادكم\r\nشاكرين تعاونكم\r\nاستاذة ميسون قطان', 'QURAAN TEST', '2018-10-25 08:07:40', 'Jubran - Rasha Jubran / Jubran', NULL, 0, NULL, NULL),
(195, '74', '165', 'السلام عليكم\r\nهناك فحص السبت القادم ان شاء الله وذلك في سورة القارعة كاملة\r\nالرجاء تدريب اولادكم على حفظها جيدا وبدون اي خطأ وذلك ليحصل على الشهادة في الاسبوع الذي يليه\r\nلاتدعوا الفرصة تفوت اولادكم\r\nشاكرين تعاونكم\r\nاستاذة ميسون قطان', 'QURAAN TEST', '2018-10-25 08:07:40', 'Eid - Heba Abdelhady / Elwir', NULL, 0, NULL, NULL),
(196, '74', '191', 'السلام عليكم\r\nهناك فحص السبت القادم ان شاء الله وذلك في سورة القارعة كاملة\r\nالرجاء تدريب اولادكم على حفظها جيدا وبدون اي خطأ وذلك ليحصل على الشهادة في الاسبوع الذي يليه\r\nلاتدعوا الفرصة تفوت اولادكم\r\nشاكرين تعاونكم\r\nاستاذة ميسون قطان', 'QURAAN TEST', '2018-10-25 08:07:40', 'Abed - Manal / Taha', NULL, 0, NULL, NULL),
(197, '74', '198', 'السلام عليكم\r\nهناك فحص السبت القادم ان شاء الله وذلك في سورة القارعة كاملة\r\nالرجاء تدريب اولادكم على حفظها جيدا وبدون اي خطأ وذلك ليحصل على الشهادة في الاسبوع الذي يليه\r\nلاتدعوا الفرصة تفوت اولادكم\r\nشاكرين تعاونكم\r\nاستاذة ميسون قطان', 'QURAAN TEST', '2018-10-25 08:07:40', 'Iyad - Reem / Morra', NULL, 0, NULL, NULL),
(198, '74', '205', 'السلام عليكم\r\nهناك فحص السبت القادم ان شاء الله وذلك في سورة القارعة كاملة\r\nالرجاء تدريب اولادكم على حفظها جيدا وبدون اي خطأ وذلك ليحصل على الشهادة في الاسبوع الذي يليه\r\nلاتدعوا الفرصة تفوت اولادكم\r\nشاكرين تعاونكم\r\nاستاذة ميسون قطان', 'QURAAN TEST', '2018-10-25 08:07:40', 'Zeyad - Zeina El-Kassem / Maasarani', NULL, 0, NULL, NULL),
(199, '74', '207', 'السلام عليكم\r\nهناك فحص السبت القادم ان شاء الله وذلك في سورة القارعة كاملة\r\nالرجاء تدريب اولادكم على حفظها جيدا وبدون اي خطأ وذلك ليحصل على الشهادة في الاسبوع الذي يليه\r\nلاتدعوا الفرصة تفوت اولادكم\r\nشاكرين تعاونكم\r\nاستاذة ميسون قطان', 'QURAAN TEST', '2018-10-25 08:07:40', 'Saif - Rasha Karamani / Rahimeh', NULL, 0, NULL, NULL),
(200, '74', '208', 'السلام عليكم\r\nهناك فحص السبت القادم ان شاء الله وذلك في سورة القارعة كاملة\r\nالرجاء تدريب اولادكم على حفظها جيدا وبدون اي خطأ وذلك ليحصل على الشهادة في الاسبوع الذي يليه\r\nلاتدعوا الفرصة تفوت اولادكم\r\nشاكرين تعاونكم\r\nاستاذة ميسون قطان', 'QURAAN TEST', '2018-10-25 08:07:40', 'Emad - Rasha / Masadeh', NULL, 0, NULL, NULL),
(201, '74', '106', 'فحص في سورة القارعة', 'test', '2018-10-25 20:20:18', 'Khalil - Celia Estrada / Itani', 'ملاحظة_هامة_لحفظ_القران.docx', 0, NULL, NULL),
(202, '74', '107', 'فحص في سورة القارعة', 'test', '2018-10-25 20:20:18', 'Mohamed - Sherin Abouelazm / Elkamash', 'ملاحظة_هامة_لحفظ_القران.docx', 0, NULL, NULL),
(203, '74', '111', 'فحص في سورة القارعة', 'test', '2018-10-25 20:20:18', 'Arafat - Donia Abdelkarim / Abdelkarim', 'ملاحظة_هامة_لحفظ_القران.docx', 0, NULL, NULL),
(204, '74', '114', 'فحص في سورة القارعة', 'test', '2018-10-25 20:20:18', 'Abdulkareem - Rama Sabeh / Habibeh', 'ملاحظة_هامة_لحفظ_القران.docx', 0, NULL, NULL),
(205, '74', '121', 'فحص في سورة القارعة', 'test', '2018-10-25 20:20:18', 'Emad - Sondos Kloub / Kloub', 'ملاحظة_هامة_لحفظ_القران.docx', 0, NULL, NULL),
(206, '74', '125', 'فحص في سورة القارعة', 'test', '2018-10-25 20:20:18', 'Iyad - Karen Abuhajjaj / Abuhajjaj', 'ملاحظة_هامة_لحفظ_القران.docx', 0, NULL, NULL),
(207, '74', '128', 'فحص في سورة القارعة', 'test', '2018-10-25 20:20:18', 'Akram - Lubna Albajjar / Abusharar', 'ملاحظة_هامة_لحفظ_القران.docx', 0, NULL, NULL),
(208, '74', '135', 'فحص في سورة القارعة', 'test', '2018-10-25 20:20:18', 'Morad - May Hassan / Hassan', 'ملاحظة_هامة_لحفظ_القران.docx', 0, NULL, NULL),
(209, '74', '141', 'فحص في سورة القارعة', 'test', '2018-10-25 20:20:18', 'Toufic - Rania Masri / Masri', 'ملاحظة_هامة_لحفظ_القران.docx', 0, NULL, NULL),
(210, '74', '152', 'فحص في سورة القارعة', 'test', '2018-10-25 20:20:18', 'Mazen - Rana / Kabbara', 'ملاحظة_هامة_لحفظ_القران.docx', 0, NULL, NULL),
(211, '74', '154', 'فحص في سورة القارعة', 'test', '2018-10-25 20:20:18', 'Eid - Shirin Elwir / Zaid', 'ملاحظة_هامة_لحفظ_القران.docx', 0, NULL, NULL),
(212, '74', '155', 'فحص في سورة القارعة', 'test', '2018-10-25 20:20:18', 'Jubran - Rasha Jubran / Jubran', 'ملاحظة_هامة_لحفظ_القران.docx', 0, NULL, NULL),
(213, '74', '165', 'فحص في سورة القارعة', 'test', '2018-10-25 20:20:18', 'Eid - Heba Abdelhady / Elwir', 'ملاحظة_هامة_لحفظ_القران.docx', 0, NULL, NULL),
(214, '74', '191', 'فحص في سورة القارعة', 'test', '2018-10-25 20:20:18', 'Abed - Manal / Taha', 'ملاحظة_هامة_لحفظ_القران.docx', 0, NULL, NULL),
(215, '74', '198', 'فحص في سورة القارعة', 'test', '2018-10-25 20:20:18', 'Iyad - Reem / Morra', 'ملاحظة_هامة_لحفظ_القران.docx', 0, NULL, NULL),
(216, '74', '205', 'فحص في سورة القارعة', 'test', '2018-10-25 20:20:18', 'Zeyad - Zeina El-Kassem / Maasarani', 'ملاحظة_هامة_لحفظ_القران.docx', 0, NULL, NULL),
(217, '74', '207', 'فحص في سورة القارعة', 'test', '2018-10-25 20:20:18', 'Saif - Rasha Karamani / Rahimeh', 'ملاحظة_هامة_لحفظ_القران.docx', 0, NULL, NULL),
(218, '74', '208', 'فحص في سورة القارعة', 'test', '2018-10-25 20:20:18', 'Emad - Rasha / Masadeh', 'ملاحظة_هامة_لحفظ_القران.docx', 0, NULL, NULL),
(219, '74', '106', 'H.W', 'الواجب', '2018-10-25 20:21:26', 'Khalil - Celia Estrada / Itani', 'H_W3.docx', 0, NULL, NULL),
(220, '74', '107', 'H.W', 'الواجب', '2018-10-25 20:21:26', 'Mohamed - Sherin Abouelazm / Elkamash', 'H_W3.docx', 1, NULL, '2018-10-27 16:47:05'),
(221, '74', '111', 'H.W', 'الواجب', '2018-10-25 20:21:26', 'Arafat - Donia Abdelkarim / Abdelkarim', 'H_W3.docx', 0, NULL, NULL),
(222, '74', '114', 'H.W', 'الواجب', '2018-10-25 20:21:26', 'Abdulkareem - Rama Sabeh / Habibeh', 'H_W3.docx', 1, NULL, '2018-10-27 21:14:07'),
(223, '74', '121', 'H.W', 'الواجب', '2018-10-25 20:21:26', 'Emad - Sondos Kloub / Kloub', 'H_W3.docx', 0, NULL, NULL),
(224, '74', '125', 'H.W', 'الواجب', '2018-10-25 20:21:26', 'Iyad - Karen Abuhajjaj / Abuhajjaj', 'H_W3.docx', 0, NULL, NULL),
(225, '74', '128', 'H.W', 'الواجب', '2018-10-25 20:21:26', 'Akram - Lubna Albajjar / Abusharar', 'H_W3.docx', 0, NULL, NULL),
(226, '74', '135', 'H.W', 'الواجب', '2018-10-25 20:21:26', 'Morad - May Hassan / Hassan', 'H_W3.docx', 0, NULL, NULL),
(227, '74', '141', 'H.W', 'الواجب', '2018-10-25 20:21:26', 'Toufic - Rania Masri / Masri', 'H_W3.docx', 0, NULL, NULL),
(228, '74', '152', 'H.W', 'الواجب', '2018-10-25 20:21:26', 'Mazen - Rana / Kabbara', 'H_W3.docx', 0, NULL, NULL),
(229, '74', '154', 'H.W', 'الواجب', '2018-10-25 20:21:26', 'Eid - Shirin Elwir / Zaid', 'H_W3.docx', 0, NULL, NULL),
(230, '74', '155', 'H.W', 'الواجب', '2018-10-25 20:21:26', 'Jubran - Rasha Jubran / Jubran', 'H_W3.docx', 0, NULL, NULL),
(231, '74', '165', 'H.W', 'الواجب', '2018-10-25 20:21:26', 'Eid - Heba Abdelhady / Elwir', 'H_W3.docx', 0, NULL, NULL),
(232, '74', '191', 'H.W', 'الواجب', '2018-10-25 20:21:26', 'Abed - Manal / Taha', 'H_W3.docx', 0, NULL, NULL),
(233, '74', '198', 'H.W', 'الواجب', '2018-10-25 20:21:26', 'Iyad - Reem / Morra', 'H_W3.docx', 0, NULL, NULL),
(234, '74', '205', 'H.W', 'الواجب', '2018-10-25 20:21:26', 'Zeyad - Zeina El-Kassem / Maasarani', 'H_W3.docx', 0, NULL, NULL),
(235, '74', '207', 'H.W', 'الواجب', '2018-10-25 20:21:26', 'Saif - Rasha Karamani / Rahimeh', 'H_W3.docx', 0, NULL, NULL),
(236, '74', '208', 'H.W', 'الواجب', '2018-10-25 20:21:26', 'Emad - Rasha / Masadeh', 'H_W3.docx', 0, NULL, NULL),
(237, '74', '106', 'السلام عليكم ورحمة الله وبركاته\r\n:الاهالي الاعزاء\r\nاولادنا اكبادنا تمشي على الرض\r\nوهم امانة اودعها الله سبحانه وتعالى لنعلمهم دين الاسلام وقراءة القران\r\nلذلك اطلب من حضرتكم الاهتمام اكثر في مساعدة اولادكم لحفظ سورة القارعةذلك لان السبت الماضي كان عدد الطلاب الحافظين جيدا قليل جدا يؤسفني ذلك\r\nلذلك سوف اعطي فرصة اخرى لباقي الطلاب وذلك لاعادة الفحص في سورة القارعة وذلك في السبت القادم ان شاء الله\r\nالرجاء الرجاء الرجاء مساعدتهم قدر الامكان حتى يحصلو على الشهادةالتي سيتم توزيعها على الطلاب وقت الطابور الصباحي\r\nشاكرين تعاونكم\r\nاستاذة ميسون قطان', 'مدرسة السبت', '2018-10-31 06:05:26', 'Khalil - Celia Estrada / Itani', NULL, 0, NULL, NULL);
INSERT INTO `messages` (`id`, `msg_from`, `msg_to`, `msg_content`, `msg_subject`, `msg_date`, `for_parent`, `msg_file`, `seen`, `created_at`, `updated_at`) VALUES
(238, '74', '107', 'السلام عليكم ورحمة الله وبركاته\r\n:الاهالي الاعزاء\r\nاولادنا اكبادنا تمشي على الرض\r\nوهم امانة اودعها الله سبحانه وتعالى لنعلمهم دين الاسلام وقراءة القران\r\nلذلك اطلب من حضرتكم الاهتمام اكثر في مساعدة اولادكم لحفظ سورة القارعةذلك لان السبت الماضي كان عدد الطلاب الحافظين جيدا قليل جدا يؤسفني ذلك\r\nلذلك سوف اعطي فرصة اخرى لباقي الطلاب وذلك لاعادة الفحص في سورة القارعة وذلك في السبت القادم ان شاء الله\r\nالرجاء الرجاء الرجاء مساعدتهم قدر الامكان حتى يحصلو على الشهادةالتي سيتم توزيعها على الطلاب وقت الطابور الصباحي\r\nشاكرين تعاونكم\r\nاستاذة ميسون قطان', 'مدرسة السبت', '2018-10-31 06:05:26', 'Mohamed - Sherin Abouelazm / Elkamash', NULL, 0, NULL, NULL),
(239, '74', '111', 'السلام عليكم ورحمة الله وبركاته\r\n:الاهالي الاعزاء\r\nاولادنا اكبادنا تمشي على الرض\r\nوهم امانة اودعها الله سبحانه وتعالى لنعلمهم دين الاسلام وقراءة القران\r\nلذلك اطلب من حضرتكم الاهتمام اكثر في مساعدة اولادكم لحفظ سورة القارعةذلك لان السبت الماضي كان عدد الطلاب الحافظين جيدا قليل جدا يؤسفني ذلك\r\nلذلك سوف اعطي فرصة اخرى لباقي الطلاب وذلك لاعادة الفحص في سورة القارعة وذلك في السبت القادم ان شاء الله\r\nالرجاء الرجاء الرجاء مساعدتهم قدر الامكان حتى يحصلو على الشهادةالتي سيتم توزيعها على الطلاب وقت الطابور الصباحي\r\nشاكرين تعاونكم\r\nاستاذة ميسون قطان', 'مدرسة السبت', '2018-10-31 06:05:26', 'Arafat - Donia Abdelkarim / Abdelkarim', NULL, 0, NULL, NULL),
(240, '74', '114', 'السلام عليكم ورحمة الله وبركاته\r\n:الاهالي الاعزاء\r\nاولادنا اكبادنا تمشي على الرض\r\nوهم امانة اودعها الله سبحانه وتعالى لنعلمهم دين الاسلام وقراءة القران\r\nلذلك اطلب من حضرتكم الاهتمام اكثر في مساعدة اولادكم لحفظ سورة القارعةذلك لان السبت الماضي كان عدد الطلاب الحافظين جيدا قليل جدا يؤسفني ذلك\r\nلذلك سوف اعطي فرصة اخرى لباقي الطلاب وذلك لاعادة الفحص في سورة القارعة وذلك في السبت القادم ان شاء الله\r\nالرجاء الرجاء الرجاء مساعدتهم قدر الامكان حتى يحصلو على الشهادةالتي سيتم توزيعها على الطلاب وقت الطابور الصباحي\r\nشاكرين تعاونكم\r\nاستاذة ميسون قطان', 'مدرسة السبت', '2018-10-31 06:05:26', 'Abdulkareem - Rama Sabeh / Habibeh', NULL, 0, NULL, NULL),
(241, '74', '121', 'السلام عليكم ورحمة الله وبركاته\r\n:الاهالي الاعزاء\r\nاولادنا اكبادنا تمشي على الرض\r\nوهم امانة اودعها الله سبحانه وتعالى لنعلمهم دين الاسلام وقراءة القران\r\nلذلك اطلب من حضرتكم الاهتمام اكثر في مساعدة اولادكم لحفظ سورة القارعةذلك لان السبت الماضي كان عدد الطلاب الحافظين جيدا قليل جدا يؤسفني ذلك\r\nلذلك سوف اعطي فرصة اخرى لباقي الطلاب وذلك لاعادة الفحص في سورة القارعة وذلك في السبت القادم ان شاء الله\r\nالرجاء الرجاء الرجاء مساعدتهم قدر الامكان حتى يحصلو على الشهادةالتي سيتم توزيعها على الطلاب وقت الطابور الصباحي\r\nشاكرين تعاونكم\r\nاستاذة ميسون قطان', 'مدرسة السبت', '2018-10-31 06:05:26', 'Emad - Sondos Kloub / Kloub', NULL, 0, NULL, NULL),
(242, '74', '125', 'السلام عليكم ورحمة الله وبركاته\r\n:الاهالي الاعزاء\r\nاولادنا اكبادنا تمشي على الرض\r\nوهم امانة اودعها الله سبحانه وتعالى لنعلمهم دين الاسلام وقراءة القران\r\nلذلك اطلب من حضرتكم الاهتمام اكثر في مساعدة اولادكم لحفظ سورة القارعةذلك لان السبت الماضي كان عدد الطلاب الحافظين جيدا قليل جدا يؤسفني ذلك\r\nلذلك سوف اعطي فرصة اخرى لباقي الطلاب وذلك لاعادة الفحص في سورة القارعة وذلك في السبت القادم ان شاء الله\r\nالرجاء الرجاء الرجاء مساعدتهم قدر الامكان حتى يحصلو على الشهادةالتي سيتم توزيعها على الطلاب وقت الطابور الصباحي\r\nشاكرين تعاونكم\r\nاستاذة ميسون قطان', 'مدرسة السبت', '2018-10-31 06:05:26', 'Iyad - Karen Abuhajjaj / Abuhajjaj', NULL, 0, NULL, NULL),
(243, '74', '128', 'السلام عليكم ورحمة الله وبركاته\r\n:الاهالي الاعزاء\r\nاولادنا اكبادنا تمشي على الرض\r\nوهم امانة اودعها الله سبحانه وتعالى لنعلمهم دين الاسلام وقراءة القران\r\nلذلك اطلب من حضرتكم الاهتمام اكثر في مساعدة اولادكم لحفظ سورة القارعةذلك لان السبت الماضي كان عدد الطلاب الحافظين جيدا قليل جدا يؤسفني ذلك\r\nلذلك سوف اعطي فرصة اخرى لباقي الطلاب وذلك لاعادة الفحص في سورة القارعة وذلك في السبت القادم ان شاء الله\r\nالرجاء الرجاء الرجاء مساعدتهم قدر الامكان حتى يحصلو على الشهادةالتي سيتم توزيعها على الطلاب وقت الطابور الصباحي\r\nشاكرين تعاونكم\r\nاستاذة ميسون قطان', 'مدرسة السبت', '2018-10-31 06:05:26', 'Akram - Lubna Albajjar / Abusharar', NULL, 0, NULL, NULL),
(244, '74', '135', 'السلام عليكم ورحمة الله وبركاته\r\n:الاهالي الاعزاء\r\nاولادنا اكبادنا تمشي على الرض\r\nوهم امانة اودعها الله سبحانه وتعالى لنعلمهم دين الاسلام وقراءة القران\r\nلذلك اطلب من حضرتكم الاهتمام اكثر في مساعدة اولادكم لحفظ سورة القارعةذلك لان السبت الماضي كان عدد الطلاب الحافظين جيدا قليل جدا يؤسفني ذلك\r\nلذلك سوف اعطي فرصة اخرى لباقي الطلاب وذلك لاعادة الفحص في سورة القارعة وذلك في السبت القادم ان شاء الله\r\nالرجاء الرجاء الرجاء مساعدتهم قدر الامكان حتى يحصلو على الشهادةالتي سيتم توزيعها على الطلاب وقت الطابور الصباحي\r\nشاكرين تعاونكم\r\nاستاذة ميسون قطان', 'مدرسة السبت', '2018-10-31 06:05:26', 'Morad - May Hassan / Hassan', NULL, 0, NULL, NULL),
(245, '74', '141', 'السلام عليكم ورحمة الله وبركاته\r\n:الاهالي الاعزاء\r\nاولادنا اكبادنا تمشي على الرض\r\nوهم امانة اودعها الله سبحانه وتعالى لنعلمهم دين الاسلام وقراءة القران\r\nلذلك اطلب من حضرتكم الاهتمام اكثر في مساعدة اولادكم لحفظ سورة القارعةذلك لان السبت الماضي كان عدد الطلاب الحافظين جيدا قليل جدا يؤسفني ذلك\r\nلذلك سوف اعطي فرصة اخرى لباقي الطلاب وذلك لاعادة الفحص في سورة القارعة وذلك في السبت القادم ان شاء الله\r\nالرجاء الرجاء الرجاء مساعدتهم قدر الامكان حتى يحصلو على الشهادةالتي سيتم توزيعها على الطلاب وقت الطابور الصباحي\r\nشاكرين تعاونكم\r\nاستاذة ميسون قطان', 'مدرسة السبت', '2018-10-31 06:05:26', 'Toufic - Rania Masri / Masri', NULL, 0, NULL, NULL),
(246, '74', '152', 'السلام عليكم ورحمة الله وبركاته\r\n:الاهالي الاعزاء\r\nاولادنا اكبادنا تمشي على الرض\r\nوهم امانة اودعها الله سبحانه وتعالى لنعلمهم دين الاسلام وقراءة القران\r\nلذلك اطلب من حضرتكم الاهتمام اكثر في مساعدة اولادكم لحفظ سورة القارعةذلك لان السبت الماضي كان عدد الطلاب الحافظين جيدا قليل جدا يؤسفني ذلك\r\nلذلك سوف اعطي فرصة اخرى لباقي الطلاب وذلك لاعادة الفحص في سورة القارعة وذلك في السبت القادم ان شاء الله\r\nالرجاء الرجاء الرجاء مساعدتهم قدر الامكان حتى يحصلو على الشهادةالتي سيتم توزيعها على الطلاب وقت الطابور الصباحي\r\nشاكرين تعاونكم\r\nاستاذة ميسون قطان', 'مدرسة السبت', '2018-10-31 06:05:26', 'Mazen - Rana / Kabbara', NULL, 0, NULL, NULL),
(247, '74', '154', 'السلام عليكم ورحمة الله وبركاته\r\n:الاهالي الاعزاء\r\nاولادنا اكبادنا تمشي على الرض\r\nوهم امانة اودعها الله سبحانه وتعالى لنعلمهم دين الاسلام وقراءة القران\r\nلذلك اطلب من حضرتكم الاهتمام اكثر في مساعدة اولادكم لحفظ سورة القارعةذلك لان السبت الماضي كان عدد الطلاب الحافظين جيدا قليل جدا يؤسفني ذلك\r\nلذلك سوف اعطي فرصة اخرى لباقي الطلاب وذلك لاعادة الفحص في سورة القارعة وذلك في السبت القادم ان شاء الله\r\nالرجاء الرجاء الرجاء مساعدتهم قدر الامكان حتى يحصلو على الشهادةالتي سيتم توزيعها على الطلاب وقت الطابور الصباحي\r\nشاكرين تعاونكم\r\nاستاذة ميسون قطان', 'مدرسة السبت', '2018-10-31 06:05:26', 'Eid - Shirin Elwir / Zaid', NULL, 0, NULL, NULL),
(248, '74', '155', 'السلام عليكم ورحمة الله وبركاته\r\n:الاهالي الاعزاء\r\nاولادنا اكبادنا تمشي على الرض\r\nوهم امانة اودعها الله سبحانه وتعالى لنعلمهم دين الاسلام وقراءة القران\r\nلذلك اطلب من حضرتكم الاهتمام اكثر في مساعدة اولادكم لحفظ سورة القارعةذلك لان السبت الماضي كان عدد الطلاب الحافظين جيدا قليل جدا يؤسفني ذلك\r\nلذلك سوف اعطي فرصة اخرى لباقي الطلاب وذلك لاعادة الفحص في سورة القارعة وذلك في السبت القادم ان شاء الله\r\nالرجاء الرجاء الرجاء مساعدتهم قدر الامكان حتى يحصلو على الشهادةالتي سيتم توزيعها على الطلاب وقت الطابور الصباحي\r\nشاكرين تعاونكم\r\nاستاذة ميسون قطان', 'مدرسة السبت', '2018-10-31 06:05:26', 'Jubran - Rasha Jubran / Jubran', NULL, 0, NULL, NULL),
(249, '74', '165', 'السلام عليكم ورحمة الله وبركاته\r\n:الاهالي الاعزاء\r\nاولادنا اكبادنا تمشي على الرض\r\nوهم امانة اودعها الله سبحانه وتعالى لنعلمهم دين الاسلام وقراءة القران\r\nلذلك اطلب من حضرتكم الاهتمام اكثر في مساعدة اولادكم لحفظ سورة القارعةذلك لان السبت الماضي كان عدد الطلاب الحافظين جيدا قليل جدا يؤسفني ذلك\r\nلذلك سوف اعطي فرصة اخرى لباقي الطلاب وذلك لاعادة الفحص في سورة القارعة وذلك في السبت القادم ان شاء الله\r\nالرجاء الرجاء الرجاء مساعدتهم قدر الامكان حتى يحصلو على الشهادةالتي سيتم توزيعها على الطلاب وقت الطابور الصباحي\r\nشاكرين تعاونكم\r\nاستاذة ميسون قطان', 'مدرسة السبت', '2018-10-31 06:05:26', 'Eid - Heba Abdelhady / Elwir', NULL, 0, NULL, NULL),
(250, '74', '191', 'السلام عليكم ورحمة الله وبركاته\r\n:الاهالي الاعزاء\r\nاولادنا اكبادنا تمشي على الرض\r\nوهم امانة اودعها الله سبحانه وتعالى لنعلمهم دين الاسلام وقراءة القران\r\nلذلك اطلب من حضرتكم الاهتمام اكثر في مساعدة اولادكم لحفظ سورة القارعةذلك لان السبت الماضي كان عدد الطلاب الحافظين جيدا قليل جدا يؤسفني ذلك\r\nلذلك سوف اعطي فرصة اخرى لباقي الطلاب وذلك لاعادة الفحص في سورة القارعة وذلك في السبت القادم ان شاء الله\r\nالرجاء الرجاء الرجاء مساعدتهم قدر الامكان حتى يحصلو على الشهادةالتي سيتم توزيعها على الطلاب وقت الطابور الصباحي\r\nشاكرين تعاونكم\r\nاستاذة ميسون قطان', 'مدرسة السبت', '2018-10-31 06:05:26', 'Abed - Manal / Taha', NULL, 0, NULL, NULL),
(251, '74', '198', 'السلام عليكم ورحمة الله وبركاته\r\n:الاهالي الاعزاء\r\nاولادنا اكبادنا تمشي على الرض\r\nوهم امانة اودعها الله سبحانه وتعالى لنعلمهم دين الاسلام وقراءة القران\r\nلذلك اطلب من حضرتكم الاهتمام اكثر في مساعدة اولادكم لحفظ سورة القارعةذلك لان السبت الماضي كان عدد الطلاب الحافظين جيدا قليل جدا يؤسفني ذلك\r\nلذلك سوف اعطي فرصة اخرى لباقي الطلاب وذلك لاعادة الفحص في سورة القارعة وذلك في السبت القادم ان شاء الله\r\nالرجاء الرجاء الرجاء مساعدتهم قدر الامكان حتى يحصلو على الشهادةالتي سيتم توزيعها على الطلاب وقت الطابور الصباحي\r\nشاكرين تعاونكم\r\nاستاذة ميسون قطان', 'مدرسة السبت', '2018-10-31 06:05:26', 'Iyad - Reem / Morra', NULL, 0, NULL, NULL),
(252, '74', '205', 'السلام عليكم ورحمة الله وبركاته\r\n:الاهالي الاعزاء\r\nاولادنا اكبادنا تمشي على الرض\r\nوهم امانة اودعها الله سبحانه وتعالى لنعلمهم دين الاسلام وقراءة القران\r\nلذلك اطلب من حضرتكم الاهتمام اكثر في مساعدة اولادكم لحفظ سورة القارعةذلك لان السبت الماضي كان عدد الطلاب الحافظين جيدا قليل جدا يؤسفني ذلك\r\nلذلك سوف اعطي فرصة اخرى لباقي الطلاب وذلك لاعادة الفحص في سورة القارعة وذلك في السبت القادم ان شاء الله\r\nالرجاء الرجاء الرجاء مساعدتهم قدر الامكان حتى يحصلو على الشهادةالتي سيتم توزيعها على الطلاب وقت الطابور الصباحي\r\nشاكرين تعاونكم\r\nاستاذة ميسون قطان', 'مدرسة السبت', '2018-10-31 06:05:26', 'Zeyad - Zeina El-Kassem / Maasarani', NULL, 0, NULL, NULL),
(253, '74', '207', 'السلام عليكم ورحمة الله وبركاته\r\n:الاهالي الاعزاء\r\nاولادنا اكبادنا تمشي على الرض\r\nوهم امانة اودعها الله سبحانه وتعالى لنعلمهم دين الاسلام وقراءة القران\r\nلذلك اطلب من حضرتكم الاهتمام اكثر في مساعدة اولادكم لحفظ سورة القارعةذلك لان السبت الماضي كان عدد الطلاب الحافظين جيدا قليل جدا يؤسفني ذلك\r\nلذلك سوف اعطي فرصة اخرى لباقي الطلاب وذلك لاعادة الفحص في سورة القارعة وذلك في السبت القادم ان شاء الله\r\nالرجاء الرجاء الرجاء مساعدتهم قدر الامكان حتى يحصلو على الشهادةالتي سيتم توزيعها على الطلاب وقت الطابور الصباحي\r\nشاكرين تعاونكم\r\nاستاذة ميسون قطان', 'مدرسة السبت', '2018-10-31 06:05:26', 'Saif - Rasha Karamani / Rahimeh', NULL, 0, NULL, NULL),
(254, '74', '208', 'السلام عليكم ورحمة الله وبركاته\r\n:الاهالي الاعزاء\r\nاولادنا اكبادنا تمشي على الرض\r\nوهم امانة اودعها الله سبحانه وتعالى لنعلمهم دين الاسلام وقراءة القران\r\nلذلك اطلب من حضرتكم الاهتمام اكثر في مساعدة اولادكم لحفظ سورة القارعةذلك لان السبت الماضي كان عدد الطلاب الحافظين جيدا قليل جدا يؤسفني ذلك\r\nلذلك سوف اعطي فرصة اخرى لباقي الطلاب وذلك لاعادة الفحص في سورة القارعة وذلك في السبت القادم ان شاء الله\r\nالرجاء الرجاء الرجاء مساعدتهم قدر الامكان حتى يحصلو على الشهادةالتي سيتم توزيعها على الطلاب وقت الطابور الصباحي\r\nشاكرين تعاونكم\r\nاستاذة ميسون قطان', 'مدرسة السبت', '2018-10-31 06:05:26', 'Emad - Rasha / Masadeh', NULL, 0, NULL, NULL),
(255, '74', '215', 'السلام عليكم ورحمة الله وبركاته\r\n:الاهالي الاعزاء\r\nاولادنا اكبادنا تمشي على الرض\r\nوهم امانة اودعها الله سبحانه وتعالى لنعلمهم دين الاسلام وقراءة القران\r\nلذلك اطلب من حضرتكم الاهتمام اكثر في مساعدة اولادكم لحفظ سورة القارعةذلك لان السبت الماضي كان عدد الطلاب الحافظين جيدا قليل جدا يؤسفني ذلك\r\nلذلك سوف اعطي فرصة اخرى لباقي الطلاب وذلك لاعادة الفحص في سورة القارعة وذلك في السبت القادم ان شاء الله\r\nالرجاء الرجاء الرجاء مساعدتهم قدر الامكان حتى يحصلو على الشهادةالتي سيتم توزيعها على الطلاب وقت الطابور الصباحي\r\nشاكرين تعاونكم\r\nاستاذة ميسون قطان', 'مدرسة السبت', '2018-10-31 06:05:26', 'Syed - Nargis Azad / Mateen', NULL, 1, NULL, '2018-12-17 17:49:36'),
(256, '74', '218', 'السلام عليكم ورحمة الله وبركاته\r\n:الاهالي الاعزاء\r\nاولادنا اكبادنا تمشي على الرض\r\nوهم امانة اودعها الله سبحانه وتعالى لنعلمهم دين الاسلام وقراءة القران\r\nلذلك اطلب من حضرتكم الاهتمام اكثر في مساعدة اولادكم لحفظ سورة القارعةذلك لان السبت الماضي كان عدد الطلاب الحافظين جيدا قليل جدا يؤسفني ذلك\r\nلذلك سوف اعطي فرصة اخرى لباقي الطلاب وذلك لاعادة الفحص في سورة القارعة وذلك في السبت القادم ان شاء الله\r\nالرجاء الرجاء الرجاء مساعدتهم قدر الامكان حتى يحصلو على الشهادةالتي سيتم توزيعها على الطلاب وقت الطابور الصباحي\r\nشاكرين تعاونكم\r\nاستاذة ميسون قطان', 'مدرسة السبت', '2018-10-31 06:05:26', 'Osman - Selma Saleh / Ibrahim', NULL, 1, NULL, '2018-11-08 00:09:26'),
(257, '74', '106', 'no school tomorrow\r\n11 - 24 - 2018 ', 'Qura’n test for suret  :   القارعة ', '2018-11-23 21:48:55', 'Khalil - Celia Estrada / Itani', 'H_W_171.docx', 0, NULL, NULL),
(258, '74', '107', 'no school tomorrow\r\n11 - 24 - 2018 ', 'Qura’n test for suret  :   القارعة ', '2018-11-23 21:48:55', 'Mohamed - Sherin Abouelazm / Elkamash', 'H_W_171.docx', 0, NULL, NULL),
(259, '74', '111', 'no school tomorrow\r\n11 - 24 - 2018 ', 'Qura’n test for suret  :   القارعة ', '2018-11-23 21:48:55', 'Arafat - Donia Abdelkarim / Abdelkarim', 'H_W_171.docx', 0, NULL, NULL),
(260, '74', '114', 'no school tomorrow\r\n11 - 24 - 2018 ', 'Qura’n test for suret  :   القارعة ', '2018-11-23 21:48:55', 'Abdulkareem - Rama Sabeh / Habibeh', 'H_W_171.docx', 0, NULL, NULL),
(261, '74', '121', 'no school tomorrow\r\n11 - 24 - 2018 ', 'Qura’n test for suret  :   القارعة ', '2018-11-23 21:48:55', 'Emad - Sondos Kloub / Kloub', 'H_W_171.docx', 0, NULL, NULL),
(262, '74', '125', 'no school tomorrow\r\n11 - 24 - 2018 ', 'Qura’n test for suret  :   القارعة ', '2018-11-23 21:48:55', 'Iyad - Karen Abuhajjaj / Abuhajjaj', 'H_W_171.docx', 0, NULL, NULL),
(263, '74', '128', 'no school tomorrow\r\n11 - 24 - 2018 ', 'Qura’n test for suret  :   القارعة ', '2018-11-23 21:48:55', 'Akram - Lubna Albajjar / Abusharar', 'H_W_171.docx', 0, NULL, NULL),
(264, '74', '135', 'no school tomorrow\r\n11 - 24 - 2018 ', 'Qura’n test for suret  :   القارعة ', '2018-11-23 21:48:55', 'Morad - May Hassan / Hassan', 'H_W_171.docx', 0, NULL, NULL),
(265, '74', '141', 'no school tomorrow\r\n11 - 24 - 2018 ', 'Qura’n test for suret  :   القارعة ', '2018-11-23 21:48:55', 'Toufic - Rania Masri / Masri', 'H_W_171.docx', 0, NULL, NULL),
(266, '74', '152', 'no school tomorrow\r\n11 - 24 - 2018 ', 'Qura’n test for suret  :   القارعة ', '2018-11-23 21:48:55', 'Mazen - Rana / Kabbara', 'H_W_171.docx', 0, NULL, NULL),
(267, '74', '154', 'no school tomorrow\r\n11 - 24 - 2018 ', 'Qura’n test for suret  :   القارعة ', '2018-11-23 21:48:55', 'Eid - Shirin Elwir / Zaid', 'H_W_171.docx', 0, NULL, NULL),
(268, '74', '155', 'no school tomorrow\r\n11 - 24 - 2018 ', 'Qura’n test for suret  :   القارعة ', '2018-11-23 21:48:55', 'Jubran - Rasha Jubran / Jubran', 'H_W_171.docx', 0, NULL, NULL),
(269, '74', '165', 'no school tomorrow\r\n11 - 24 - 2018 ', 'Qura’n test for suret  :   القارعة ', '2018-11-23 21:48:55', 'Eid - Heba Abdelhady / Elwir', 'H_W_171.docx', 0, NULL, NULL),
(270, '74', '191', 'no school tomorrow\r\n11 - 24 - 2018 ', 'Qura’n test for suret  :   القارعة ', '2018-11-23 21:48:55', 'Abed - Manal / Taha', 'H_W_171.docx', 0, NULL, NULL),
(271, '74', '198', 'no school tomorrow\r\n11 - 24 - 2018 ', 'Qura’n test for suret  :   القارعة ', '2018-11-23 21:48:55', 'Iyad - Reem / Morra', 'H_W_171.docx', 0, NULL, NULL),
(272, '74', '205', 'no school tomorrow\r\n11 - 24 - 2018 ', 'Qura’n test for suret  :   القارعة ', '2018-11-23 21:48:55', 'Zeyad - Zeina El-Kassem / Maasarani', 'H_W_171.docx', 0, NULL, NULL),
(273, '74', '207', 'no school tomorrow\r\n11 - 24 - 2018 ', 'Qura’n test for suret  :   القارعة ', '2018-11-23 21:48:55', 'Saif - Rasha Karamani / Rahimeh', 'H_W_171.docx', 0, NULL, NULL),
(274, '74', '208', 'no school tomorrow\r\n11 - 24 - 2018 ', 'Qura’n test for suret  :   القارعة ', '2018-11-23 21:48:55', 'Emad - Rasha / Masadeh', 'H_W_171.docx', 0, NULL, NULL),
(275, '74', '215', 'no school tomorrow\r\n11 - 24 - 2018 ', 'Qura’n test for suret  :   القارعة ', '2018-11-23 21:48:55', 'Syed - Nargis Azad / Mateen', 'H_W_171.docx', 0, NULL, NULL),
(276, '74', '218', 'no school tomorrow\r\n11 - 24 - 2018 ', 'Qura’n test for suret  :   القارعة ', '2018-11-23 21:48:55', 'Osman - Selma Saleh / Ibrahim', 'H_W_171.docx', 0, NULL, NULL),
(277, '74', '106', 'no school tomorrow\r\n11 - 24 - 2018 ', 'Qura’n test for suret  :   القارعة ', '2018-11-23 21:49:25', 'Khalil - Celia Estrada / Itani', 'H_W_173.docx', 0, NULL, NULL),
(278, '74', '107', 'no school tomorrow\r\n11 - 24 - 2018 ', 'Qura’n test for suret  :   القارعة ', '2018-11-23 21:49:25', 'Mohamed - Sherin Abouelazm / Elkamash', 'H_W_173.docx', 0, NULL, NULL),
(279, '74', '111', 'no school tomorrow\r\n11 - 24 - 2018 ', 'Qura’n test for suret  :   القارعة ', '2018-11-23 21:49:25', 'Arafat - Donia Abdelkarim / Abdelkarim', 'H_W_173.docx', 0, NULL, NULL),
(280, '74', '114', 'no school tomorrow\r\n11 - 24 - 2018 ', 'Qura’n test for suret  :   القارعة ', '2018-11-23 21:49:25', 'Abdulkareem - Rama Sabeh / Habibeh', 'H_W_173.docx', 0, NULL, NULL),
(281, '74', '121', 'no school tomorrow\r\n11 - 24 - 2018 ', 'Qura’n test for suret  :   القارعة ', '2018-11-23 21:49:25', 'Emad - Sondos Kloub / Kloub', 'H_W_173.docx', 0, NULL, NULL),
(282, '74', '125', 'no school tomorrow\r\n11 - 24 - 2018 ', 'Qura’n test for suret  :   القارعة ', '2018-11-23 21:49:25', 'Iyad - Karen Abuhajjaj / Abuhajjaj', 'H_W_173.docx', 0, NULL, NULL),
(283, '74', '128', 'no school tomorrow\r\n11 - 24 - 2018 ', 'Qura’n test for suret  :   القارعة ', '2018-11-23 21:49:25', 'Akram - Lubna Albajjar / Abusharar', 'H_W_173.docx', 0, NULL, NULL),
(284, '74', '135', 'no school tomorrow\r\n11 - 24 - 2018 ', 'Qura’n test for suret  :   القارعة ', '2018-11-23 21:49:25', 'Morad - May Hassan / Hassan', 'H_W_173.docx', 0, NULL, NULL),
(285, '74', '141', 'no school tomorrow\r\n11 - 24 - 2018 ', 'Qura’n test for suret  :   القارعة ', '2018-11-23 21:49:25', 'Toufic - Rania Masri / Masri', 'H_W_173.docx', 0, NULL, NULL),
(286, '74', '152', 'no school tomorrow\r\n11 - 24 - 2018 ', 'Qura’n test for suret  :   القارعة ', '2018-11-23 21:49:25', 'Mazen - Rana / Kabbara', 'H_W_173.docx', 0, NULL, NULL),
(287, '74', '154', 'no school tomorrow\r\n11 - 24 - 2018 ', 'Qura’n test for suret  :   القارعة ', '2018-11-23 21:49:25', 'Eid - Shirin Elwir / Zaid', 'H_W_173.docx', 0, NULL, NULL),
(288, '74', '155', 'no school tomorrow\r\n11 - 24 - 2018 ', 'Qura’n test for suret  :   القارعة ', '2018-11-23 21:49:25', 'Jubran - Rasha Jubran / Jubran', 'H_W_173.docx', 0, NULL, NULL),
(289, '74', '165', 'no school tomorrow\r\n11 - 24 - 2018 ', 'Qura’n test for suret  :   القارعة ', '2018-11-23 21:49:25', 'Eid - Heba Abdelhady / Elwir', 'H_W_173.docx', 0, NULL, NULL),
(290, '74', '191', 'no school tomorrow\r\n11 - 24 - 2018 ', 'Qura’n test for suret  :   القارعة ', '2018-11-23 21:49:25', 'Abed - Manal / Taha', 'H_W_173.docx', 0, NULL, NULL),
(291, '74', '198', 'no school tomorrow\r\n11 - 24 - 2018 ', 'Qura’n test for suret  :   القارعة ', '2018-11-23 21:49:25', 'Iyad - Reem / Morra', 'H_W_173.docx', 0, NULL, NULL),
(292, '74', '205', 'no school tomorrow\r\n11 - 24 - 2018 ', 'Qura’n test for suret  :   القارعة ', '2018-11-23 21:49:25', 'Zeyad - Zeina El-Kassem / Maasarani', 'H_W_173.docx', 0, NULL, NULL),
(293, '74', '207', 'no school tomorrow\r\n11 - 24 - 2018 ', 'Qura’n test for suret  :   القارعة ', '2018-11-23 21:49:25', 'Saif - Rasha Karamani / Rahimeh', 'H_W_173.docx', 0, NULL, NULL),
(294, '74', '208', 'no school tomorrow\r\n11 - 24 - 2018 ', 'Qura’n test for suret  :   القارعة ', '2018-11-23 21:49:25', 'Emad - Rasha / Masadeh', 'H_W_173.docx', 0, NULL, NULL),
(295, '74', '215', 'no school tomorrow\r\n11 - 24 - 2018 ', 'Qura’n test for suret  :   القارعة ', '2018-11-23 21:49:25', 'Syed - Nargis Azad / Mateen', 'H_W_173.docx', 0, NULL, NULL),
(296, '74', '218', 'no school tomorrow\r\n11 - 24 - 2018 ', 'Qura’n test for suret  :   القارعة ', '2018-11-23 21:49:25', 'Osman - Selma Saleh / Ibrahim', 'H_W_173.docx', 0, NULL, NULL),
(297, '74', '106', 'فحص في سورة القدر', 'الواجب', '2018-11-26 20:56:56', 'Khalil - Celia Estrada / Itani', 'H_W_174.docx', 0, NULL, NULL),
(298, '74', '107', 'فحص في سورة القدر', 'الواجب', '2018-11-26 20:56:56', 'Mohamed - Sherin Abouelazm / Elkamash', 'H_W_174.docx', 0, NULL, NULL),
(299, '74', '111', 'فحص في سورة القدر', 'الواجب', '2018-11-26 20:56:56', 'Arafat - Donia Abdelkarim / Abdelkarim', 'H_W_174.docx', 0, NULL, NULL),
(300, '74', '114', 'فحص في سورة القدر', 'الواجب', '2018-11-26 20:56:56', 'Abdulkareem - Rama Sabeh / Habibeh', 'H_W_174.docx', 0, NULL, NULL),
(301, '74', '121', 'فحص في سورة القدر', 'الواجب', '2018-11-26 20:56:56', 'Emad - Sondos Kloub / Kloub', 'H_W_174.docx', 0, NULL, NULL),
(302, '74', '125', 'فحص في سورة القدر', 'الواجب', '2018-11-26 20:56:56', 'Iyad - Karen Abuhajjaj / Abuhajjaj', 'H_W_174.docx', 0, NULL, NULL),
(303, '74', '128', 'فحص في سورة القدر', 'الواجب', '2018-11-26 20:56:56', 'Akram - Lubna Albajjar / Abusharar', 'H_W_174.docx', 0, NULL, NULL),
(304, '74', '135', 'فحص في سورة القدر', 'الواجب', '2018-11-26 20:56:56', 'Morad - May Hassan / Hassan', 'H_W_174.docx', 0, NULL, NULL),
(305, '74', '141', 'فحص في سورة القدر', 'الواجب', '2018-11-26 20:56:56', 'Toufic - Rania Masri / Masri', 'H_W_174.docx', 0, NULL, NULL),
(306, '74', '152', 'فحص في سورة القدر', 'الواجب', '2018-11-26 20:56:56', 'Mazen - Rana / Kabbara', 'H_W_174.docx', 1, NULL, '2018-11-27 01:44:15'),
(307, '74', '154', 'فحص في سورة القدر', 'الواجب', '2018-11-26 20:56:56', 'Eid - Shirin Elwir / Zaid', 'H_W_174.docx', 0, NULL, NULL),
(308, '74', '155', 'فحص في سورة القدر', 'الواجب', '2018-11-26 20:56:56', 'Jubran - Rasha Jubran / Jubran', 'H_W_174.docx', 0, NULL, NULL),
(309, '74', '165', 'فحص في سورة القدر', 'الواجب', '2018-11-26 20:56:56', 'Eid - Heba Abdelhady / Elwir', 'H_W_174.docx', 0, NULL, NULL),
(310, '74', '191', 'فحص في سورة القدر', 'الواجب', '2018-11-26 20:56:56', 'Abed - Manal / Taha', 'H_W_174.docx', 0, NULL, NULL),
(311, '74', '198', 'فحص في سورة القدر', 'الواجب', '2018-11-26 20:56:56', 'Iyad - Reem / Morra', 'H_W_174.docx', 0, NULL, NULL),
(312, '74', '205', 'فحص في سورة القدر', 'الواجب', '2018-11-26 20:56:56', 'Zeyad - Zeina El-Kassem / Maasarani', 'H_W_174.docx', 0, NULL, NULL),
(313, '74', '207', 'فحص في سورة القدر', 'الواجب', '2018-11-26 20:56:56', 'Saif - Rasha Karamani / Rahimeh', 'H_W_174.docx', 0, NULL, NULL),
(314, '74', '208', 'فحص في سورة القدر', 'الواجب', '2018-11-26 20:56:56', 'Emad - Rasha / Masadeh', 'H_W_174.docx', 0, NULL, NULL),
(315, '74', '215', 'فحص في سورة القدر', 'الواجب', '2018-11-26 20:56:56', 'Syed - Nargis Azad / Mateen', 'H_W_174.docx', 0, NULL, NULL),
(316, '74', '218', 'فحص في سورة القدر', 'الواجب', '2018-11-26 20:56:56', 'Osman - Selma Saleh / Ibrahim', 'H_W_174.docx', 0, NULL, NULL),
(317, '74', '106', 'HOMEWORK', 'HOMEWORK', '2018-11-27 03:43:49', 'Khalil - Celia Estrada / Itani', 'H_W_176.docx', 0, NULL, NULL),
(318, '74', '107', 'HOMEWORK', 'HOMEWORK', '2018-11-27 03:43:49', 'Mohamed - Sherin Abouelazm / Elkamash', 'H_W_176.docx', 0, NULL, NULL),
(319, '74', '111', 'HOMEWORK', 'HOMEWORK', '2018-11-27 03:43:49', 'Arafat - Donia Abdelkarim / Abdelkarim', 'H_W_176.docx', 0, NULL, NULL),
(320, '74', '114', 'HOMEWORK', 'HOMEWORK', '2018-11-27 03:43:49', 'Abdulkareem - Rama Sabeh / Habibeh', 'H_W_176.docx', 0, NULL, NULL),
(321, '74', '121', 'HOMEWORK', 'HOMEWORK', '2018-11-27 03:43:49', 'Emad - Sondos Kloub / Kloub', 'H_W_176.docx', 0, NULL, NULL),
(322, '74', '125', 'HOMEWORK', 'HOMEWORK', '2018-11-27 03:43:49', 'Iyad - Karen Abuhajjaj / Abuhajjaj', 'H_W_176.docx', 0, NULL, NULL),
(323, '74', '128', 'HOMEWORK', 'HOMEWORK', '2018-11-27 03:43:49', 'Akram - Lubna Albajjar / Abusharar', 'H_W_176.docx', 0, NULL, NULL),
(324, '74', '135', 'HOMEWORK', 'HOMEWORK', '2018-11-27 03:43:49', 'Morad - May Hassan / Hassan', 'H_W_176.docx', 0, NULL, NULL),
(325, '74', '141', 'HOMEWORK', 'HOMEWORK', '2018-11-27 03:43:49', 'Toufic - Rania Masri / Masri', 'H_W_176.docx', 0, NULL, NULL),
(326, '74', '152', 'HOMEWORK', 'HOMEWORK', '2018-11-27 03:43:49', 'Mazen - Rana / Kabbara', 'H_W_176.docx', 0, NULL, NULL),
(327, '74', '154', 'HOMEWORK', 'HOMEWORK', '2018-11-27 03:43:49', 'Eid - Shirin Elwir / Zaid', 'H_W_176.docx', 0, NULL, NULL),
(328, '74', '155', 'HOMEWORK', 'HOMEWORK', '2018-11-27 03:43:49', 'Jubran - Rasha Jubran / Jubran', 'H_W_176.docx', 0, NULL, NULL),
(329, '74', '165', 'HOMEWORK', 'HOMEWORK', '2018-11-27 03:43:49', 'Eid - Heba Abdelhady / Elwir', 'H_W_176.docx', 1, NULL, '2018-12-17 17:51:17'),
(330, '74', '191', 'HOMEWORK', 'HOMEWORK', '2018-11-27 03:43:49', 'Abed - Manal / Taha', 'H_W_176.docx', 1, NULL, '2018-12-17 17:48:02'),
(331, '74', '198', 'HOMEWORK', 'HOMEWORK', '2018-11-27 03:43:49', 'Iyad - Reem / Morra', 'H_W_176.docx', 1, NULL, '2018-11-27 01:45:33'),
(332, '74', '205', 'HOMEWORK', 'HOMEWORK', '2018-11-27 03:43:49', 'Zeyad - Zeina El-Kassem / Maasarani', 'H_W_176.docx', 0, NULL, NULL),
(333, '74', '207', 'HOMEWORK', 'HOMEWORK', '2018-11-27 03:43:49', 'Saif - Rasha Karamani / Rahimeh', 'H_W_176.docx', 0, NULL, NULL),
(334, '74', '208', 'HOMEWORK', 'HOMEWORK', '2018-11-27 03:43:49', 'Emad - Rasha / Masadeh', 'H_W_176.docx', 0, NULL, NULL),
(335, '74', '215', 'HOMEWORK', 'HOMEWORK', '2018-11-27 03:43:49', 'Syed - Nargis Azad / Mateen', 'H_W_176.docx', 1, NULL, '2018-11-27 01:45:02'),
(336, '74', '218', 'HOMEWORK', 'HOMEWORK', '2018-11-27 03:43:49', 'Osman - Selma Saleh / Ibrahim', 'H_W_176.docx', 0, NULL, NULL),
(338, '1', '64', '-', '-', '2019-01-17 01:32:51', NULL, NULL, 0, NULL, NULL),
(339, '1', '67', 'i', 'i', '2019-01-17 01:44:54', NULL, NULL, 0, NULL, NULL),
(340, '1', '67', 'd', 'd', '2019-01-19 00:36:13', NULL, 'dania_week_2_October_2019.pdf', 0, NULL, NULL),
(341, '1', '112', 'wefrgt', 'froom admin', '2019-01-28 06:18:42', 'Yousuf - Hediya Tahiri / Tahiri', NULL, 0, NULL, NULL),
(342, '1', '126', 'wefrgt', 'froom admin', '2019-01-28 06:18:42', 'Sal - Doria Yuan / Abdallat', NULL, 1, NULL, '2019-01-28 06:19:20'),
(343, '1', '143', 'wefrgt', 'froom admin', '2019-01-28 06:18:42', 'James - Jasmine McDonald / McDonald', NULL, 0, NULL, NULL),
(344, '1', '146', 'wefrgt', 'froom admin', '2019-01-28 06:18:42', 'Islam Abdelaziz - Youssra Nasr / Mohamed', NULL, 0, NULL, NULL),
(345, '1', '160', 'wefrgt', 'froom admin', '2019-01-28 06:18:42', 'Ahmed - Laila Sobhy / Abdelrazek', NULL, 0, NULL, NULL),
(346, '1', '161', 'wefrgt', 'froom admin', '2019-01-28 06:18:42', 'Omar - Khuloud hassan / Alhenn', NULL, 0, NULL, NULL),
(347, '1', '162', 'wefrgt', 'froom admin', '2019-01-28 06:18:42', 'Ahmad - Eman Shehadeh / Jazaeri', NULL, 0, NULL, NULL),
(348, '1', '182', 'wefrgt', 'froom admin', '2019-01-28 06:18:42', 'Moataz  - Maha Mansour / Mansour', NULL, 0, NULL, NULL),
(349, '1', '191', 'wefrgt', 'froom admin', '2019-01-28 06:18:42', 'Abed - Manal / Taha', NULL, 0, NULL, NULL),
(350, '1', '194', 'wefrgt', 'froom admin', '2019-01-28 06:18:42', 'Mahmoud - Dalia / Salamh', NULL, 0, NULL, NULL),
(351, '1', '202', 'wefrgt', 'froom admin', '2019-01-28 06:18:42', 'Mohammed - Hazar Baroutaji / Akil', NULL, 0, NULL, NULL),
(352, '1', '212', 'wefrgt', 'froom admin', '2019-01-28 06:18:42', 'Suhail - Suzan / Kinan', NULL, 0, NULL, NULL),
(353, '1', '217', 'wefrgt', 'froom admin', '2019-01-28 06:18:42', 'Aqil - Abeer / Hassan', NULL, 0, NULL, NULL),
(354, '1', '221', 'wefrgt', 'froom admin', '2019-01-28 06:18:42', 'Gabriel  - Iveta Hanzlikova / Elkodary', NULL, 0, NULL, NULL),
(355, '1', '225', 'wefrgt', 'froom admin', '2019-01-28 06:18:42', 'Rami - Yaman Akil / Atik', NULL, 0, NULL, NULL),
(356, '1', '233', 'wefrgt', 'froom admin', '2019-01-28 06:18:42', 'Ghassan - Mayada / Hallaq', NULL, 0, NULL, NULL),
(357, '1', '234', 'wefrgt', 'froom admin', '2019-01-28 06:18:42', 'Bashar - Nada / Albarrishi', NULL, 0, NULL, NULL),
(358, '66', '95', 'efrdg', 'from teacher', '2019-01-28 06:21:57', 'Hesham - Hanin Jaber / Alashqar', NULL, 0, NULL, NULL),
(359, '66', '110', 'efrdg', 'from teacher', '2019-01-28 06:21:57', 'N/A - Ghadeer Awad / Awad', NULL, 0, NULL, NULL),
(360, '66', '136', 'efrdg', 'from teacher', '2019-01-28 06:21:57', 'Abdallah - Amani Arar / Arar', NULL, 0, NULL, NULL),
(361, '66', '152', 'efrdg', 'from teacher', '2019-01-28 06:21:57', 'Mazen - Rana / Kabbara', NULL, 0, NULL, NULL),
(362, '66', '153', 'efrdg', 'from teacher', '2019-01-28 06:21:57', 'Mohd - Tharwa Ahmad / Alramahi', NULL, 0, NULL, NULL),
(363, '66', '155', 'efrdg', 'from teacher', '2019-01-28 06:21:57', 'Jubran - Rasha Jubran / Jubran', NULL, 0, NULL, NULL),
(364, '66', '179', 'efrdg', 'from teacher', '2019-01-28 06:21:57', 'Mohamad - Jamla Zaid / Zaid', NULL, 0, NULL, NULL),
(365, '66', '220', 'efrdg', 'from teacher', '2019-01-28 06:21:57', 'Basem - Samah Misri / Estwani', NULL, 0, NULL, NULL),
(366, '66', '117', 'efrdg', 'from teacher', '2019-01-28 06:21:57', 'Firas - Rasha / Abdulrahman', NULL, 0, NULL, NULL),
(367, '66', '119', 'efrdg', 'from teacher', '2019-01-28 06:21:57', 'Feras - Nisreen AlKhateeb / Affani', NULL, 0, NULL, NULL),
(368, '66', '147', 'efrdg', 'from teacher', '2019-01-28 06:21:57', 'Nabil - Razanne / Farshoukh', NULL, 0, NULL, NULL),
(369, '66', '158', 'efrdg', 'from teacher', '2019-01-28 06:21:57', 'Mazen - Abir Almaoui / Almaoui', NULL, 0, NULL, NULL),
(370, '66', '175', 'efrdg', 'from teacher', '2019-01-28 06:21:57', 'Mohd - Hadeel Shatat / Shatat', NULL, 0, NULL, NULL),
(371, '66', '180', 'efrdg', 'from teacher', '2019-01-28 06:21:57', 'Toafek - Rehab Zayed / Abdelhady', NULL, 0, NULL, NULL),
(372, '66', '181', 'efrdg', 'from teacher', '2019-01-28 06:21:57', 'Ahmad - Bana Abdo / Abdo', NULL, 0, NULL, NULL),
(373, '66', '185', 'efrdg', 'from teacher', '2019-01-28 06:21:57', 'Nabih - Manal Barakat / Alhammouri', NULL, 0, NULL, NULL),
(374, '66', '204', 'efrdg', 'from teacher', '2019-01-28 06:21:57', 'Ghassan - Bayan Naamani / Zayat', NULL, 0, NULL, NULL),
(375, '66', '208', 'efrdg', 'from teacher', '2019-01-28 06:21:57', 'Emad - Rasha / Masadeh', NULL, 0, NULL, NULL),
(376, '66', '217', 'efrdg', 'from teacher', '2019-01-28 06:21:57', 'Aqil - Abeer / Hassan', NULL, 0, NULL, NULL),
(377, '66', '228', 'efrdg', 'from teacher', '2019-01-28 06:21:57', 'Maher - Maysan Saad Aldeen / Hijazi', NULL, 0, NULL, NULL),
(378, '66', '179', 'dsds', 'frommmmmmmmmmmm fdfdf', '2019-01-28 06:24:12', 'Mohamad - Jamla Zaid / Zaid', NULL, 1, NULL, '2019-01-28 06:24:17'),
(379, '66', '179', 'swdfvb', 'sdfgb', '2019-01-28 06:24:48', 'Mohamad - Jamla Zaid / Zaid', NULL, 1, NULL, '2019-01-28 06:32:13'),
(380, '179', '66', 'asdfgh', 'asdfg', '2019-01-28 06:40:49', NULL, NULL, 1, NULL, '2019-01-28 06:41:06');

-- --------------------------------------------------------

--
-- Table structure for table `monthes`
--

DROP TABLE IF EXISTS `monthes`;
CREATE TABLE IF NOT EXISTS `monthes` (
  `id` int(11) NOT NULL AUTO_INCREMENT,
  `month_name` varchar(45) NOT NULL,
  `created_at` datetime NOT NULL,
  `updated_at` datetime NOT NULL,
  PRIMARY KEY (`id`)
) ENGINE=MyISAM AUTO_INCREMENT=19 DEFAULT CHARSET=utf8;

--
-- Dumping data for table `monthes`
--

INSERT INTO `monthes` (`id`, `month_name`, `created_at`, `updated_at`) VALUES
(1, 'September ', '2018-06-24 00:00:00', '2018-06-24 00:00:00'),
(2, 'October', '2018-06-24 00:00:00', '2018-06-24 00:00:00'),
(3, 'November', '2018-06-24 00:00:00', '2018-06-24 00:00:00'),
(4, 'December', '2018-06-24 00:00:00', '2018-06-24 00:00:00'),
(5, 'January', '2018-06-24 00:00:00', '2018-06-24 00:00:00'),
(6, 'February', '2018-06-24 00:00:00', '2018-06-24 00:00:00'),
(7, 'March', '2018-06-24 00:00:00', '2018-06-24 00:00:00'),
(8, 'April', '2018-06-24 00:00:00', '2018-06-24 00:00:00'),
(9, 'May', '2018-06-24 00:00:00', '2018-06-24 00:00:00'),
(10, 'September-October', '2018-06-24 00:00:00', '2018-06-24 00:00:00'),
(11, 'October-November', '2018-06-24 00:00:00', '2018-06-24 00:00:00'),
(12, 'November-December', '2018-06-24 00:00:00', '2018-06-24 00:00:00'),
(13, 'December-January', '2018-06-24 00:00:00', '2018-06-24 00:00:00'),
(14, 'January-February', '2018-06-24 00:00:00', '2018-06-24 00:00:00'),
(15, 'February-March', '2018-06-24 00:00:00', '2018-06-24 00:00:00'),
(16, 'March-April', '2018-06-24 00:00:00', '2018-06-24 06:13:34'),
(17, 'April-May', '2018-06-24 00:00:00', '2018-06-24 00:00:00'),
(18, 'full_year', '2018-06-25 00:00:00', '2018-06-25 00:00:00');

-- --------------------------------------------------------

--
-- Table structure for table `parents`
--

DROP TABLE IF EXISTS `parents`;
CREATE TABLE IF NOT EXISTS `parents` (
  `id` int(11) NOT NULL AUTO_INCREMENT,
  `user_id` int(11) NOT NULL,
  `family_name` varchar(255) NOT NULL,
  `mother_phone` varchar(45) NOT NULL,
  `father_phone` varchar(45) NOT NULL,
  `home_phone` varchar(45) DEFAULT NULL,
  `balance` bigint(20) NOT NULL,
  `emergency_name_1` varchar(255) DEFAULT NULL,
  `emergency_name_2` varchar(255) DEFAULT NULL,
  `emergency_name_3` varchar(255) DEFAULT NULL,
  `emergency_phone_1` varchar(255) DEFAULT NULL,
  `emergency_phone_2` varchar(255) DEFAULT NULL,
  `emergency_phone_3` varchar(255) DEFAULT NULL,
  `emergency_relationship_1` varchar(255) DEFAULT NULL,
  `emergency_relationship_2` varchar(255) DEFAULT NULL,
  `emergency_relationship_3` varchar(255) DEFAULT NULL,
  `custody_info_specify` varchar(255) DEFAULT NULL,
  `custody_info_other_info` varchar(255) DEFAULT NULL,
  `created_at` datetime NOT NULL,
  `updated_at` datetime NOT NULL,
  `deleted` tinyint(2) NOT NULL,
  PRIMARY KEY (`id`),
  KEY `fk_parent_user1_idx` (`user_id`)
) ENGINE=InnoDB AUTO_INCREMENT=163 DEFAULT CHARSET=utf8;

--
-- Dumping data for table `parents`
--

INSERT INTO `parents` (`id`, `user_id`, `family_name`, `mother_phone`, `father_phone`, `home_phone`, `balance`, `emergency_name_1`, `emergency_name_2`, `emergency_name_3`, `emergency_phone_1`, `emergency_phone_2`, `emergency_phone_3`, `emergency_relationship_1`, `emergency_relationship_2`, `emergency_relationship_3`, `custody_info_specify`, `custody_info_other_info`, `created_at`, `updated_at`, `deleted`) VALUES
(24, 95, 'Alashqar', '714-723-1091', '714-726-2004', '', 0, 'Hesham Alashqar', 'Hanin Jaber', 'Huda Mraish', '714-726-2004', '714-723-1091', '714-341-3087', 'Father', 'Mother', 'Friend', 'no', '', '2018-08-31 04:59:23', '2018-11-15 23:51:41', 0),
(26, 97, 'Dahir', '714-461-6764', '714-461-6764', '', 0, NULL, NULL, NULL, NULL, NULL, NULL, NULL, NULL, NULL, NULL, NULL, '2018-08-31 05:19:51', '2018-08-31 05:19:51', 0),
(27, 98, 'Qawasmeh', '714-209-3694', '714-209-2624', '', 0, 'Haroun Qawasmeh', 'Adlah ', 'Carla Qhawar', '714-209-2624', '714-414-9557', '949-432-2000', 'Father', 'friend', 'friend', 'no', '', '2018-08-31 05:30:30', '2018-11-30 19:32:03', 0),
(28, 99, 'Alqaisi', '714-248-2873', '818-714-5181', '', 0, NULL, NULL, NULL, NULL, NULL, NULL, NULL, NULL, NULL, NULL, NULL, '2018-08-31 05:37:13', '2018-08-31 05:37:13', 0),
(29, 100, 'Bouhairi', '949-300-0439', '949-300-4956', '', 0, NULL, NULL, NULL, NULL, NULL, NULL, NULL, NULL, NULL, NULL, NULL, '2018-08-31 05:45:40', '2018-08-31 05:45:40', 0),
(30, 101, 'Keshk', '217-721-7065', '217-721-7321', '', 0, NULL, NULL, NULL, NULL, NULL, NULL, NULL, NULL, NULL, NULL, NULL, '2018-08-31 05:49:06', '2018-08-31 05:49:06', 0),
(32, 103, 'Nasif', '714-306-2673', '714-306-3133', '', 0, NULL, NULL, NULL, NULL, NULL, NULL, NULL, NULL, NULL, NULL, NULL, '2018-08-31 19:06:33', '2018-08-31 19:06:33', 0),
(34, 105, 'Setiawan', '714-924-2394', '714-924-2356', '', 0, NULL, NULL, NULL, NULL, NULL, NULL, NULL, NULL, NULL, NULL, NULL, '2018-08-31 20:37:45', '2018-08-31 20:37:45', 0),
(35, 106, 'Itani', '310-895-8768', '310-895-5019', '', 0, NULL, NULL, NULL, NULL, NULL, NULL, NULL, NULL, NULL, NULL, NULL, '2018-08-31 20:45:39', '2018-08-31 20:45:39', 0),
(36, 107, 'Elkamash', '714-325-4607', '714-325-4566', '', 0, 'Sherin Abouelazm', 'Mohamed Elkamash', 'Mervat Abbasi', '714-325-4607', '714-325-4566', '657-347-8422', 'Mother', 'Father', 'Grandma', 'no', '', '2018-08-31 22:58:43', '2018-10-27 01:47:48', 0),
(37, 108, 'Abdelbaky', '714-423-8977', '714-869-4320', '', 0, 'Mahmoud Abdelbaky', 'Dina Saeid', '', '714-869-4320', '714-423-8977', '', 'Father', 'Mother', '', 'no', '', '2018-08-31 23:04:47', '2018-11-30 19:27:23', 0),
(38, 109, 'Alshekhle', '714-865-2025', '714-723-4887', '', 0, NULL, NULL, NULL, NULL, NULL, NULL, NULL, NULL, NULL, NULL, NULL, '2018-08-31 23:10:27', '2018-08-31 23:10:27', 0),
(39, 110, 'Awad', '714-881-9912', '', '', 0, NULL, NULL, NULL, NULL, NULL, NULL, NULL, NULL, NULL, NULL, NULL, '2018-08-31 23:16:37', '2018-12-08 19:23:16', 0),
(40, 111, 'Abdelkarim', '951-500-3082', '714-883-2510', '', 0, 'Donia Abdelkarim', 'Arafat Abdelkarim', '', '951-500-3082', '714-883-2510', '', 'Mother', 'Father', '', 'no', '', '2018-08-31 23:21:03', '2018-10-27 01:37:28', 0),
(41, 112, 'Tahiri', '714-321-9353', '714-321-9346', '', 0, NULL, NULL, NULL, NULL, NULL, NULL, NULL, NULL, NULL, NULL, NULL, '2018-08-31 23:43:35', '2018-08-31 23:43:35', 0),
(42, 113, 'Aldajani', '408-833-0726', '707-738-1365', '', 0, 'Lana Aldajani', '', '', '408-833-0726', '', '', 'Mother', '', '', 'no', '', '2018-08-31 23:48:44', '2018-10-27 01:45:36', 0),
(43, 114, 'Habibeh', '714-381-0362', '714-624-9553', '', 0, NULL, NULL, NULL, NULL, NULL, NULL, NULL, NULL, NULL, NULL, NULL, '2018-08-31 23:51:31', '2018-08-31 23:51:31', 0),
(44, 115, 'Abu Seer', '714-388-7979', '714-602-0002', '', 0, NULL, NULL, NULL, NULL, NULL, NULL, NULL, NULL, NULL, NULL, NULL, '2018-09-01 00:10:26', '2018-09-01 00:10:26', 0),
(45, 116, 'Sheikh', '714-457-0253', '714-728-5931', '', 0, NULL, NULL, NULL, NULL, NULL, NULL, NULL, NULL, NULL, NULL, NULL, '2018-09-01 00:21:18', '2018-09-01 00:21:18', 0),
(46, 117, 'Abdulrahman', '714-487-9846', '714-209-3931', '', 0, NULL, NULL, NULL, NULL, NULL, NULL, NULL, NULL, NULL, NULL, NULL, '2018-09-01 00:26:12', '2018-09-01 00:26:12', 0),
(47, 118, 'Alrikabi', '714-924-2480', '714-924-2480', '', 0, NULL, NULL, NULL, NULL, NULL, NULL, NULL, NULL, NULL, NULL, NULL, '2018-09-01 00:39:40', '2018-09-01 00:39:40', 0),
(48, 119, 'Affani', '949-419-7144', '949-500-9322', '', 0, NULL, NULL, NULL, NULL, NULL, NULL, NULL, NULL, NULL, NULL, NULL, '2018-09-01 00:44:56', '2018-09-01 00:44:56', 0),
(49, 120, 'Ismail', '714-600-5124', '714-274-5993', '', 0, 'Donia Ismail', 'Samer Ismail', 'Mariam or Mustafa Ghafour', '714-600-5124', '714-274-5993', '714-818-9041', 'Mother', 'Father', 'Grandparents', 'no', '', '2018-09-01 00:54:55', '2018-10-27 01:44:57', 0),
(50, 121, 'Kloub', '714-360-6866', '714-719-6866', '', 0, NULL, NULL, NULL, NULL, NULL, NULL, NULL, NULL, NULL, NULL, NULL, '2018-09-01 01:02:27', '2018-09-01 01:02:27', 0),
(51, 122, 'Mamsa', '714-815-7397', '714-815-7399', '714-280-1411', 0, NULL, NULL, NULL, NULL, NULL, NULL, NULL, NULL, NULL, NULL, NULL, '2018-09-01 01:11:01', '2018-09-01 01:11:01', 0),
(52, 123, 'Zidan', '714-926-2295', '714-728-6063', '', 0, NULL, NULL, NULL, NULL, NULL, NULL, NULL, NULL, NULL, NULL, NULL, '2018-09-01 01:16:19', '2018-09-01 01:16:19', 0),
(53, 124, 'Bahrawy', '714-468-7770', '714-855-6555', '', 0, NULL, NULL, NULL, NULL, NULL, NULL, NULL, NULL, NULL, NULL, NULL, '2018-09-01 01:35:55', '2018-09-01 01:35:55', 0),
(54, 125, 'Abuhajjaj', '408-420-8469', '408-420-8469', '', 0, 'Karen Abuhajjaj', 'Iyad Abuhajjaj', 'Ofelia Bautista', '408-420-8469', '408-608-9544', '909', 'Mother', 'Father', 'Grandmother', 'no', '', '2018-09-01 01:39:27', '2018-11-30 19:33:14', 0),
(55, 126, 'Abdallat', '714-408-8864', '714-390-3206', '', 0, NULL, NULL, NULL, NULL, NULL, NULL, NULL, NULL, NULL, NULL, NULL, '2018-09-01 01:48:38', '2019-01-28 06:02:14', 0),
(56, 127, 'Azez', '714-600-8144', '619-792-2620', '714-6000-8144', 0, NULL, NULL, NULL, NULL, NULL, NULL, NULL, NULL, NULL, NULL, NULL, '2018-09-01 01:56:21', '2018-09-01 01:56:21', 0),
(57, 128, 'Abusharar', '909-346-5496', '909-749-2812', '', 0, 'Lubna Alnajjar', 'Akram Abusharar', 'Nour Alnajjar', '909-346-5496', '909-749-2812', '714-7703-570', 'Mother', 'Father', 'Aunt', 'no', 'Allergic to eggs', '2018-09-01 02:15:14', '2018-11-15 23:46:42', 0),
(58, 129, 'Osman', '562-228-6942', '562-650-3091', '562-462-1183', 0, NULL, NULL, NULL, NULL, NULL, NULL, NULL, NULL, NULL, NULL, NULL, '2018-09-01 02:35:15', '2018-09-01 02:35:15', 0),
(59, 130, 'Khalafalla', '562-714-2845', '562-714-4533', '', 0, 'Hend Ali', 'Ahmed Khalafalla', 'Fawzia And Mostafa Ali', '562-714-2845', '562-714-4533', '562-505-8393', 'Mother', 'Father', 'Grandparents', 'no', '', '2018-09-01 02:37:30', '2018-11-30 19:34:23', 0),
(60, 131, 'Ibrahim', '(714) 351-6750', '714-851-3895', '', 0, NULL, NULL, NULL, NULL, NULL, NULL, NULL, NULL, NULL, NULL, NULL, '2018-09-01 02:52:55', '2018-09-01 02:52:55', 0),
(61, 132, 'Azizadah', '714-292-5160', '714-745-0888', '', 0, NULL, NULL, NULL, NULL, NULL, NULL, NULL, NULL, NULL, NULL, NULL, '2018-09-01 02:58:28', '2018-09-01 02:58:28', 0),
(62, 133, 'Issa', '714-251-7163', '714-234-7852', '', 0, NULL, NULL, NULL, NULL, NULL, NULL, NULL, NULL, NULL, NULL, NULL, '2018-09-01 03:03:05', '2018-09-01 03:03:05', 0),
(63, 134, 'Sabeh', '714-475-4006', '714-743-3749', '', 0, NULL, NULL, NULL, NULL, NULL, NULL, NULL, NULL, NULL, NULL, NULL, '2018-09-01 03:36:59', '2018-09-01 03:36:59', 0),
(64, 135, 'Hassan', '323-497-4806', '323-497-4804', '714-752-6331', 0, 'Tharwa Ahmad', 'Iman Hassan', 'Shireen Ahmad', '714-269-9274', '714-328-1637', '714-872-3398', 'Aunt', 'Aunt', 'Aunt', 'no', '', '2018-09-01 04:06:43', '2018-10-27 01:49:37', 0),
(65, 136, 'Arar', '714-614-4898', '714-812-7900', '', 0, 'Basma Arar', 'Abdallah Arar', 'Suzan Arar', '714-287-3139', '714-812-7900', '714-600-1337', 'Aunt', 'Father', 'Aunt', 'no', '', '2018-09-01 04:16:30', '2018-10-27 01:46:33', 0),
(69, 140, 'Abu Jableh', '714-349-0794', '714-900-1065', '', 0, NULL, NULL, NULL, NULL, NULL, NULL, NULL, NULL, NULL, NULL, NULL, '2018-09-01 18:14:05', '2018-09-01 18:14:05', 0),
(70, 141, 'Masri', '714-396-0039', '714-709-7903', '', 0, NULL, NULL, NULL, NULL, NULL, NULL, NULL, NULL, NULL, NULL, NULL, '2018-09-01 18:41:52', '2018-10-13 17:00:22', 0),
(72, 143, 'McDonald', '951-264-8512', '626-483-6142', '', 0, 'Jasmine McDonald', 'James McDonald', 'Jason Ruangsuwan', '951-2648-512', '62-648-36142', '909-636-8449', 'Mother', 'Father', 'Uncle', 'no', '', '2018-09-01 18:48:32', '2018-11-17 20:32:19', 0),
(73, 146, 'Mohamed', '714-334-1616', '714-334-2015', '', 0, 'Islam Abdelaziz Mohamed', 'Youssra Nasr', 'Mohamed Bakr', '714-334-2015', '714-334-1616', '714-715-6225', 'Father', 'Mother', 'Relative', 'no', '', '2018-09-02 00:56:52', '2018-10-27 01:40:04', 0),
(74, 147, 'Farshoukh', '310-408-7090', '310-259-9112', '310-542-1930', 0, 'Razanne Farshoukh', 'Nabil Farshoukh', 'Rana Farshoukh', '310-408-7090', '310-259-9112', '310-938-1920', 'Mother', 'Father', 'Aunt', 'no', '', '2018-09-02 01:02:03', '2018-11-15 23:44:08', 0),
(76, 149, 'Itani', '714-829-5867', '714-733-8155', '', 0, NULL, NULL, NULL, NULL, NULL, NULL, NULL, NULL, NULL, NULL, NULL, '2018-09-02 01:11:56', '2018-09-02 01:11:56', 0),
(77, 150, 'Almasri', '626-609-9199', '626-922-2416', '', 0, NULL, NULL, NULL, NULL, NULL, NULL, NULL, NULL, NULL, NULL, NULL, '2018-09-02 01:16:32', '2018-09-02 01:16:32', 0),
(78, 151, 'Aljabi', '909-556-1844', '626-241-810', '', 0, NULL, NULL, NULL, NULL, NULL, NULL, NULL, NULL, NULL, NULL, NULL, '2018-09-02 01:19:40', '2018-09-02 01:19:40', 0),
(79, 152, 'Kabbara', '951-454-7499', '951-454-7068', '', 0, 'Rana Kabbara', 'Mazen Kabbara', 'Celine Kabbara', '951-454-7499', '941-454-7068', '951-454-7529', 'Mother', 'Father', 'Sister', 'yes', 'Full Custody to Mother', '2018-09-02 01:24:08', '2018-11-15 23:41:00', 0),
(80, 153, 'Alramahi', '714-269-9274', '714-269-9274', '', 0, 'May Ahmad', 'Mohd Alramahi', 'Shreen Ahmad', '323-497-4806', '714-269-9264', '714-872-3398', 'Aunt', 'Father', 'Aunt', 'no', '', '2018-09-02 01:28:03', '2018-11-30 19:29:01', 0),
(81, 154, 'Zaid', '714-348-0749', '714-628-6435', '', 0, NULL, NULL, NULL, NULL, NULL, NULL, NULL, NULL, NULL, NULL, NULL, '2018-09-02 01:31:29', '2018-09-02 01:31:29', 0),
(82, 155, 'Jubran', '714-401-0396', '714-936-9379', '', 0, NULL, NULL, NULL, NULL, NULL, NULL, NULL, NULL, NULL, NULL, NULL, '2018-09-02 01:34:25', '2018-09-02 01:34:25', 0),
(83, 156, 'Ghazal', '714-642-4006', '714-421-8186', '', 0, NULL, NULL, NULL, NULL, NULL, NULL, NULL, NULL, NULL, NULL, NULL, '2018-09-02 01:39:37', '2018-09-02 01:39:37', 0),
(84, 157, 'Saleh', '714-715-6198', '714-715-6225', '', 0, NULL, NULL, NULL, NULL, NULL, NULL, NULL, NULL, NULL, NULL, NULL, '2018-09-02 01:41:52', '2018-09-02 01:41:52', 0),
(85, 158, 'Almaoui', '702-513-3676', '702-513-9643', '', 0, NULL, NULL, NULL, NULL, NULL, NULL, NULL, NULL, NULL, NULL, NULL, '2018-09-02 01:44:37', '2018-09-02 01:44:37', 0),
(87, 160, 'Abdelrazek', '714-247-9236', '714-343-1250', '714-447-8812', 0, NULL, NULL, NULL, NULL, NULL, NULL, NULL, NULL, NULL, NULL, NULL, '2018-09-02 01:50:25', '2018-09-02 01:50:25', 0),
(88, 161, 'Alhenn', '714-414-2852', '714-818-0377', '', 0, NULL, NULL, NULL, NULL, NULL, NULL, NULL, NULL, NULL, NULL, NULL, '2018-09-02 01:56:36', '2018-09-02 01:56:36', 0),
(89, 162, 'Jazaeri', '209-256-1020', '360-888-8647', '', 0, NULL, NULL, NULL, NULL, NULL, NULL, NULL, NULL, NULL, NULL, NULL, '2018-09-02 16:43:30', '2018-09-02 16:43:30', 0),
(91, 164, 'Rehman', '657-262-6245', '714-801-7593', '', 0, NULL, NULL, NULL, NULL, NULL, NULL, NULL, NULL, NULL, NULL, NULL, '2018-09-06 18:59:22', '2018-09-06 18:59:22', 0),
(92, 165, 'Elwir', '714-249-3554', '714-423-9171', '', 0, NULL, NULL, NULL, NULL, NULL, NULL, NULL, NULL, NULL, NULL, NULL, '2018-09-06 19:08:02', '2018-09-06 19:08:02', 0),
(94, 167, 'Nassr', '626-808-8507', '914-912-6578', '', 0, 'Lina Abou Ayache', 'Hussein Nassr', 'Ghada Ossman', '626-808-8507', '914-912-6578', '562-228-6942', 'Mother', 'Father', 'Friend', 'no', '', '2018-09-07 15:49:34', '2018-11-17 20:34:06', 0),
(96, 169, 'Mahamda', '724-786-8038', '724-786-8036', '', 0, NULL, NULL, NULL, NULL, NULL, NULL, NULL, NULL, NULL, NULL, NULL, '2018-09-07 15:59:19', '2018-09-07 15:59:19', 0),
(97, 170, 'Nofal', '714-603-9309', '714-696-2754', '', 0, NULL, NULL, NULL, NULL, NULL, NULL, NULL, NULL, NULL, NULL, NULL, '2018-09-07 19:31:11', '2018-09-07 19:31:11', 0),
(98, 171, 'Nazaeraldeen', '714-341-3087', '714-920-8541', '', 0, 'Hanin Jaber', 'Rana Al-Mughrabi', 'Gada Haron', '714-723-1091', '714-209-3289', '714-209-3694', 'Friend', 'Sister', 'Friend', 'no', '', '2018-09-07 19:35:33', '2018-10-27 01:43:13', 0),
(99, 172, 'Khan', '714-818-2229', '818-903-0846', '', 0, NULL, NULL, NULL, NULL, NULL, NULL, NULL, NULL, NULL, NULL, NULL, '2018-09-08 18:36:29', '2018-09-08 18:36:29', 0),
(100, 173, 'Fardoun', '714-747-7132', '714-746-7143', '', 0, NULL, NULL, NULL, NULL, NULL, NULL, NULL, NULL, NULL, NULL, NULL, '2018-09-08 18:48:46', '2018-09-08 18:48:46', 0),
(102, 175, 'Shatat', '714-829-6149', '949-502-1315', '', 0, NULL, NULL, NULL, NULL, NULL, NULL, NULL, NULL, NULL, NULL, NULL, '2018-09-08 19:22:07', '2018-09-08 19:22:07', 0),
(103, 176, 'Alrushiedat', '714-864-4665', '714-865-1629', '', 0, NULL, NULL, NULL, NULL, NULL, NULL, NULL, NULL, NULL, NULL, NULL, '2018-09-08 19:34:59', '2018-09-08 19:34:59', 0),
(104, 177, 'Rahmatee', '714-727-4827', '714-260-5372', '', 0, NULL, NULL, NULL, NULL, NULL, NULL, NULL, NULL, NULL, NULL, NULL, '2018-09-08 19:44:23', '2018-09-08 19:44:23', 0),
(106, 179, 'Zaid', '714-906-6414', '714-496-3152', '', 0, NULL, NULL, NULL, NULL, NULL, NULL, NULL, NULL, NULL, NULL, NULL, '2018-09-08 20:03:15', '2018-09-08 20:03:15', 0),
(107, 180, 'Abdelhady', '714-469-0572', '714-525-0866', '', 0, NULL, NULL, NULL, NULL, NULL, NULL, NULL, NULL, NULL, NULL, NULL, '2018-09-08 20:10:55', '2018-10-03 01:08:15', 0),
(108, 181, 'Abdo', '714-679-2400', '714-915-6666', '', 0, NULL, NULL, NULL, NULL, NULL, NULL, NULL, NULL, NULL, NULL, NULL, '2018-09-08 20:18:48', '2018-09-08 20:18:48', 0),
(109, 182, 'Mansour', '714-331-6380', '714-331-6380', '', 0, NULL, NULL, NULL, NULL, NULL, NULL, NULL, NULL, NULL, NULL, NULL, '2018-09-08 20:32:02', '2018-09-08 20:32:02', 0),
(110, 183, 'Abdelkader', '714-406-7163', '714-331-6380', '', 0, NULL, NULL, NULL, NULL, NULL, NULL, NULL, NULL, NULL, NULL, NULL, '2018-09-08 20:38:06', '2018-09-08 20:38:06', 0),
(111, 184, 'Palmer', '714-561-6033', '714-202-6161', '', 0, 'Neveen Palmer', 'Muhammad Palmer', '', '714-561-6033', '714-202-6161', '', 'Mother', 'Father', '', 'no', '', '2018-09-08 20:42:27', '2018-10-27 01:40:52', 0),
(112, 185, 'Alhammouri', '714-737-6747', '714-499-8706', '', 0, 'Nabih Alhammouri', 'Zena Alhammouri', 'Manal Barakat', '714-499-8706', '714-576-1771', '714-737-6747', 'Father', 'Sister', 'Mother', 'no', '', '2018-09-08 20:58:30', '2018-11-15 23:45:26', 0),
(115, 188, 'Jubara', '949-325-5663', '949-325-5664', '', 0, NULL, NULL, NULL, NULL, NULL, NULL, NULL, NULL, NULL, NULL, NULL, '2018-09-08 21:53:28', '2018-09-08 21:53:28', 0),
(116, 189, 'Hassan', '714-858-3252', '714-595-0565', '', 0, NULL, NULL, NULL, NULL, NULL, NULL, NULL, NULL, NULL, NULL, NULL, '2018-09-08 21:57:09', '2018-09-08 21:57:09', 0),
(117, 190, 'Zayed', '748-038-849', '714-496-8275', '714-996-0480', 0, NULL, NULL, NULL, NULL, NULL, NULL, NULL, NULL, NULL, NULL, NULL, '2018-09-10 19:58:36', '2018-09-10 19:58:36', 0),
(118, 191, 'Taha', '951-491-3272', '951-813-0604', '', 0, NULL, NULL, NULL, NULL, NULL, NULL, NULL, NULL, NULL, NULL, NULL, '2018-09-15 18:00:33', '2018-09-15 18:00:33', 0),
(119, 192, 'Almawajdeh', '714-386-8231', '714-362-7818', '', 0, NULL, NULL, NULL, NULL, NULL, NULL, NULL, NULL, NULL, NULL, NULL, '2018-09-15 18:25:57', '2018-09-15 18:25:57', 0),
(120, 193, 'Bassiouni', '562-650-2441', '562-650-2441', '', 0, NULL, NULL, NULL, NULL, NULL, NULL, NULL, NULL, NULL, NULL, NULL, '2018-09-15 18:37:01', '2018-09-15 18:37:01', 0),
(121, 194, 'Salamh', '909-203-9513', '909-993-7606 ', '', 0, NULL, NULL, NULL, NULL, NULL, NULL, NULL, NULL, NULL, NULL, NULL, '2018-09-15 18:50:22', '2018-10-20 20:12:35', 0),
(122, 195, 'Mohammad', '714-287-3139', '714-281-4683', '', 0, NULL, NULL, NULL, NULL, NULL, NULL, NULL, NULL, NULL, NULL, NULL, '2018-09-15 18:54:59', '2018-09-15 18:54:59', 0),
(123, 196, 'Zayid', '703-677-7789', '703-655-8283', '', 0, 'Wisal Alaydie', 'Nader Zayid', 'Mohammad Alaydie', '703-677-7789', '703-655-8283', '714-616-4789', 'Mother', 'Father', 'Uncle', 'no', '', '2018-09-15 19:00:53', '2018-11-30 19:39:38', 0),
(124, 197, 'Abdelhady', '714-686-3967', '714-872-3013', '', 0, NULL, NULL, NULL, NULL, NULL, NULL, NULL, NULL, NULL, NULL, NULL, '2018-09-15 19:15:27', '2018-09-15 19:15:27', 0),
(125, 198, 'Morra', '323-916-1618', '323-373-6468', '', 0, 'Reem Morra', 'Iyad Morra', 'Itaf Morra', '323-916-1618', '323-373-6468', '562-219-9585', 'Mother', 'Father', 'Cousin', 'no', '', '2018-09-15 20:23:42', '2018-11-30 19:30:51', 0),
(126, 199, 'Shouman', '626-362-7722', '626-626-6872', '', 0, NULL, NULL, NULL, NULL, NULL, NULL, NULL, NULL, NULL, NULL, NULL, '2018-09-29 19:03:26', '2018-09-29 19:03:26', 0),
(127, 200, 'Ayesh', '562-713-2415', '562-242-6641', '', 0, 'Zain Abu Farha', 'Abdelrahman Ayesh', 'Tamara Ghazal', '562-713-2415', '562-242-6641', '714-642-4006', 'Mother', 'Father', 'Friend', 'no', '', '2018-10-02 21:17:12', '2018-11-15 23:42:22', 0),
(128, 201, 'Antabli', '714-610-2700', '310-600-0335', '', 0, NULL, NULL, NULL, NULL, NULL, NULL, NULL, NULL, NULL, NULL, NULL, '2018-10-02 21:31:31', '2018-10-02 21:31:31', 0),
(129, 202, 'Akil', '714-510-4771', '714-864-7583', '', 0, NULL, NULL, NULL, NULL, NULL, NULL, NULL, NULL, NULL, NULL, NULL, '2018-10-03 00:21:41', '2018-10-03 00:27:21', 0),
(130, 203, 'Mraish', '714-737-5148', '714-300-4835', '', 0, NULL, NULL, NULL, NULL, NULL, NULL, NULL, NULL, NULL, NULL, NULL, '2018-10-03 00:27:06', '2018-10-03 00:27:54', 0),
(131, 204, 'Zayat', '714-732-1830', '714-710-0751', '', 0, NULL, NULL, NULL, NULL, NULL, NULL, NULL, NULL, NULL, NULL, NULL, '2018-10-03 00:31:30', '2018-10-03 00:31:54', 0),
(132, 205, 'Maasarani', '714-261-5545', '310-926-8091', '', 0, NULL, NULL, NULL, NULL, NULL, NULL, NULL, NULL, NULL, NULL, NULL, '2018-10-03 00:35:05', '2018-10-03 00:35:31', 0),
(133, 206, 'Alam', '714-733-8272', '714-801-6662', '', 0, NULL, NULL, NULL, NULL, NULL, NULL, NULL, NULL, NULL, NULL, NULL, '2018-10-12 14:59:36', '2018-10-12 14:59:36', 0),
(134, 207, 'Rahimeh', '626-626-1763', '626-626-1763', '', 0, NULL, NULL, NULL, NULL, NULL, NULL, NULL, NULL, NULL, NULL, NULL, '2018-10-13 19:16:21', '2018-10-13 19:16:21', 0),
(135, 208, 'Masadeh', '714-261-4894', '714-499-1258', '', 0, 'Rasha Jararweh', 'Emad Masadeh', 'Hadeel', '714-261-4894', '714-499-1258', '714-828-6148', 'Mother', 'Father', 'Friend', 'no', '', '2018-10-13 19:25:37', '2018-11-30 19:37:55', 0),
(136, 209, 'Taha', '949-690-4913', '540-449-5557', '', 0, NULL, NULL, NULL, NULL, NULL, NULL, NULL, NULL, NULL, NULL, NULL, '2018-10-13 19:39:18', '2018-10-13 19:39:18', 0),
(137, 210, 'Kattih', '818-470-0242', '818-470-0517', '909-592-9340', 0, NULL, NULL, NULL, NULL, NULL, NULL, NULL, NULL, NULL, NULL, NULL, '2018-10-13 19:43:56', '2018-10-13 19:43:56', 0),
(138, 211, 'Gebriel', '760-871-3762', '714-678-8721', '', 0, 'Luay Gebriel', 'Rama Alessa', 'N/A', '714-678-8721', '760-871-3762', '', 'Father', 'Mother', 'N/A', 'no', '', '2018-10-20 02:13:54', '2018-11-14 20:13:50', 0),
(139, 212, 'Kinan', '714-600-1337', '714-812-6605', '', 0, NULL, NULL, NULL, NULL, NULL, NULL, NULL, NULL, NULL, NULL, NULL, '2018-10-20 02:19:50', '2018-10-20 02:19:50', 0),
(140, 213, 'Almassri', '626-315-5912', '626-705-7237', '', 0, NULL, NULL, NULL, NULL, NULL, NULL, NULL, NULL, NULL, NULL, NULL, '2018-10-26 16:32:16', '2018-10-26 16:32:16', 0),
(141, 214, 'Alghazali', '918-704-6810', '918-613-6477', '', 0, 'Marisa Alghazali', 'Mohamad Alghazali', '', '918-704-6810', '918-613-6477', '', 'Mother', 'Father', '', 'no', '', '2018-10-26 16:38:08', '2018-11-30 19:36:04', 0),
(142, 215, 'Mateen', '714-675-0907', '714-881-9606', '', 0, 'Nargis Azad', 'Syed Mateen', 'Abdul Azad', '714-675-0907', '714-881-9606', '714-914-7497', 'Mother', 'Father', 'Grandfather', 'no', '', '2018-10-27 20:03:21', '2018-11-14 20:11:33', 0),
(143, 216, 'Haidary', '949-332-9026', '949-636-0772', '', 0, NULL, NULL, NULL, NULL, NULL, NULL, NULL, NULL, NULL, NULL, NULL, '2018-10-27 20:19:01', '2018-10-27 20:19:01', 0),
(144, 217, 'Hassan', '714-828-8207', '714-715-8181', '', 0, 'Abeer Hassan', 'Aqil Hassan', 'Noor Alsweus', '714-828-8207', '714-715-8181', '714-858-2144', 'Mother', 'Father', 'Aunt', 'no', '', '2018-10-27 20:42:10', '2018-11-03 19:32:53', 0),
(145, 218, 'Ibrahim', '714-829-0298', '714-931-3087', '', 0, NULL, NULL, NULL, NULL, NULL, NULL, NULL, NULL, NULL, NULL, NULL, '2018-10-27 20:48:13', '2018-10-27 20:48:13', 0),
(146, 219, 'Machta', '714-725-2197', '714-657-4247', '', 0, NULL, NULL, NULL, NULL, NULL, NULL, NULL, NULL, NULL, NULL, NULL, '2018-10-27 20:50:56', '2018-10-27 20:50:56', 0),
(147, 220, 'Estwani', '714-873-4456', '714-873-4465', '', 0, NULL, NULL, NULL, NULL, NULL, NULL, NULL, NULL, NULL, NULL, NULL, '2018-10-27 21:22:20', '2018-10-27 21:22:20', 0),
(148, 221, 'Elkodary', '714-618-2622', '714-470-3677', '', 0, NULL, NULL, NULL, NULL, NULL, NULL, NULL, NULL, NULL, NULL, NULL, '2018-10-27 21:27:10', '2018-10-27 21:27:10', 0),
(150, 223, 'Abu Zeid', '(562) 745-7092', '(562) 362-0171', '', 0, 'Shereef Khafagi', 'Hany Aly', 'Hed Aly', '562-896-9515', '562-896-8098', '562-714-2845', 'Cousin', 'Uncle', 'Aunt', 'yes', 'Sharing custody with father; attending every other week', '2018-11-03 18:29:22', '2018-11-03 19:15:37', 0),
(151, 224, 'Jaber', '714-414-9557', '714-203-4217', '', 0, 'Adlah Jaber', 'Tareq Jaber', '', '714-414-9557', ' 714-203-4217', '', 'Mother', ' Father', '', 'no', '', '2018-11-03 18:36:24', '2018-11-03 19:04:06', 0),
(152, 225, 'Atik', '714-855-5524', '949-903-5547', '', 0, NULL, NULL, NULL, NULL, NULL, NULL, NULL, NULL, NULL, NULL, NULL, '2018-11-10 20:07:16', '2018-11-10 20:09:10', 0),
(153, 226, 'Al Samarrie', '714-280-3976', '714-457-0947', '', 0, NULL, NULL, NULL, NULL, NULL, NULL, NULL, NULL, NULL, NULL, NULL, '2018-11-11 05:40:05', '2018-11-11 05:40:05', 0),
(154, 227, 'Hamdan', '949-419-5189', '949-923-7216', '949-923-7216', 0, 'Firas Afani', 'Nisreen el Khatib', '', '949-500-9322', 'n/a', '', 'Friend', 'Friend', '', 'no', '', '2018-11-17 19:20:33', '2018-12-22 17:42:24', 0),
(155, 228, 'Hijazi', '714-728-7118', '714-797-8798', '', 0, NULL, NULL, NULL, NULL, NULL, NULL, NULL, NULL, NULL, NULL, NULL, '2018-11-17 19:46:56', '2018-11-17 19:46:56', 0),
(156, 229, 'Ismail', '714-726-6210', '714-726-6258', '', 0, 'hazzah ismail', '', '', '7147266235', '', '', 'brother', '', '', 'no', '', '2018-12-01 20:50:05', '2018-12-01 21:04:53', 0),
(157, 230, 'Elsayed', '626-340-5303', '562-900-2982', '', 0, 'omnia elzeny', 'moustafa elsayed', '', '6263405303', '5629002982', '', 'Mother', 'Father', '', 'no', '', '2018-12-01 21:13:26', '2018-12-01 21:14:13', 0),
(158, 231, 'Albisani', '714-376-4058', '323-557-0147', '', 0, NULL, NULL, NULL, NULL, NULL, NULL, NULL, NULL, NULL, NULL, NULL, '2018-12-15 17:05:50', '2018-12-15 17:05:50', 0),
(159, 232, 'Khayat', '714-576-9983', '714-576-9982', '', 0, 'Eva kenj', 'Amani kinj', 'Maria khayat', '714 340 9409', '714 576 9007', '714 576 9984', 'Aunt', 'Aunt', 'Sister', 'no', '', '2018-12-15 19:00:52', '2018-12-15 19:02:16', 0),
(160, 233, 'Hallaq', '504-435-0134', '949-522-1145', '', 0, NULL, NULL, NULL, NULL, NULL, NULL, NULL, NULL, NULL, NULL, NULL, '2018-12-22 00:11:25', '2018-12-22 00:11:25', 0),
(161, 234, 'Albarrishi', '714-759-1497', '714-757-0848', '', 0, 'Bashar Al-Barrishi', 'Nada Khalawi', '', '714-757-0848', '', '', 'Father', 'Mother', '', 'no', '', '2019-01-05 19:00:27', '2019-01-05 19:09:59', 0),
(162, 235, 'Barnia', '949-241-0464', '949-502-1235', '', 0, 'Maysan saad el din', '', '', '1 (714) 728-7118', '', '', 'Friend', '', '', 'no', '', '2019-01-05 19:09:37', '2019-01-05 19:11:14', 0);

-- --------------------------------------------------------

--
-- Table structure for table `parent_subjects`
--

DROP TABLE IF EXISTS `parent_subjects`;
CREATE TABLE IF NOT EXISTS `parent_subjects` (
  `id` int(11) NOT NULL AUTO_INCREMENT,
  `parent_subject_name` varchar(100) NOT NULL,
  `created_at` datetime NOT NULL,
  `updated_at` datetime NOT NULL,
  PRIMARY KEY (`id`),
  UNIQUE KEY `id` (`id`)
) ENGINE=InnoDB AUTO_INCREMENT=3 DEFAULT CHARSET=utf8;

--
-- Dumping data for table `parent_subjects`
--

INSERT INTO `parent_subjects` (`id`, `parent_subject_name`, `created_at`, `updated_at`) VALUES
(1, 'no_parent_subject', '2018-05-09 00:00:00', '2018-05-29 00:00:00'),
(2, 'arabic', '2018-05-09 00:00:00', '2018-05-28 00:00:00');

-- --------------------------------------------------------

--
-- Table structure for table `payment_items`
--

DROP TABLE IF EXISTS `payment_items`;
CREATE TABLE IF NOT EXISTS `payment_items` (
  `id` int(11) NOT NULL AUTO_INCREMENT,
  `payment_key` varchar(255) NOT NULL,
  `payment_value` float NOT NULL DEFAULT '0',
  `created_at` datetime NOT NULL,
  `updated_at` datetime NOT NULL,
  PRIMARY KEY (`id`)
) ENGINE=MyISAM AUTO_INCREMENT=38 DEFAULT CHARSET=utf8;

--
-- Dumping data for table `payment_items`
--

INSERT INTO `payment_items` (`id`, `payment_key`, `payment_value`, `created_at`, `updated_at`) VALUES
(1, 'saturday_school_registration_fee', 30, '2018-06-23 00:00:00', '2018-10-26 00:13:51'),
(34, 'saturday_school_pre_kinder_books_fee', 55, '2018-06-23 00:00:00', '2018-10-26 00:13:51'),
(3, 'saturday_school_tuition_full_year_first_child', 720, '2018-06-23 00:00:00', '2018-10-26 00:13:51'),
(4, 'saturday_school_tuition_full_year_second_child', 675, '2018-06-23 00:00:00', '2018-10-26 00:13:51'),
(5, 'saturday_school_tuition_full_year_third_child', 630, '2018-06-23 00:00:00', '2018-10-26 00:13:51'),
(6, 'saturday_school_tuition_full_year_discount', 20, '2018-06-23 00:00:00', '2018-10-26 00:13:51'),
(7, 'saturday_school_tuition_bimonthly_first_child', 160, '2018-06-23 00:00:00', '2018-10-26 00:13:51'),
(8, 'saturday_school_tuition_bimonthly_second_child', 150, '2018-06-23 00:00:00', '2018-10-26 00:13:51'),
(9, 'saturday_school_tuition_bimonthly_third_child', 140, '2018-06-23 00:00:00', '2018-10-26 00:13:51'),
(10, 'saturday_school_tuition_monthly_first_child', 80, '2018-06-23 00:00:00', '2018-10-26 00:13:51'),
(11, 'saturday_school_tuition_monthly_second_child', 75, '2018-06-23 00:00:00', '2018-10-26 00:13:51'),
(12, 'saturday_school_tuition_monthly_third_child', 70, '2018-06-23 00:00:00', '2018-10-26 00:13:51'),
(13, 'saturday_school_late_payment_fee', 15, '2018-06-23 00:00:00', '2018-10-26 00:13:51'),
(14, 'saturday_school_late_pickup_fee', 10, '2018-06-23 00:00:00', '2018-10-26 00:13:51'),
(15, 'saturday_school_teacher_child_discount', 50, '2018-06-23 00:00:00', '2018-10-26 00:13:51'),
(16, 'arabic_book_club_per_month', 10, '2018-06-23 00:00:00', '2018-10-26 00:13:51'),
(17, 'youth_group_registration_fee', 40, '2018-06-23 00:00:00', '2018-10-26 00:13:51'),
(18, 'youth_group_tuition_full_year_first_child', 720, '2018-06-23 00:00:00', '2018-10-26 00:13:51'),
(19, 'youth_group_tuition_full_year_second_child', 675, '2018-06-23 00:00:00', '2018-10-26 00:13:51'),
(20, 'youth_group_tuition_full_year_third_child', 630, '2018-06-23 00:00:00', '2018-10-26 00:13:51'),
(21, 'youth_group_tuition_full_year_discount', 20, '2018-06-23 00:00:00', '2018-10-26 00:13:51'),
(22, 'youth_group_tuition_bimonthly_first_child', 160, '2018-06-23 00:00:00', '2018-10-26 00:13:51'),
(23, 'youth_group_tuition_bimonthly_second_child', 150, '2018-06-23 00:00:00', '2018-10-26 00:13:51'),
(24, 'youth_group_tuition_bimonthly_third_child', 140, '2018-06-23 00:00:00', '2018-10-26 00:13:51'),
(25, 'youth_group_tuition_monthly_first_child', 80, '2018-06-23 00:00:00', '2018-10-26 00:13:51'),
(26, 'youth_group_tuition_monthly_second_child', 75, '2018-06-23 00:00:00', '2018-10-26 00:13:51'),
(27, 'youth_group_tuition_monthly_third_child', 70, '2018-06-23 00:00:00', '2018-10-26 00:13:51'),
(28, 'youth_group_late_payment_fee', 15, '2018-06-23 00:00:00', '2018-10-26 00:13:51'),
(35, 'saturday_school_elementary_books_fee', 40, '2018-06-23 00:00:00', '2018-10-26 00:13:51'),
(31, 'youth_group_late_payment_fee', 15, '2018-06-23 00:00:00', '2018-10-26 00:13:51'),
(32, 'youth_group_late_pickup_fee', 15, '2018-06-23 00:00:00', '2018-10-26 00:13:51'),
(33, 'youth_group_teacher_child_discount', 50, '2018-06-23 00:00:00', '2018-10-26 00:13:51'),
(36, 'saturday_school_islamic_textbook', 30, '2018-06-23 00:00:00', '2018-10-26 00:13:51'),
(37, 'saturday_school_islamic_workbook', 8, '2018-06-23 00:00:00', '2018-10-26 00:13:51');

-- --------------------------------------------------------

--
-- Table structure for table `petty_cashes`
--

DROP TABLE IF EXISTS `petty_cashes`;
CREATE TABLE IF NOT EXISTS `petty_cashes` (
  `id` int(11) NOT NULL AUTO_INCREMENT,
  `petty_cash_date` date NOT NULL,
  `petty_cash_type` enum('dep','csh') NOT NULL DEFAULT 'csh',
  `petty_cash_account` varchar(255) NOT NULL,
  `petty_cash_memo` text NOT NULL,
  `petty_cash_payment` double NOT NULL,
  `petty_cash_deposit` double NOT NULL,
  `petty_cash_balance` double NOT NULL DEFAULT '0',
  `year` int(11) NOT NULL,
  `created_at` datetime NOT NULL,
  `updated_at` datetime NOT NULL,
  PRIMARY KEY (`id`)
) ENGINE=MyISAM AUTO_INCREMENT=59 DEFAULT CHARSET=utf8;

--
-- Dumping data for table `petty_cashes`
--

INSERT INTO `petty_cashes` (`id`, `petty_cash_date`, `petty_cash_type`, `petty_cash_account`, `petty_cash_memo`, `petty_cash_payment`, `petty_cash_deposit`, `petty_cash_balance`, `year`, `created_at`, `updated_at`) VALUES
(4, '2018-07-11', 'csh', 'Marwan Sakkal', 'paying ice cream', 12, 0, 0, 0, '2018-07-30 06:28:18', '2018-08-26 20:55:30'),
(6, '2018-09-04', 'csh', 'Deposit', '', 0, 90, 0, 0, '2018-09-03 00:44:41', '2018-09-03 00:44:41'),
(13, '2018-10-27', 'dep', 'FROM TUITION AND SNACKS', '', 0, 351, 0, 2018, '2018-10-27 17:32:40', '2018-10-27 17:32:40'),
(14, '2018-10-27', 'csh', 'Zeina Ek-Kassem', 'Boxes', 15, 0, 0, 2018, '2018-10-27 17:33:17', '2018-10-27 17:33:17'),
(15, '2018-10-27', 'csh', 'Mayada Alam/Mehdi Kreiker', 'Box Lock', 8, 0, 0, 2018, '2018-10-27 17:59:41', '2018-10-27 17:59:41'),
(16, '2018-10-27', 'csh', 'Dima Estwani', 'Stationary', 5, 0, 0, 2018, '2018-10-27 18:01:07', '2018-10-27 18:01:07'),
(17, '2018-10-27', 'csh', 'Manar Kreiker', 'Markers and Bell', 20, 0, 0, 2018, '2018-10-27 18:02:38', '2018-10-27 18:02:38'),
(18, '2018-10-27', 'csh', 'Jidh Al-Majzoub', 'iPad Air 2', 224, 0, 0, 2018, '2018-10-27 18:22:53', '2018-10-27 18:22:53'),
(19, '2018-10-27', 'csh', 'Jidh Al-Majzoub', 'File Box, Cash Box', 26, 0, 0, 2018, '2018-10-27 18:24:34', '2018-10-27 18:24:34'),
(20, '2018-10-27', 'csh', 'Jidh Al-Majzoub', 'Dry Erase, Stapler form Target', 22, 0, 0, 2018, '2018-10-27 18:26:02', '2018-10-27 18:26:02'),
(21, '2018-10-27', 'dep', 'SCHOOL', '', 0, 180, 0, 2018, '2018-10-27 18:29:05', '2018-10-27 18:29:05'),
(22, '2018-10-27', 'csh', 'Hania Estwani', 'Pizza, Papa Johns', 36, 0, 0, 2018, '2018-10-27 19:17:34', '2018-10-27 19:17:34'),
(23, '2018-10-27', 'dep', 'SCHOOL', '', 0, 20, 0, 2018, '2018-10-27 19:31:36', '2018-10-27 19:33:51'),
(24, '2018-10-27', 'csh', 'Mayada Alam/Mehdi Kreiker', 'Storage Box Home Depot', 194, 0, 0, 2018, '2018-10-27 19:34:58', '2018-10-27 19:34:58'),
(25, '2018-11-10', 'dep', 'TAKEN FROM PIZZA AND SNACK', '', 0, 580, 0, 2018, '2018-12-31 22:11:26', '2018-12-31 22:11:26'),
(26, '2018-12-15', 'csh', 'Nada Najjar', 'Ice cream ', 9, 0, 0, 2018, '2018-12-31 22:12:41', '2018-12-31 22:12:41'),
(27, '2018-12-15', 'csh', 'Rana Al-Mughrabi', 'Walmart', 5, 0, 0, 2018, '2018-12-31 22:12:59', '2018-12-31 22:12:59'),
(28, '2018-12-15', 'csh', 'Jidh Al-Majzoub', 'Binder Rings/Corrector', 10, 0, 0, 2018, '2018-12-31 22:13:29', '2018-12-31 22:13:29'),
(29, '2018-12-15', 'csh', 'Zeina ElKassem', 'Soup Ingredients', 21, 0, 0, 2018, '2018-12-31 22:13:51', '2018-12-31 22:13:51'),
(30, '2018-12-15', 'csh', 'Rana AlMughrabi', 'Sheet Protectors', 5, 0, 0, 2018, '2018-12-31 22:14:18', '2018-12-31 22:14:18'),
(31, '2018-12-15', 'csh', 'Nada Najjar', 'Donuts', 6, 0, 0, 2018, '2018-12-31 22:14:41', '2018-12-31 22:14:41'),
(32, '2018-12-15', 'csh', 'Bayan Naamani', 'Drums from Amazon', 39, 0, 0, 2018, '2018-12-31 22:15:05', '2018-12-31 22:15:05'),
(33, '2018-12-15', 'csh', 'Rana AlMughrabi', 'Jarir Books', 50, 0, 0, 2018, '2018-12-31 22:15:27', '2019-03-08 22:17:03'),
(34, '2018-12-22', 'csh', 'Zeina ElKassem', 'Colored copy paper', 17, 0, 0, 2018, '2018-12-31 22:15:52', '2018-12-31 22:15:52'),
(36, '2018-12-29', 'dep', 'TAKEN FROM PIZZA AND SNACK', '', 0, 757, 0, 2018, '2019-01-01 06:42:09', '2019-01-01 06:42:22'),
(37, '2019-01-05', 'csh', 'Jida Al-Majzoub', 'Receipt Paper and Keyboard', 33, 0, 0, 2018, '2019-01-05 19:47:06', '2019-01-05 19:47:06'),
(38, '2019-01-05', 'csh', 'Mayada Alam', 'SUMMER CAMP', 2, 0, 0, 2018, '2019-01-05 21:08:02', '2019-01-05 21:08:02'),
(39, '2019-01-05', 'csh', 'Mayada Alam', 'SUMMER CAMP', 2, 0, 0, 2018, '2019-01-05 21:08:02', '2019-01-05 21:08:02'),
(40, '2019-01-05', 'csh', 'Mayada Alam', 'SUMMER CAMP', 22, 0, 0, 2018, '2019-01-05 21:08:32', '2019-01-05 21:08:32'),
(41, '2019-01-05', 'csh', 'Mayada Alam', 'SUMMER CAMP', 51, 0, 0, 2018, '2019-01-05 21:09:34', '2019-01-05 21:09:43'),
(42, '2019-01-05', 'csh', 'Mayada Alam', 'SUMMER CAMP', 27, 0, 0, 2018, '2019-01-05 21:10:04', '2019-01-05 21:10:04'),
(43, '2019-01-05', 'csh', 'Mayada Alam', 'SUMMER CAMP', 51, 0, 0, 2018, '2019-01-05 21:10:28', '2019-01-05 21:10:28'),
(44, '2019-01-05', 'csh', 'Mayada Alam', '', 16, 0, 0, 2018, '2019-01-05 21:10:46', '2019-01-05 21:10:46'),
(45, '2019-01-05', 'csh', 'Mayada Alam', 'Snacks', 56, 0, 0, 2018, '2019-01-05 21:11:04', '2019-01-05 21:13:04'),
(46, '2019-01-05', 'csh', 'Mayada Alam', 'Snacks', 40, 0, 0, 2018, '2019-01-05 21:11:40', '2019-01-05 21:13:17'),
(47, '2019-01-05', 'csh', 'Mayada Alam', 'Snacks', 96, 0, 0, 2018, '2019-01-05 21:12:15', '2019-01-05 21:13:29'),
(48, '2019-01-05', 'csh', 'Mayada Alam', 'Snacks (most recent)', 241, 0, 0, 2018, '2019-01-05 21:13:53', '2019-01-05 21:13:53'),
(49, '2019-01-05', 'csh', 'Mayada Alam', 'Walmart', 2, 0, 0, 2018, '2019-01-05 21:14:32', '2019-01-05 21:14:32'),
(50, '2019-01-05', 'csh', 'Mayada Alam', 'Snacks', 140, 0, 0, 2018, '2019-01-05 21:14:47', '2019-01-05 21:14:47'),
(51, '2019-01-05', 'csh', 'Mayada Alam', 'Goodie Bags', 9, 0, 0, 2018, '2019-01-05 21:15:27', '2019-01-05 21:15:27'),
(52, '2019-01-05', 'csh', 'Mayada Alam', 'Snacks', 22, 0, 0, 2018, '2019-01-05 21:15:46', '2019-01-05 21:15:46'),
(53, '2019-01-05', 'csh', 'Mayada Alam', 'Costco', 7, 0, 0, 2018, '2019-01-05 21:16:05', '2019-01-05 21:16:05'),
(54, '2019-01-05', 'csh', 'Mayada Alam', 'School Supplies', 42, 0, 0, 2018, '2019-01-05 21:16:24', '2019-01-05 21:16:24'),
(55, '2019-01-05', 'csh', 'Mayada Alam', 'Snacks', 52, 0, 0, 2018, '2019-01-05 21:16:50', '2019-01-05 21:17:59'),
(56, '2019-01-05', 'csh', 'Mayada Alam', 'Stapler', 13, 0, 0, 2018, '2019-01-05 21:17:10', '2019-01-05 21:17:10'),
(57, '2019-01-05', 'csh', 'Mayada Alam', 'Costco', 9, 0, 0, 2018, '2019-01-05 21:17:29', '2019-01-05 21:17:29'),
(58, '2019-01-05', 'dep', 'PROFIT FROM LAST YEAR (2017-2018)', '', 0, 760, 0, 2018, '2019-01-07 23:01:06', '2019-01-07 23:01:06');

-- --------------------------------------------------------

--
-- Table structure for table `pizza_and_snack_inputs`
--

DROP TABLE IF EXISTS `pizza_and_snack_inputs`;
CREATE TABLE IF NOT EXISTS `pizza_and_snack_inputs` (
  `id` int(11) NOT NULL AUTO_INCREMENT,
  `input_date` date NOT NULL,
  `input_title` varchar(255) NOT NULL,
  `cost` double NOT NULL,
  `deposit` double NOT NULL,
  `withdrawal` double NOT NULL,
  `year` int(11) NOT NULL,
  `created_at` datetime NOT NULL,
  `updated_at` datetime NOT NULL,
  PRIMARY KEY (`id`)
) ENGINE=MyISAM AUTO_INCREMENT=24 DEFAULT CHARSET=utf8;

--
-- Dumping data for table `pizza_and_snack_inputs`
--

INSERT INTO `pizza_and_snack_inputs` (`id`, `input_date`, `input_title`, `cost`, `deposit`, `withdrawal`, `year`, `created_at`, `updated_at`) VALUES
(3, '2018-07-11', 'pizza', 1000, 140, 0, 0, '2018-07-24 12:30:17', '2018-07-24 12:30:17'),
(13, '2018-11-03', 'Pizza ', 184, 0, 0, 2018, '2018-12-31 22:05:37', '2018-12-31 22:05:37'),
(12, '2018-10-20', 'Snack Sale (taken for petty cash)', 139, 0, 0, 2018, '2018-12-31 22:04:00', '2018-12-31 22:05:17'),
(14, '2018-11-10', 'Pizza', 145, 0, 0, 2018, '2018-12-31 22:07:02', '2018-12-31 22:07:02'),
(15, '2018-10-27', '10.27 & 11.3 & 11.10 Snack', 0, 0, 0, 2018, '2018-12-31 22:08:39', '2018-12-31 22:08:39'),
(16, '2018-11-10', 'TAKEN FOR PETTY CASH WITHDRAWAL', 580, 0, 0, 2018, '2018-12-31 22:10:26', '2018-12-31 22:10:58'),
(17, '2018-12-08', 'Pizza', 141, 0, 0, 2018, '2019-01-01 06:34:21', '2019-01-01 06:34:21'),
(19, '2018-12-15', 'Pizza', 130, 0, 0, 2018, '2019-01-01 06:35:33', '2019-01-01 06:35:33'),
(21, '2018-12-29', 'Pizza', 103, 0, 0, 2018, '2019-01-01 06:38:05', '2019-01-01 06:38:05'),
(22, '2018-12-29', 'Snack 12.01 & 12.08 & 12.15 & 12.22', 0, 0, 0, 2018, '2019-01-01 06:39:04', '2019-01-01 06:39:04');

-- --------------------------------------------------------

--
-- Table structure for table `pizza_and_snack_items`
--

DROP TABLE IF EXISTS `pizza_and_snack_items`;
CREATE TABLE IF NOT EXISTS `pizza_and_snack_items` (
  `id` int(11) NOT NULL AUTO_INCREMENT,
  `pizza_and_snack_input_id` int(11) NOT NULL,
  `bills` double NOT NULL,
  `quantity` int(11) NOT NULL,
  `total` double NOT NULL,
  `created_at` datetime NOT NULL,
  `updated_at` datetime NOT NULL,
  PRIMARY KEY (`id`)
) ENGINE=MyISAM AUTO_INCREMENT=54 DEFAULT CHARSET=utf8;

--
-- Dumping data for table `pizza_and_snack_items`
--

INSERT INTO `pizza_and_snack_items` (`id`, `pizza_and_snack_input_id`, `bills`, `quantity`, `total`, `created_at`, `updated_at`) VALUES
(31, 13, 1, 209, 209, '2018-12-31 22:05:57', '2018-12-31 22:05:57'),
(30, 13, 5, 4, 20, '2018-12-31 22:05:50', '2018-12-31 22:05:50'),
(29, 13, 20, 8, 160, '2018-12-31 22:05:44', '2018-12-31 22:05:44'),
(28, 12, 1, 19, 19, '2018-12-31 22:04:35', '2018-12-31 22:04:35'),
(27, 12, 5, 6, 30, '2018-12-31 22:04:28', '2018-12-31 22:04:28'),
(26, 12, 10, 3, 30, '2018-12-31 22:04:23', '2018-12-31 22:04:23'),
(25, 12, 20, 3, 60, '2018-12-31 22:04:18', '2018-12-31 22:04:18'),
(32, 14, 10, 3, 30, '2018-12-31 22:07:14', '2018-12-31 22:07:14'),
(33, 14, 5, 9, 45, '2018-12-31 22:07:24', '2018-12-31 22:07:24'),
(34, 14, 1, 238, 238, '2018-12-31 22:07:31', '2018-12-31 22:07:31'),
(35, 15, 20, 5, 100, '2018-12-31 22:08:52', '2018-12-31 22:08:52'),
(36, 15, 1, 107, 107, '2018-12-31 22:09:00', '2018-12-31 22:09:00'),
(38, 17, 5, 9, 45, '2019-01-01 06:34:49', '2019-01-01 06:34:49'),
(39, 17, 1, 246, 246, '2019-01-01 06:34:56', '2019-01-01 06:35:06'),
(40, 19, 10, 1, 10, '2019-01-01 06:35:42', '2019-01-01 06:35:42'),
(41, 19, 5, 12, 60, '2019-01-01 06:35:49', '2019-01-01 06:35:49'),
(42, 19, 1, 184, 184, '2019-01-01 06:36:00', '2019-01-01 06:36:00'),
(46, 21, 5, 9, 45, '2019-01-01 06:38:17', '2019-01-01 06:38:17'),
(47, 21, 1, 170, 170, '2019-01-01 06:38:25', '2019-01-01 06:38:25'),
(48, 22, 100, 1, 100, '2019-01-01 06:39:15', '2019-01-01 06:39:15'),
(49, 22, 20, 1, 20, '2019-01-01 06:39:22', '2019-01-01 06:39:22'),
(50, 22, 10, 2, 20, '2019-01-01 06:39:27', '2019-01-01 06:39:27'),
(51, 22, 5, 10, 50, '2019-01-01 06:39:35', '2019-01-01 06:39:35'),
(52, 22, 2, 1, 2, '2019-01-01 06:39:39', '2019-01-01 06:39:39'),
(53, 22, 1, 101, 101, '2019-01-01 06:39:44', '2019-01-01 06:39:44');

-- --------------------------------------------------------

--
-- Table structure for table `previlages`
--

DROP TABLE IF EXISTS `previlages`;
CREATE TABLE IF NOT EXISTS `previlages` (
  `id` int(11) NOT NULL AUTO_INCREMENT,
  `function_name` varchar(255) NOT NULL,
  `previlage_name_ar` varchar(255) NOT NULL,
  `previlage_name_en` varchar(225) NOT NULL,
  `previlage_type` enum('admins','teachers','students') NOT NULL,
  `created_at` datetime NOT NULL,
  `updated_at` datetime NOT NULL,
  `deleted` tinyint(2) NOT NULL,
  PRIMARY KEY (`id`),
  UNIQUE KEY `id_UNIQUE` (`id`)
) ENGINE=InnoDB DEFAULT CHARSET=utf8;

-- --------------------------------------------------------

--
-- Table structure for table `report_cards`
--

DROP TABLE IF EXISTS `report_cards`;
CREATE TABLE IF NOT EXISTS `report_cards` (
  `id` int(11) NOT NULL AUTO_INCREMENT,
  `student_record_id` int(11) NOT NULL,
  `semester` tinyint(4) NOT NULL,
  `teacher` varchar(255) DEFAULT NULL,
  `quran_teacher` varchar(255) DEFAULT NULL,
  `arabic_teacher` varchar(255) DEFAULT NULL,
  `islamic_studies_teacher` varchar(255) DEFAULT NULL,
  `teacher_comments` text,
  `date_of_expired` date DEFAULT NULL,
  `created_at` datetime NOT NULL,
  `updated_at` datetime NOT NULL,
  PRIMARY KEY (`id`)
) ENGINE=MyISAM AUTO_INCREMENT=47 DEFAULT CHARSET=utf8;

--
-- Dumping data for table `report_cards`
--

INSERT INTO `report_cards` (`id`, `student_record_id`, `semester`, `teacher`, `quran_teacher`, `arabic_teacher`, `islamic_studies_teacher`, `teacher_comments`, `date_of_expired`, `created_at`, `updated_at`) VALUES
(1, 94, 1, NULL, '', '', '', NULL, '0000-00-00', '2018-09-20 13:26:52', '2019-01-11 18:05:46'),
(2, 261, 1, 'Nada Najjar - Dima Estwani', NULL, NULL, NULL, '', '2019-01-05', '2018-10-01 14:41:06', '2019-01-02 10:46:22'),
(3, 320, 1, 'Maysoun Kattan - Hazar Baroutaji', NULL, NULL, NULL, 'she is a good student in Arabic class,behaves good,nice and clean \r\n significant improvement in memorization of the Qura‘an, i wish her a bright future.  ', '2019-01-05', '2018-12-29 20:22:47', '2019-01-12 20:01:56'),
(4, 243, 1, 'Maysoun Kattan - Hazar Baroutaji', NULL, NULL, NULL, 'she is a good, nice, smart ,and behaves , but needs more help in Qura,an memorization and Arabic writing to become one of the best. ', '0000-00-00', '2018-12-29 20:23:36', '2019-01-12 19:20:13'),
(5, 288, 1, 'Maysoun Kattan - Hazar Baroutaji', NULL, NULL, NULL, 'He is a good student ,behaves good, but needs more help in Quran memorization and Arabic. ', '0000-00-00', '2018-12-29 20:25:26', '2019-01-12 18:39:32'),
(6, 137, 1, 'Maysoun Kattan - Hazar Baroutaji', NULL, NULL, NULL, 'your child has made great progress across the curriculum since the beginning of the school year. He is smart , an active participant and an inquisitive learner I wish him bright future  . ', '0000-00-00', '2018-12-29 20:27:04', '2019-01-12 19:10:16'),
(7, 304, 1, 'Maysoun Kattan - Hazar Baroutaji', NULL, NULL, NULL, 'your child has made done grate job this semester, taking pride in her work and completing assignments with quality in mind, i wish her bright future .  ', '0000-00-00', '2018-12-29 20:42:00', '2019-01-12 19:01:21'),
(8, 281, 1, NULL, 'Jida Al-Majzoub', 'Jida Al-Majzoub - Joumana Alsawaf', 'Bushra  Kanawati', NULL, '2019-01-05', '2018-12-31 22:17:59', '2018-12-31 22:17:59'),
(9, 406, 1, NULL, 'Jida Al-Majzoub', 'Jida Al-Majzoub - Joumana Alsawaf', 'Bushra  Kanawati', NULL, '2019-01-05', '2018-12-31 22:19:22', '2018-12-31 22:19:22'),
(10, 358, 1, NULL, 'Jida Al-Majzoub', 'Jida Al-Majzoub - Joumana Alsawaf', 'Bushra  Kanawati', NULL, '2019-01-05', '2018-12-31 22:19:37', '2018-12-31 22:19:37'),
(11, 164, 1, 'Maysan Saad Alden - Lana Machta', NULL, NULL, NULL, '', '2019-01-03', '2019-01-03 19:03:21', '2019-01-03 19:06:58'),
(12, 213, 1, NULL, 'Rania Alzabibi', 'Rania Alzabibi - Shaimaa Ahmed - Rania Alzabibi - Rania Alzabibi - Rania Alzabibi', 'Zeina El-Kassem', NULL, '2019-01-04', '2019-01-04 22:00:32', '2019-01-04 22:01:23'),
(13, 140, 1, NULL, 'Rania Alzabibi', 'Rania Alzabibi - Shaimaa Ahmed - Rania Alzabibi - Rania Alzabibi - Rania Alzabibi', 'Zeina El-Kassem', NULL, '2019-01-04', '2019-01-04 22:03:47', '2019-01-11 17:50:29'),
(14, 136, 1, NULL, 'Rania Alzabibi', 'Rania Alzabibi - Shaimaa Ahmed - Rania Alzabibi - Rania Alzabibi - Rania Alzabibi', 'Zeina El-Kassem', NULL, '2019-01-04', '2019-01-04 22:04:25', '2019-01-04 22:04:25'),
(15, 115, 1, NULL, 'Rania Alzabibi', 'Rania Alzabibi - Shaimaa Ahmed - Rania Alzabibi - Rania Alzabibi - Rania Alzabibi', 'Zeina El-Kassem', NULL, '2019-01-04', '2019-01-04 22:05:19', '2019-01-04 22:05:19'),
(16, 125, 1, NULL, 'Rania Alzabibi', 'Rania Alzabibi - Shaimaa Ahmed - Rania Alzabibi - Rania Alzabibi - Rania Alzabibi', 'Zeina El-Kassem', NULL, '2019-01-04', '2019-01-04 22:05:46', '2019-01-04 22:05:46'),
(17, 113, 1, NULL, 'Rania Alzabibi', 'Rania Alzabibi - Shaimaa Ahmed - Rania Alzabibi - Rania Alzabibi - Rania Alzabibi', 'Zeina El-Kassem', NULL, '2019-01-04', '2019-01-04 22:06:29', '2019-01-04 22:06:29'),
(18, 166, 1, NULL, 'Rania Alzabibi', 'Rania Alzabibi - Shaimaa Ahmed - Rania Alzabibi - Rania Alzabibi - Rania Alzabibi', 'Zeina El-Kassem', NULL, '2019-01-04', '2019-01-04 22:08:19', '2019-01-04 22:08:19'),
(19, 135, 1, NULL, 'Rania Alzabibi', 'Rania Alzabibi - Shaimaa Ahmed - Rania Alzabibi - Rania Alzabibi - Rania Alzabibi', 'Zeina El-Kassem', NULL, '2019-01-04', '2019-01-04 22:08:46', '2019-01-04 22:08:46'),
(20, 408, 1, NULL, 'Rania Alzabibi', 'Rania Alzabibi - Shaimaa Ahmed - Rania Alzabibi - Rania Alzabibi - Rania Alzabibi', 'Zeina El-Kassem', NULL, '2019-01-04', '2019-01-04 22:09:20', '2019-01-04 22:12:28'),
(21, 305, 1, NULL, 'Rania Alzabibi', 'Rania Alzabibi - Shaimaa Ahmed - Rania Alzabibi - Rania Alzabibi - Rania Alzabibi', 'Zeina El-Kassem', NULL, '2019-01-04', '2019-01-04 22:12:50', '2019-01-04 22:12:50'),
(22, 366, 1, NULL, 'Rania Alzabibi', 'Rania Alzabibi - Shaimaa Ahmed - Rania Alzabibi - Rania Alzabibi - Rania Alzabibi', 'Zeina El-Kassem', NULL, '2019-01-04', '2019-01-04 22:13:14', '2019-01-04 22:16:25'),
(23, 278, 1, NULL, 'Rania Alzabibi', 'Rania Alzabibi - Shaimaa Ahmed - Rania Alzabibi - Rania Alzabibi - Rania Alzabibi', 'Zeina El-Kassem', NULL, '2019-01-04', '2019-01-04 22:17:08', '2019-01-04 22:17:08'),
(24, 299, 1, NULL, 'Rania Alzabibi', 'Rania Alzabibi - Shaimaa Ahmed - Rania Alzabibi - Rania Alzabibi - Rania Alzabibi', 'Zeina El-Kassem', NULL, '2019-01-04', '2019-01-04 22:17:46', '2019-01-05 03:49:46'),
(25, 325, 1, NULL, 'Rania Alzabibi', 'Rania Alzabibi - Shaimaa Ahmed - Rania Alzabibi - Rania Alzabibi - Rania Alzabibi', 'Zeina El-Kassem', NULL, '2019-01-04', '2019-01-04 22:18:17', '2019-01-04 22:18:23'),
(26, 367, 1, NULL, 'Rania Alzabibi', 'Rania Alzabibi - Shaimaa Ahmed - Rania Alzabibi - Rania Alzabibi - Rania Alzabibi', 'Zeina El-Kassem', NULL, '2019-01-04', '2019-01-04 22:19:31', '2019-01-04 22:19:31'),
(27, 122, 1, NULL, 'Rania Alzabibi', 'Rania Alzabibi - Shaimaa Ahmed - Rania Alzabibi - Rania Alzabibi - Rania Alzabibi', 'Zeina El-Kassem', NULL, '2019-01-04', '2019-01-04 22:19:58', '2019-01-04 22:19:58'),
(28, 179, 1, NULL, 'Rania Alzabibi', 'Rania Alzabibi - Shaimaa Ahmed - Rania Alzabibi - Rania Alzabibi - Rania Alzabibi', 'Zeina El-Kassem', NULL, '2019-01-04', '2019-01-04 22:20:40', '2019-01-04 22:20:40'),
(29, 120, 1, NULL, 'Rania Alzabibi', 'Rania Alzabibi - Shaimaa Ahmed - Rania Alzabibi - Rania Alzabibi - Rania Alzabibi', 'Zeina El-Kassem', NULL, '2019-01-04', '2019-01-04 22:21:00', '2019-01-04 22:23:23'),
(30, 387, 1, NULL, 'Rania Alzabibi', 'Rania Alzabibi - Shaimaa Ahmed - Rania Alzabibi - Rania Alzabibi - Rania Alzabibi', 'Zeina El-Kassem', NULL, '2019-01-04', '2019-01-04 22:23:52', '2019-01-04 22:23:52'),
(31, 127, 1, 'Maysoun Kattan - Hazar Baroutaji', NULL, NULL, NULL, 'tackles new challenges eagerly and with a positive attitude. But he needs to work harder on his  Qura‘an memorization to become one of the best . ', '2019-01-05', '2019-01-05 17:50:34', '2019-01-12 18:54:16'),
(32, 108, 1, 'Maysoun Kattan - Hazar Baroutaji', NULL, NULL, NULL, 'He is smart , sensitive ,  polite to adults, in and out of the classroom,nice and clean, But he needs more help in Arabic and Qura’an memorization to become one of the best ,i wish him bright future.', '2019-01-05', '2019-01-05 17:50:46', '2019-01-12 20:04:22'),
(33, 253, 1, 'Maysoun Kattan - Hazar Baroutaji', NULL, NULL, NULL, 'Arrives at school each day with a smile, ready to learn. But needs more improvement in Arabic and Quran. ', '2019-01-05', '2019-01-05 17:53:26', '2019-01-12 19:03:27'),
(34, 317, 1, 'Maysoun Kattan - Hazar Baroutaji', NULL, NULL, NULL, 'Arrives at school each day with a smile, ready to learn, he is better from before, significant progress ,  But he needs to work more on  Arabic to become one of the best  . ', '2019-01-05', '2019-01-05 18:02:47', '2019-01-12 19:15:15'),
(35, 289, 1, 'Maysoun Kattan - Hazar Baroutaji', NULL, NULL, NULL, 'Your child has done a nice job this semester, taking pride in his work and completing assignments with quality in mind , but he needs help for Quraan memorization  .', '2019-01-05', '2019-01-05 18:13:07', '2019-01-12 19:21:11'),
(36, 293, 1, 'Maysoun Kattan - Hazar Baroutaji', NULL, NULL, NULL, 'Arrives at school each day with a smile, ready to learn. But he needs to focus on his Arabic and Qura‘an memorization to become one of the best .', '2019-01-05', '2019-01-05 18:18:47', '2019-01-12 19:23:48'),
(37, 114, 1, 'Maysoun Kattan - Hazar Baroutaji', NULL, NULL, NULL, 'Puts evident effort into his work as he completes assignments with quality in mind.', '2019-01-05', '2019-01-05 18:19:53', '2019-01-11 21:40:02'),
(38, 290, 1, 'Maysoun Kattan - Hazar Baroutaji', NULL, NULL, NULL, 'consistently makes good choices in all parts of the school day. A good student and he needs to focus more on his Arabic and Quran. ', '2019-01-05', '2019-01-05 18:42:01', '2019-01-05 18:44:41'),
(39, 422, 1, NULL, 'Roua  Jaboulie', 'Roua  Jaboulie', 'Zeina El-Kassem', NULL, '2019-01-07', '2019-01-07 21:02:42', '2019-01-07 21:02:42'),
(40, 395, 1, NULL, 'Roua  Jaboulie', 'Roua  Jaboulie ', 'Zeina El-Kassem', NULL, '2019-01-07', '2019-01-07 21:02:58', '2019-01-07 21:02:58'),
(41, 132, 1, 'Maysoun Kattan - Hazar Baroutaji', NULL, NULL, NULL, ' He is an active participant and an inquisitive learner. Omar has done a very nice job this semester, taking pride in his work and completing assignments with quality in mind I wish him bright\r\n future . ', NULL, '2019-01-11 21:48:50', '2019-01-12 19:29:01'),
(42, 168, 1, 'Maysoun Kattan - Hazar Baroutaji', NULL, NULL, NULL, ' robbie is a smart student , but he needs a lot of help in Arabic ,Qura‘an memorization , and good manners , please help him to become nice and clean and to become one of the best .\r\nI wish him bright future . ', NULL, '2019-01-12 19:39:39', '2019-01-12 19:39:39'),
(43, 378, 1, 'Maysoun Kattan - Hazar Baroutaji', NULL, NULL, NULL, 'your child nice and clean, and has made done grate job this semester, taking pride in her work and completing assignments with quality in mind, i wish her bright future .  ', NULL, '2019-01-12 19:42:39', '2019-01-12 19:42:39'),
(44, 294, 1, 'Maysoun Kattan - Hazar Baroutaji', NULL, NULL, NULL, 'She  is a good student ,behaves good, nice and clean , but needs more help in Quran memorization and Arabic , \r\nI wish her bright future  . ', NULL, '2019-01-12 19:46:51', '2019-01-12 19:46:51'),
(45, 148, 1, 'Maysoun Kattan - Hazar Baroutaji', NULL, NULL, NULL, 'your child has made great progress across the curriculum since the beginning of the school year. He is smart , nice and clean, an active participant and an inquisitive learner, I wish him bright future  . ', NULL, '2019-01-12 19:49:33', '2019-01-12 19:49:33'),
(46, 292, 1, 'Maysoun Kattan - Hazar Baroutaji', NULL, NULL, NULL, 'your child has made great progress across the curriculum since the beginning of the school year. He is smart , nice and clean, an active participant and an inquisitive learner.\r\n I wish him bright future  . ', NULL, '2019-01-12 19:52:04', '2019-01-12 19:52:04');

-- --------------------------------------------------------

--
-- Table structure for table `rooms`
--

DROP TABLE IF EXISTS `rooms`;
CREATE TABLE IF NOT EXISTS `rooms` (
  `id` int(11) NOT NULL AUTO_INCREMENT,
  `room_name` varchar(50) NOT NULL,
  `grade_id` int(11) NOT NULL,
  `created_at` datetime NOT NULL,
  `updated_at` datetime NOT NULL,
  `deleted` tinyint(2) NOT NULL,
  PRIMARY KEY (`id`)
) ENGINE=InnoDB AUTO_INCREMENT=40 DEFAULT CHARSET=utf8;

--
-- Dumping data for table `rooms`
--

INSERT INTO `rooms` (`id`, `room_name`, `grade_id`, `created_at`, `updated_at`, `deleted`) VALUES
(20, 'THIRD: 209', 29, '2018-06-21 08:31:11', '2018-08-26 21:04:20', 0),
(21, 'BOOK CLUB (ELEM)', 35, '2018-06-25 06:14:09', '2018-11-03 17:15:27', 0),
(22, 'GIRLS YOUTH', 36, '2018-07-02 07:02:40', '2018-08-26 21:05:15', 0),
(23, 'FOURTH: 210', 28, '2018-07-08 11:40:37', '2018-11-03 17:27:15', 0),
(24, 'Yellow', 23, '2018-07-16 11:12:03', '2018-08-26 20:28:40', 0),
(25, 'Red', 23, '2018-07-16 11:12:06', '2018-10-26 18:53:21', 0),
(27, 'FIFTH: 213', 27, '2018-07-19 12:30:22', '2018-11-03 17:28:28', 0),
(29, 'SIXTH: 200', 26, '2018-07-19 12:30:50', '2018-11-03 17:31:46', 0),
(30, 'Green', 24, '2018-08-26 20:33:02', '2018-08-26 20:33:02', 0),
(31, 'Blue', 25, '2018-08-26 20:38:54', '2018-08-26 20:38:54', 0),
(32, 'FIRST: 204 ', 40, '2018-08-26 21:05:42', '2018-11-03 18:29:02', 0),
(33, 'SECOND: 203 (112)', 41, '2018-08-26 21:07:24', '2018-08-26 21:07:24', 0),
(34, 'BEGINNERS 1: 206 (103)', 42, '2018-08-26 21:09:54', '2018-08-26 21:09:54', 0),
(35, 'Beginner\'s 2: 205', 43, '2018-09-01 00:50:24', '2018-11-03 17:33:24', 0),
(38, 'BOYS YOUTH', 36, '2018-09-02 17:00:23', '2018-09-02 17:00:23', 0),
(39, 'BOOK CLUB (KG)', 35, '2018-11-03 17:15:17', '2018-11-03 17:15:17', 0);

-- --------------------------------------------------------

--
-- Table structure for table `rooms_attendances`
--

DROP TABLE IF EXISTS `rooms_attendances`;
CREATE TABLE IF NOT EXISTS `rooms_attendances` (
  `id` int(11) NOT NULL AUTO_INCREMENT,
  `attendance_date` date NOT NULL,
  `room_id` int(11) NOT NULL,
  `created_at` datetime NOT NULL,
  `updated_at` datetime NOT NULL,
  PRIMARY KEY (`id`),
  KEY `room_id` (`room_id`)
) ENGINE=InnoDB AUTO_INCREMENT=229 DEFAULT CHARSET=latin1;

--
-- Dumping data for table `rooms_attendances`
--

INSERT INTO `rooms_attendances` (`id`, `attendance_date`, `room_id`, `created_at`, `updated_at`) VALUES
(40, '2018-08-18', 20, '2018-08-25 11:32:32', '2018-08-25 11:32:32'),
(41, '2018-08-11', 21, '2018-08-25 11:33:25', '2018-08-25 11:33:25'),
(42, '2018-08-26', 25, '2018-08-26 18:35:04', '2018-08-26 18:35:04'),
(43, '2018-09-01', 24, '2018-09-02 05:32:15', '2018-09-02 05:32:15'),
(44, '2018-09-08', 31, '2018-09-08 17:13:02', '2018-09-08 17:13:02'),
(45, '2018-09-08', 29, '2018-09-08 19:25:30', '2018-09-08 19:25:30'),
(46, '2018-09-08', 22, '2018-09-08 19:30:23', '2018-09-08 19:30:23'),
(47, '2018-09-08', 23, '2018-09-08 20:32:52', '2018-09-08 20:32:52'),
(48, '2018-09-09', 34, '2018-09-09 23:39:41', '2018-09-09 23:39:41'),
(49, '2018-09-13', 34, '2018-09-13 19:32:18', '2018-09-13 19:32:18'),
(50, '2018-09-13', 35, '2018-09-13 19:32:58', '2018-09-13 19:32:58'),
(51, '2018-09-08', 34, '2018-09-14 18:12:17', '2018-09-14 18:12:17'),
(52, '2018-09-15', 29, '2018-09-15 16:47:04', '2018-09-15 16:47:04'),
(53, '2018-09-15', 34, '2018-09-15 17:30:35', '2018-09-15 17:30:35'),
(54, '2018-09-15', 20, '2018-09-15 19:13:16', '2018-09-15 19:13:16'),
(55, '2018-09-16', 23, '2018-09-16 01:57:51', '2018-09-16 01:57:51'),
(56, '2018-09-15', 31, '2018-09-17 05:42:12', '2018-09-17 05:42:12'),
(57, '2018-09-19', 24, '2018-09-19 21:01:07', '2018-09-19 21:01:07'),
(58, '2018-09-19', 25, '2018-09-19 21:15:58', '2018-09-19 21:15:58'),
(59, '2018-09-15', 27, '2018-09-22 06:13:52', '2018-09-22 06:13:52'),
(60, '2018-09-22', 29, '2018-09-22 16:43:17', '2018-09-22 16:43:17'),
(61, '2018-09-29', 35, '2018-09-29 18:10:09', '2018-09-29 18:10:09'),
(62, '2018-09-22', 35, '2018-09-29 18:11:05', '2018-09-29 18:11:05'),
(63, '2018-09-15', 35, '2018-09-29 18:11:42', '2018-09-29 18:11:42'),
(64, '2018-09-08', 35, '2018-09-29 18:12:13', '2018-09-29 18:12:13'),
(65, '2018-09-29', 20, '2018-09-29 20:06:56', '2018-09-29 20:06:56'),
(66, '2018-10-01', 29, '2018-10-01 20:32:25', '2018-10-01 20:32:25'),
(67, '2018-09-22', 31, '2018-10-02 03:19:36', '2018-10-02 03:19:36'),
(68, '2018-09-29', 31, '2018-10-02 03:20:56', '2018-10-02 03:20:56'),
(69, '2018-09-08', 24, '2018-10-02 16:30:39', '2018-10-02 16:30:39'),
(70, '2018-09-15', 24, '2018-10-02 19:18:59', '2018-10-02 19:18:59'),
(71, '2018-09-22', 24, '2018-10-02 19:20:25', '2018-10-02 19:20:25'),
(72, '2018-09-29', 24, '2018-10-02 19:20:54', '2018-10-02 19:20:54'),
(73, '2018-10-05', 33, '2018-10-05 06:55:10', '2018-10-05 06:55:10'),
(74, '2018-09-08', 33, '2018-10-05 07:03:11', '2018-10-05 07:03:11'),
(75, '2018-09-15', 33, '2018-10-05 07:18:09', '2018-10-05 07:18:09'),
(76, '2018-09-22', 33, '2018-10-05 07:22:27', '2018-10-05 07:22:27'),
(77, '2018-09-29', 33, '2018-10-06 04:53:55', '2018-10-06 04:53:55'),
(78, '2018-10-06', 24, '2018-10-06 04:57:19', '2018-10-06 04:57:19'),
(79, '2018-10-06', 34, '2018-10-08 16:50:32', '2018-10-08 16:50:32'),
(80, '2018-09-08', 27, '2018-10-09 21:13:24', '2018-10-09 21:13:24'),
(81, '2018-09-22', 27, '2018-10-09 21:15:17', '2018-10-09 21:15:17'),
(82, '2018-09-29', 27, '2018-10-09 21:15:56', '2018-10-09 21:15:56'),
(83, '2018-10-06', 27, '2018-10-09 21:17:01', '2018-10-09 21:17:01'),
(84, '2018-10-06', 31, '2018-10-13 17:28:35', '2018-10-13 17:28:35'),
(85, '2018-10-13', 35, '2018-10-13 17:57:08', '2018-10-13 17:57:08'),
(86, '2018-10-13', 23, '2018-10-13 18:55:22', '2018-10-13 18:55:22'),
(87, '2018-10-06', 23, '2018-10-13 18:56:48', '2018-10-13 18:56:48'),
(88, '2018-09-29', 23, '2018-10-13 18:58:12', '2018-10-13 18:58:12'),
(89, '2018-10-13', 20, '2018-10-13 19:21:08', '2018-10-13 19:21:08'),
(90, '2018-10-06', 20, '2018-10-13 20:21:35', '2018-10-13 20:21:35'),
(91, '2018-10-13', 31, '2018-10-13 21:09:49', '2018-10-13 21:09:49'),
(92, '2018-10-13', 34, '2018-10-14 03:12:36', '2018-10-14 03:12:36'),
(93, '2018-10-15', 24, '2018-10-15 18:52:32', '2018-10-15 18:52:32'),
(94, '2018-09-08', 32, '2018-10-17 23:34:31', '2018-10-17 23:34:31'),
(95, '2018-10-20', 21, '2018-10-23 03:16:10', '2018-10-23 03:16:10'),
(96, '2018-10-20', 34, '2018-10-23 03:18:06', '2018-10-23 03:18:06'),
(97, '2018-10-20', 31, '2018-10-23 05:39:03', '2018-10-23 05:39:03'),
(98, '2018-09-15', 32, '2018-10-24 01:34:35', '2018-10-24 01:34:35'),
(99, '2018-09-22', 32, '2018-10-24 01:35:14', '2018-10-24 01:35:14'),
(100, '2018-09-29', 32, '2018-10-24 01:36:05', '2018-10-24 01:36:05'),
(101, '2018-10-20', 32, '2018-10-24 01:38:43', '2018-10-24 01:38:43'),
(102, '2018-10-13', 32, '2018-10-24 01:40:21', '2018-10-24 01:40:21'),
(103, '2018-10-06', 32, '2018-10-24 01:41:58', '2018-10-24 01:41:58'),
(104, '2018-10-25', 24, '2018-10-25 04:59:30', '2018-10-25 04:59:30'),
(105, '2018-10-20', 27, '2018-10-27 05:24:00', '2018-10-27 05:24:00'),
(106, '2018-10-27', 35, '2018-10-27 16:42:00', '2018-10-27 16:42:00'),
(107, '2018-10-27', 34, '2018-10-27 17:11:55', '2018-10-27 17:11:55'),
(108, '2018-10-27', 31, '2018-10-27 18:05:56', '2018-10-27 18:05:56'),
(109, '2018-10-27', 20, '2018-10-27 20:41:18', '2018-10-27 20:41:18'),
(110, '2018-10-27', 21, '2018-10-29 04:06:53', '2018-10-29 04:06:53'),
(111, '2018-10-31', 24, '2018-10-31 03:45:47', '2018-10-31 03:45:47'),
(112, '2018-10-06', 33, '2018-11-02 21:51:23', '2018-11-02 21:51:23'),
(113, '2018-10-13', 33, '2018-11-02 21:58:57', '2018-11-02 21:58:57'),
(114, '2018-10-20', 33, '2018-11-02 22:00:13', '2018-11-02 22:00:13'),
(115, '2018-10-27', 33, '2018-11-02 22:01:00', '2018-11-02 22:01:00'),
(116, '2018-10-27', 27, '2018-11-03 05:11:52', '2018-11-03 05:11:52'),
(117, '2018-10-20', 23, '2018-11-03 15:15:52', '2018-11-03 15:15:52'),
(118, '2018-10-27', 23, '2018-11-03 15:16:53', '2018-11-03 15:16:53'),
(119, '2018-11-03', 35, '2018-11-03 16:39:37', '2018-11-03 16:39:37'),
(120, '2018-11-03', 20, '2018-11-03 19:25:55', '2018-11-03 19:25:55'),
(121, '2018-11-03', 34, '2018-11-03 19:33:48', '2018-11-03 19:33:48'),
(122, '2018-11-03', 21, '2018-11-03 21:35:43', '2018-11-03 21:35:43'),
(123, '2018-11-03', 23, '2018-11-03 21:53:51', '2018-11-03 21:53:51'),
(124, '2018-11-03', 39, '2018-11-04 21:26:58', '2018-11-04 21:26:58'),
(125, '2018-11-03', 31, '2018-11-06 03:32:50', '2018-11-06 03:32:50'),
(126, '2018-10-27', 32, '2018-11-08 03:57:23', '2018-11-08 03:57:23'),
(127, '2018-11-03', 32, '2018-11-08 03:58:17', '2018-11-08 03:58:17'),
(128, '2018-11-10', 32, '2018-11-13 22:39:18', '2018-11-13 22:39:18'),
(129, '2018-11-15', 24, '2018-11-15 02:53:20', '2018-11-15 02:53:20'),
(130, '2018-11-17', 35, '2018-11-17 17:47:25', '2018-11-17 17:47:25'),
(131, '2018-11-17', 31, '2018-11-17 18:55:32', '2018-11-17 18:55:32'),
(132, '2018-11-18', 24, '2018-11-18 04:22:41', '2018-11-18 04:22:41'),
(133, '2018-11-17', 39, '2018-11-20 00:57:47', '2018-11-20 00:57:47'),
(134, '2018-11-17', 34, '2018-11-20 01:00:24', '2018-11-20 01:00:24'),
(135, '2018-11-03', 33, '2018-11-26 03:34:10', '2018-11-26 03:34:10'),
(136, '2018-11-10', 33, '2018-11-26 03:37:14', '2018-11-26 03:37:14'),
(137, '2018-11-17', 33, '2018-11-26 03:40:41', '2018-11-26 03:40:41'),
(138, '2018-12-01', 35, '2018-12-01 18:12:22', '2018-12-01 18:12:22'),
(139, '2018-12-01', 31, '2018-12-01 18:51:49', '2018-12-01 18:51:49'),
(140, '2018-12-01', 34, '2018-12-04 04:58:18', '2018-12-04 04:58:18'),
(141, '2018-12-01', 39, '2018-12-04 05:00:42', '2018-12-04 05:00:42'),
(142, '2018-12-06', 24, '2018-12-06 15:52:48', '2018-12-06 15:52:48'),
(143, '2018-12-01', 23, '2018-12-07 16:40:56', '2018-12-07 16:40:56'),
(144, '2018-11-24', 23, '2018-12-07 16:42:19', '2018-12-07 16:42:19'),
(145, '2018-11-17', 23, '2018-12-07 16:43:47', '2018-12-07 16:43:47'),
(146, '2018-12-08', 24, '2018-12-08 20:11:41', '2018-12-08 20:11:41'),
(147, '2018-12-08', 31, '2018-12-08 22:07:59', '2018-12-08 22:07:59'),
(148, '2018-12-08', 39, '2018-12-13 19:33:05', '2018-12-13 19:33:05'),
(149, '2018-12-08', 34, '2018-12-13 19:34:34', '2018-12-13 19:34:34'),
(150, '2018-12-08', 23, '2018-12-15 07:23:27', '2018-12-15 07:23:27'),
(151, '2018-12-15', 35, '2018-12-15 18:02:17', '2018-12-15 18:02:17'),
(152, '2018-12-16', 24, '2018-12-16 01:52:02', '2018-12-16 01:52:02'),
(153, '2018-12-15', 34, '2018-12-18 04:39:29', '2018-12-18 04:39:29'),
(154, '2018-12-15', 39, '2018-12-18 04:41:41', '2018-12-18 04:41:41'),
(155, '2018-12-01', 33, '2018-12-18 06:14:59', '2018-12-18 06:14:59'),
(156, '2018-12-08', 33, '2018-12-18 06:21:25', '2018-12-18 06:21:25'),
(157, '2018-12-15', 33, '2018-12-18 06:23:37', '2018-12-18 06:23:37'),
(158, '2018-12-15', 23, '2018-12-18 23:24:52', '2018-12-18 23:24:52'),
(159, '2018-12-19', 24, '2018-12-19 01:28:32', '2018-12-19 01:28:32'),
(160, '2018-11-17', 32, '2018-12-19 23:24:21', '2018-12-19 23:24:21'),
(161, '2018-12-01', 32, '2018-12-19 23:28:23', '2018-12-19 23:28:23'),
(162, '2018-12-08', 32, '2018-12-19 23:29:25', '2018-12-19 23:29:25'),
(163, '2018-12-15', 32, '2018-12-19 23:33:50', '2018-12-19 23:33:50'),
(164, '2018-12-22', 31, '2018-12-22 21:13:51', '2018-12-22 21:13:51'),
(165, '2018-12-22', 34, '2018-12-24 21:03:53', '2018-12-24 21:03:53'),
(166, '2018-12-22', 39, '2018-12-24 21:05:18', '2018-12-24 21:05:18'),
(167, '2018-12-22', 23, '2018-12-29 07:23:27', '2018-12-29 07:23:27'),
(168, '2018-12-29', 31, '2018-12-29 20:37:41', '2018-12-29 20:37:41'),
(169, '2018-12-22', 33, '2018-12-30 02:41:26', '2018-12-30 02:41:26'),
(170, '2018-12-29', 33, '2018-12-30 02:42:47', '2018-12-30 02:42:47'),
(171, '2018-12-30', 21, '2018-12-30 06:11:25', '2018-12-30 06:11:25'),
(172, '2018-12-29', 21, '2018-12-30 06:11:56', '2018-12-30 06:11:56'),
(173, '2018-12-22', 21, '2018-12-30 06:12:18', '2018-12-30 06:12:18'),
(174, '2018-12-22', 32, '2018-12-31 03:18:35', '2018-12-31 03:18:35'),
(175, '2018-12-29', 32, '2018-12-31 03:20:02', '2018-12-31 03:20:02'),
(176, '2018-12-29', 39, '2019-01-02 03:06:39', '2019-01-02 03:06:39'),
(177, '2018-12-29', 34, '2019-01-02 03:08:10', '2019-01-02 03:08:10'),
(178, '2018-12-29', 30, '2019-01-05 17:17:16', '2019-01-05 17:17:16'),
(179, '2019-01-05', 35, '2019-01-05 17:41:22', '2019-01-05 17:41:22'),
(180, '2018-12-22', 30, '2019-01-05 18:11:41', '2019-01-05 18:11:41'),
(181, '2018-08-18', 30, '2019-01-05 18:25:43', '2019-01-05 18:25:43'),
(182, '2018-08-25', 30, '2019-01-05 18:30:30', '2019-01-05 18:30:30'),
(183, '2018-09-01', 30, '2019-01-05 18:33:05', '2019-01-05 18:33:05'),
(184, '2018-09-08', 30, '2019-01-05 18:35:13', '2019-01-05 18:35:13'),
(185, '2018-09-15', 30, '2019-01-05 18:37:12', '2019-01-05 18:37:12'),
(186, '2018-09-22', 30, '2019-01-05 18:41:08', '2019-01-05 18:41:08'),
(187, '2018-09-29', 30, '2019-01-05 18:43:11', '2019-01-05 18:43:11'),
(188, '2018-10-06', 30, '2019-01-05 18:47:41', '2019-01-05 18:47:41'),
(189, '2018-10-13', 30, '2019-01-05 18:51:00', '2019-01-05 18:51:00'),
(190, '2018-10-20', 30, '2019-01-05 18:55:09', '2019-01-05 18:55:09'),
(191, '2018-10-27', 30, '2019-01-05 18:57:20', '2019-01-05 18:57:20'),
(192, '2018-11-03', 30, '2019-01-05 19:06:06', '2019-01-05 19:06:06'),
(193, '2018-11-10', 30, '2019-01-05 19:07:32', '2019-01-05 19:07:32'),
(194, '2018-11-17', 30, '2019-01-05 19:08:40', '2019-01-05 19:08:40'),
(195, '2018-11-24', 30, '2019-01-05 19:09:42', '2019-01-05 19:09:42'),
(196, '2018-12-01', 30, '2019-01-05 19:12:58', '2019-01-05 19:12:58'),
(197, '2018-12-08', 30, '2019-01-05 19:19:01', '2019-01-05 19:19:01'),
(198, '2018-12-15', 30, '2019-01-05 19:21:33', '2019-01-05 19:21:33'),
(199, '2019-01-05', 31, '2019-01-05 19:23:53', '2019-01-05 19:23:53'),
(200, '2019-01-05', 31, '2019-01-05 19:23:56', '2019-01-05 19:23:56'),
(201, '2019-01-05', 31, '2019-01-05 19:24:00', '2019-01-05 19:24:00'),
(202, '2019-01-05', 31, '2019-01-05 19:24:06', '2019-01-05 19:24:06'),
(203, '2019-01-05', 21, '2019-01-05 22:07:07', '2019-01-05 22:07:07'),
(204, '2019-01-05', 30, '2019-01-05 22:22:16', '2019-01-05 22:22:16'),
(205, '2019-01-05', 30, '2019-01-05 22:24:10', '2019-01-05 22:24:10'),
(206, '2019-01-05', 27, '2019-01-07 19:44:27', '2019-01-07 19:44:27'),
(207, '2018-12-30', 27, '2019-01-07 19:45:50', '2019-01-07 19:45:50'),
(208, '2018-12-29', 27, '2019-01-07 19:52:22', '2019-01-07 19:52:22'),
(209, '2018-12-22', 27, '2019-01-07 20:02:54', '2019-01-07 20:02:54'),
(210, '2018-12-15', 27, '2019-01-07 20:03:17', '2019-01-07 20:03:17'),
(211, '2018-12-08', 27, '2019-01-07 20:04:33', '2019-01-07 20:04:33'),
(212, '2018-12-01', 27, '2019-01-07 20:05:04', '2019-01-07 20:05:04'),
(213, '2018-11-17', 27, '2019-01-07 20:05:43', '2019-01-07 20:05:43'),
(214, '2018-11-10', 27, '2019-01-07 20:06:27', '2019-01-07 20:06:27'),
(215, '2018-11-03', 27, '2019-01-07 20:06:48', '2019-01-07 20:06:48'),
(216, '2018-10-13', 27, '2019-01-07 20:07:48', '2019-01-07 20:07:48'),
(217, '2019-01-05', 39, '2019-01-07 20:39:22', '2019-01-07 20:39:22'),
(218, '2019-01-05', 34, '2019-01-07 20:42:01', '2019-01-07 20:42:01'),
(220, '2019-01-05', 32, '2019-01-08 09:23:58', '2019-01-08 09:23:58'),
(221, '2019-01-05', 20, '2019-01-08 18:58:07', '2019-01-08 18:58:07'),
(222, '2018-12-29', 20, '2019-01-08 18:58:37', '2019-01-08 18:58:37'),
(223, '2018-12-01', 20, '2019-01-08 18:59:10', '2019-01-08 18:59:10'),
(224, '2019-01-05', 23, '2019-01-11 17:39:04', '2019-01-11 17:39:04'),
(225, '2018-12-29', 23, '2019-01-11 17:40:21', '2019-01-11 17:40:21'),
(226, '2019-01-05', 24, '2019-01-11 20:42:27', '2019-01-11 20:42:27'),
(227, '2019-01-12', 24, '2019-01-12 17:58:04', '2019-01-12 17:58:04'),
(228, '2019-01-12', 23, '2019-01-12 19:27:54', '2019-01-12 19:27:54');

-- --------------------------------------------------------

--
-- Table structure for table `rooms_teachers`
--

DROP TABLE IF EXISTS `rooms_teachers`;
CREATE TABLE IF NOT EXISTS `rooms_teachers` (
  `id` int(11) NOT NULL AUTO_INCREMENT,
  `room_id` int(11) NOT NULL,
  `teacher_id` int(11) NOT NULL,
  `subject_id` int(11) NOT NULL,
  `year` int(11) NOT NULL,
  `created_at` datetime NOT NULL,
  `updated_at` datetime NOT NULL,
  PRIMARY KEY (`id`),
  KEY `room_id` (`room_id`),
  KEY `teacher_id` (`teacher_id`)
) ENGINE=InnoDB AUTO_INCREMENT=120 DEFAULT CHARSET=latin1;

--
-- Dumping data for table `rooms_teachers`
--

INSERT INTO `rooms_teachers` (`id`, `room_id`, `teacher_id`, `subject_id`, `year`, `created_at`, `updated_at`) VALUES
(5, 32, 31, 308, 2018, '2018-09-01 23:58:31', '2018-09-01 23:58:31'),
(6, 32, 31, 309, 2018, '2018-09-01 23:58:43', '2018-09-01 23:58:43'),
(7, 32, 42, 309, 2018, '2018-09-01 23:59:22', '2018-09-01 23:59:22'),
(8, 33, 23, 313, 2018, '2018-09-02 00:00:05', '2018-09-02 00:00:05'),
(13, 30, 26, 287, 2018, '2018-09-02 00:04:13', '2018-09-02 00:04:13'),
(14, 30, 26, 286, 2018, '2018-09-02 00:04:26', '2018-09-02 00:04:26'),
(17, 34, 19, 317, 2018, '2018-09-02 00:07:43', '2018-09-02 00:07:43'),
(18, 34, 19, 316, 2018, '2018-09-02 00:07:54', '2018-09-02 00:07:54'),
(19, 35, 19, 321, 2018, '2018-09-02 00:08:09', '2018-09-02 00:08:09'),
(20, 35, 19, 320, 2018, '2018-09-02 00:08:21', '2018-09-02 00:08:21'),
(21, 29, 19, 295, 2018, '2018-09-02 00:08:33', '2018-09-02 00:08:33'),
(22, 29, 19, 294, 2018, '2018-09-02 00:08:43', '2018-09-02 00:08:43'),
(24, 32, 31, 334, 2018, '2018-09-02 00:18:03', '2018-09-02 00:18:03'),
(27, 31, 20, 288, 2018, '2018-09-02 00:21:23', '2018-09-02 00:21:23'),
(29, 33, 23, 335, 2018, '2018-09-02 00:24:35', '2018-12-26 17:02:00'),
(31, 30, 26, 326, 2018, '2018-09-02 00:25:43', '2018-09-02 00:25:43'),
(34, 35, 19, 337, 2018, '2018-09-02 00:26:41', '2018-09-02 00:26:41'),
(35, 29, 19, 328, 2018, '2018-09-02 00:26:52', '2018-09-02 00:26:52'),
(38, 33, 33, 310, 2018, '2018-09-02 00:28:23', '2018-09-02 00:28:23'),
(40, 33, 18, 335, 2018, '2018-09-02 00:28:58', '2018-09-02 00:28:58'),
(42, 23, 16, 322, 2018, '2018-09-02 00:30:54', '2018-09-02 00:30:54'),
(45, 31, 28, 327, 2018, '2018-09-02 00:31:42', '2018-09-02 00:31:42'),
(49, 24, 27, 325, 2018, '2018-09-02 00:33:12', '2018-09-02 00:33:12'),
(50, 24, 27, 283, 2018, '2018-09-02 00:33:25', '2018-09-02 00:33:25'),
(51, 27, 34, 297, 2018, '2018-09-02 00:34:46', '2018-09-02 00:34:46'),
(52, 29, 34, 293, 2018, '2018-09-02 00:34:58', '2018-09-02 00:34:58'),
(53, 22, 34, 305, 2018, '2018-09-02 00:35:08', '2018-09-02 00:35:08'),
(54, 20, 36, 330, 2018, '2018-09-02 00:35:49', '2018-09-02 00:35:49'),
(55, 27, 36, 329, 2018, '2018-09-02 00:36:02', '2018-09-02 00:36:02'),
(56, 31, 40, 340, 2018, '2018-09-02 00:36:20', '2018-09-02 00:36:20'),
(57, 24, 44, 282, 2018, '2018-09-02 00:36:54', '2018-09-02 00:36:54'),
(59, 30, 45, 326, 2018, '2018-09-02 00:37:48', '2018-12-26 17:01:37'),
(60, 30, 45, 284, 2018, '2018-09-02 00:37:58', '2018-09-02 00:37:58'),
(62, 31, 41, 340, 2018, '2018-09-08 18:24:07', '2018-09-08 18:24:07'),
(63, 20, 21, 300, 2018, '2018-09-08 19:15:46', '2018-09-08 19:15:46'),
(66, 22, 43, 304, 2018, '2018-09-15 19:42:48', '2018-09-15 19:42:48'),
(67, 32, 37, 306, 2018, '2018-09-15 19:43:26', '2018-09-15 19:43:26'),
(69, 34, 32, 336, 2018, '2018-09-29 18:02:01', '2018-09-29 18:02:01'),
(70, 35, 25, 319, 2018, '2018-09-29 18:02:25', '2018-09-29 18:02:25'),
(72, 30, 25, 285, 2018, '2018-10-20 18:09:07', '2018-10-20 18:09:07'),
(73, 21, 44, 333, 2018, '2018-11-03 17:17:08', '2018-11-03 17:17:08'),
(74, 39, 41, 333, 2018, '2018-11-03 17:17:49', '2018-11-03 17:17:49'),
(75, 34, 32, 315, 2018, '2018-11-03 19:56:06', '2018-11-03 19:56:06'),
(76, 34, 37, 314, 2018, '2018-11-03 19:56:13', '2018-11-03 19:56:13'),
(77, 35, 33, 318, 2018, '2018-11-03 19:56:48', '2018-11-03 19:56:48'),
(79, 34, 41, 336, 2018, '2018-12-26 16:57:41', '2018-12-26 16:57:41'),
(81, 35, 44, 337, 2018, '2018-12-29 16:07:47', '2018-12-29 16:07:47'),
(82, 27, 43, 296, 2018, '2018-12-29 16:10:49', '2018-12-29 16:10:49'),
(83, 32, 31, 307, 2018, '2018-12-29 16:11:15', '2018-12-29 16:11:15'),
(84, 32, 35, 334, 2018, '2018-12-29 16:11:33', '2018-12-29 16:11:33'),
(85, 23, 16, 323, 2018, '2018-12-29 16:11:54', '2018-12-29 16:11:54'),
(86, 23, 17, 324, 2018, '2018-12-29 16:12:12', '2018-12-29 16:12:12'),
(87, 23, 23, 322, 2018, '2018-12-29 16:12:27', '2018-12-29 16:12:27'),
(88, 24, 38, 325, 2018, '2018-12-29 16:13:54', '2018-12-29 16:13:54'),
(89, 31, 44, 289, 2018, '2018-12-29 16:14:29', '2018-12-29 16:14:29'),
(90, 31, 20, 327, 2018, '2018-12-29 16:14:42', '2018-12-29 16:14:42'),
(91, 33, 18, 311, 2018, '2018-12-29 16:15:21', '2018-12-29 16:15:21'),
(92, 29, 43, 293, 2018, '2018-12-29 16:16:04', '2018-12-29 16:16:04'),
(93, 20, 21, 330, 2018, '2018-12-29 16:16:34', '2018-12-29 16:16:34'),
(94, 22, 17, 352, 2018, '2018-12-29 16:17:56', '2018-12-29 16:17:56'),
(95, 20, 33, 301, 2018, '2018-12-29 16:56:02', '2018-12-29 16:56:02'),
(96, 34, 32, 353, 2018, '2019-01-03 18:35:27', '2019-01-03 18:35:27'),
(97, 34, 32, 354, 2018, '2019-01-03 18:35:37', '2019-01-03 18:35:37'),
(98, 34, 32, 355, 2018, '2019-01-03 18:35:43', '2019-01-03 18:35:43'),
(99, 35, 19, 356, 2018, '2019-01-03 18:37:13', '2019-01-03 18:37:13'),
(100, 35, 19, 357, 2018, '2019-01-03 18:37:22', '2019-01-03 18:37:22'),
(101, 35, 19, 358, 2018, '2019-01-03 18:37:29', '2019-01-03 18:37:29'),
(102, 27, 36, 359, 2018, '2019-01-03 18:38:19', '2019-01-03 18:38:19'),
(103, 27, 36, 360, 2018, '2019-01-03 18:38:29', '2019-01-03 18:38:29'),
(104, 27, 36, 361, 2018, '2019-01-03 18:38:36', '2019-01-03 18:38:36'),
(105, 32, 31, 362, 2018, '2019-01-03 18:40:10', '2019-01-03 18:40:10'),
(106, 32, 31, 363, 2018, '2019-01-03 18:40:21', '2019-01-03 18:40:21'),
(107, 32, 31, 364, 2018, '2019-01-03 18:40:31', '2019-01-03 18:40:31'),
(108, 23, 16, 365, 2018, '2019-01-03 18:41:43', '2019-01-03 18:41:43'),
(109, 23, 16, 366, 2018, '2019-01-03 18:41:50', '2019-01-03 18:41:50'),
(110, 23, 16, 367, 2018, '2019-01-03 18:41:56', '2019-01-03 18:41:56'),
(111, 33, 18, 368, 2018, '2019-01-03 18:42:54', '2019-01-03 18:42:54'),
(112, 33, 18, 369, 2018, '2019-01-03 18:43:02', '2019-01-03 18:43:02'),
(113, 33, 18, 370, 2018, '2019-01-03 18:43:09', '2019-01-03 18:43:09'),
(114, 29, 19, 371, 2018, '2019-01-03 18:44:10', '2019-01-03 18:44:10'),
(115, 29, 19, 372, 2018, '2019-01-03 18:44:17', '2019-01-03 18:44:17'),
(116, 29, 19, 373, 2018, '2019-01-03 18:44:23', '2019-01-03 18:44:23'),
(117, 20, 36, 374, 2018, '2019-01-03 18:45:17', '2019-01-03 18:45:17'),
(118, 20, 36, 375, 2018, '2019-01-03 18:45:25', '2019-01-03 18:45:25'),
(119, 20, 36, 376, 2018, '2019-01-03 18:45:31', '2019-01-03 18:45:31');

-- --------------------------------------------------------

--
-- Table structure for table `settings`
--

DROP TABLE IF EXISTS `settings`;
CREATE TABLE IF NOT EXISTS `settings` (
  `id` int(11) NOT NULL AUTO_INCREMENT,
  `setting_key` varchar(255) NOT NULL,
  `setting_value` varchar(255) NOT NULL,
  `created_at` datetime NOT NULL,
  `updated_at` datetime NOT NULL,
  PRIMARY KEY (`id`)
) ENGINE=MyISAM AUTO_INCREMENT=3 DEFAULT CHARSET=utf8;

--
-- Dumping data for table `settings`
--

INSERT INTO `settings` (`id`, `setting_key`, `setting_value`, `created_at`, `updated_at`) VALUES
(1, 'year', '2018', '2018-06-04 00:00:00', '2018-07-24 13:15:33'),
(2, 'school_contact_email', 'saturday@minaretacademy.net', '2018-07-29 00:00:00', '2018-09-01 10:25:27');

-- --------------------------------------------------------

--
-- Table structure for table `stages`
--

DROP TABLE IF EXISTS `stages`;
CREATE TABLE IF NOT EXISTS `stages` (
  `id` int(11) NOT NULL AUTO_INCREMENT,
  `stage_name` varchar(45) NOT NULL,
  `created_at` datetime NOT NULL,
  `updated_at` datetime NOT NULL,
  PRIMARY KEY (`id`)
) ENGINE=MyISAM AUTO_INCREMENT=4 DEFAULT CHARSET=utf8;

--
-- Dumping data for table `stages`
--

INSERT INTO `stages` (`id`, `stage_name`, `created_at`, `updated_at`) VALUES
(1, 'Downstairs', '2018-06-02 12:53:34', '2018-06-02 12:55:40'),
(2, 'Upstairs', '2018-06-02 12:55:49', '2018-06-02 12:55:49'),
(3, 'No stage', '2018-06-02 12:55:49', '2018-06-02 12:55:49');

-- --------------------------------------------------------

--
-- Table structure for table `students`
--

DROP TABLE IF EXISTS `students`;
CREATE TABLE IF NOT EXISTS `students` (
  `id` int(11) NOT NULL AUTO_INCREMENT,
  `user_id` int(11) DEFAULT NULL,
  `student_name` varchar(255) NOT NULL,
  `student_notes` text NOT NULL,
  `personal_image` text,
  `grade` varchar(255) DEFAULT NULL,
  `age` int(11) NOT NULL,
  `gender` enum('male','female') NOT NULL DEFAULT 'female',
  `parent_id` int(11) NOT NULL,
  `created_at` datetime NOT NULL,
  `updated_at` datetime NOT NULL,
  `deleted` tinyint(4) NOT NULL,
  PRIMARY KEY (`id`),
  KEY `user_id` (`user_id`)
) ENGINE=InnoDB AUTO_INCREMENT=269 DEFAULT CHARSET=utf8;

--
-- Dumping data for table `students`
--

INSERT INTO `students` (`id`, `user_id`, `student_name`, `student_notes`, `personal_image`, `grade`, `age`, `gender`, `parent_id`, `created_at`, `updated_at`, `deleted`) VALUES
(34, 238, 'Malak ', 'No notes', NULL, '', 11, 'female', 24, '2018-08-31 05:01:14', '2019-01-16 02:24:30', 0),
(35, 239, 'Lamah ', 'No notes', NULL, '', 9, 'female', 24, '2018-08-31 05:02:00', '2019-01-16 02:24:32', 0),
(42, 240, 'Zahra', 'No notes', NULL, '', 9, 'female', 26, '2018-08-31 05:22:15', '2019-01-16 02:24:33', 0),
(43, 241, 'Leesa', 'No notes', NULL, '', 11, 'female', 27, '2018-08-31 05:31:16', '2019-01-16 02:24:34', 0),
(44, 242, 'Lelass', 'No notes', NULL, '', 9, 'female', 27, '2018-08-31 05:31:52', '2019-01-16 02:24:35', 0),
(45, 243, 'Abdallah', 'Leaving December, then coming back', NULL, '', 8, 'male', 28, '2018-08-31 05:37:37', '2019-01-16 02:24:36', 0),
(46, 244, 'Fatimah', 'Leaving December, then coming back', NULL, '', 10, 'female', 28, '2018-08-31 05:38:03', '2019-01-16 02:24:37', 0),
(47, 245, 'Luna', 'No notes', NULL, '', 10, 'female', 29, '2018-08-31 05:46:47', '2019-01-16 02:24:38', 0),
(48, 246, 'Adam', 'No notes', NULL, '', 8, 'male', 30, '2018-08-31 05:50:20', '2019-01-16 02:24:39', 0),
(51, 247, 'Tala', 'No notes', NULL, '', 10, 'female', 32, '2018-08-31 19:06:56', '2019-01-16 02:24:40', 0),
(54, 248, 'Everilda', 'No notes', NULL, '', 9, 'female', 34, '2018-08-31 20:41:01', '2019-01-16 02:24:41', 0),
(55, 249, 'Noah', 'No notes', NULL, '', 4, 'male', 35, '2018-08-31 20:46:05', '2019-01-16 02:24:42', 0),
(56, 250, 'Loaay', 'No notes', NULL, '', 7, 'male', 36, '2018-08-31 23:00:44', '2019-01-16 02:24:43', 0),
(57, 251, 'Rina', 'No notes', NULL, '', 5, 'female', 37, '2018-08-31 23:05:30', '2019-01-16 02:24:44', 0),
(58, 252, 'Hajar', 'No notes', NULL, '', 8, 'female', 38, '2018-08-31 23:10:56', '2019-01-16 02:24:45', 0),
(59, 253, 'Reem', 'Don\'t Pay', NULL, '', 12, 'female', 39, '2018-08-31 23:17:07', '2019-01-16 02:24:46', 0),
(60, 254, 'Mohammed', 'Don\'t Pay', NULL, '', 8, 'male', 39, '2018-08-31 23:17:31', '2019-01-16 02:24:47', 0),
(61, 255, 'Tariq', 'No notes', NULL, '', 11, 'male', 40, '2018-08-31 23:22:07', '2019-01-16 02:24:48', 0),
(62, 256, 'Hatim', 'No notes', NULL, '', 9, 'male', 40, '2018-08-31 23:28:49', '2019-01-16 02:24:49', 0),
(63, 257, 'Ziyad', 'No notes', NULL, '', 5, 'male', 40, '2018-08-31 23:29:06', '2019-01-16 02:24:50', 0),
(64, 258, 'Haroun', 'No notes', NULL, '', 7, 'male', 41, '2018-08-31 23:44:10', '2019-01-16 02:24:51', 0),
(65, 259, 'Imraan', 'No notes', NULL, '', 4, 'male', 41, '2018-08-31 23:44:37', '2019-01-16 02:24:52', 0),
(66, 260, 'Laura', 'No notes', NULL, '', 7, 'female', 42, '2018-08-31 23:49:17', '2019-01-16 02:24:53', 0),
(67, 261, 'Malek', 'No notes', NULL, '', 5, 'male', 43, '2018-08-31 23:52:26', '2019-01-16 02:24:54', 0),
(68, 262, 'Jenna', 'No notes', NULL, '', 7, 'female', 44, '2018-09-01 00:10:49', '2019-01-16 02:24:55', 0),
(69, 263, 'Taaha', 'No notes', NULL, '', 10, 'male', 45, '2018-09-01 00:21:46', '2019-01-16 02:24:56', 0),
(70, 264, 'Sarah', 'No notes', NULL, '', 0, 'female', 46, '2018-09-01 00:31:00', '2019-01-16 02:24:57', 0),
(71, 265, 'Sereen', 'No notes', NULL, '', 0, 'female', 46, '2018-09-01 00:31:48', '2019-01-16 02:24:58', 0),
(72, 266, 'Mohammad', 'No notes', NULL, '', 0, 'male', 46, '2018-09-01 00:33:35', '2019-01-16 02:24:59', 0),
(73, 267, 'Yousif', 'No notes', NULL, '', 0, 'male', 47, '2018-09-01 00:41:13', '2019-01-16 02:25:00', 0),
(74, 268, 'Lilium', 'No notes', NULL, '', 11, 'female', 48, '2018-09-01 00:45:28', '2019-01-16 02:25:01', 0),
(75, 269, 'Talia', 'No notes', NULL, '', 8, 'female', 48, '2018-09-01 00:45:44', '2019-01-16 02:25:02', 0),
(76, 270, 'Sama', 'No notes', NULL, '', 4, 'female', 48, '2018-09-01 00:45:58', '2019-01-16 02:25:03', 0),
(77, 271, 'Ayah', 'No notes', NULL, '', 0, 'female', 49, '2018-09-01 00:55:19', '2019-01-16 02:25:04', 0),
(78, 272, 'Jumana', 'No notes', NULL, '', 0, 'female', 49, '2018-09-01 00:55:57', '2019-01-16 02:25:05', 0),
(79, 273, 'Hamzeh', 'No notes', NULL, '', 8, 'male', 50, '2018-09-01 01:02:52', '2019-01-16 02:25:06', 0),
(80, 274, 'Ameer', 'No notes', NULL, '', 6, 'male', 50, '2018-09-01 01:07:39', '2019-01-16 02:25:07', 0),
(81, 275, 'Faizaan', 'No notes', NULL, '', 9, 'male', 51, '2018-09-01 01:11:25', '2019-01-16 02:25:08', 0),
(82, 276, 'Dalia', 'No notes', NULL, '', 9, 'female', 52, '2018-09-01 01:19:39', '2019-01-16 02:25:09', 0),
(83, 277, 'Ali', 'No notes', NULL, '', 6, 'male', 52, '2018-09-01 01:20:22', '2019-01-16 02:25:10', 0),
(84, 278, 'Talia', 'No notes', NULL, '', 3, 'female', 53, '2018-09-01 01:36:28', '2019-01-16 02:25:11', 0),
(85, 279, 'Omar', 'No notes', NULL, '', 4, 'male', 54, '2018-09-01 01:39:44', '2019-01-16 02:25:12', 0),
(86, 280, 'Shakir', 'No notes', NULL, '', 7, 'male', 55, '2018-09-01 01:49:03', '2019-01-16 02:25:13', 0),
(87, 281, 'Zayne', 'No notes', NULL, '', 5, 'male', 55, '2018-09-01 01:49:16', '2019-01-16 02:25:15', 0),
(88, 282, 'Hamza', 'No notes', NULL, '', 7, 'male', 56, '2018-09-01 01:56:43', '2019-01-16 02:25:16', 0),
(89, 283, 'Maria', 'No notes', NULL, '', 7, 'female', 56, '2018-09-01 01:57:28', '2019-01-16 02:25:17', 0),
(90, 284, 'Daniel', 'No notes', NULL, '', 5, 'male', 57, '2018-09-01 02:15:39', '2019-01-16 02:25:18', 0),
(91, 285, 'Laila', 'No notes', NULL, '', 10, 'female', 58, '2018-09-01 02:35:32', '2019-01-16 02:25:19', 0),
(92, 286, 'Bayan', 'No notes', NULL, '', 10, 'female', 59, '2018-09-01 02:37:56', '2019-01-16 02:25:20', 0),
(93, 287, 'Bilal', 'No notes', NULL, '', 7, 'male', 59, '2018-09-01 02:38:07', '2019-01-16 02:25:21', 0),
(94, 288, 'Lara', 'No notes', NULL, '', 5, 'female', 60, '2018-09-01 02:53:25', '2019-01-16 02:25:22', 0),
(95, 289, 'Sannah', 'No notes', NULL, '', 5, 'female', 61, '2018-09-01 02:59:23', '2019-01-16 02:25:23', 0),
(96, 290, 'Yaseen', 'No notes', NULL, '', 10, 'male', 62, '2018-09-01 03:03:35', '2019-01-16 02:25:24', 0),
(97, 291, 'Safiya', 'No notes', NULL, '', 8, 'female', 63, '2018-09-01 03:37:33', '2019-01-16 02:25:25', 0),
(98, 292, 'Hisham', 'No notes', NULL, '', 3, 'male', 63, '2018-09-01 03:37:53', '2019-01-16 02:25:26', 0),
(99, 293, 'Hassan', 'No notes', NULL, '', 9, 'male', 64, '2018-09-01 04:07:22', '2019-01-16 02:25:27', 0),
(101, 294, 'Niveen', 'No notes', NULL, '', 9, 'female', 64, '2018-09-01 04:08:24', '2019-01-16 02:25:28', 0),
(102, 295, 'Zayd', 'No notes', NULL, '', 6, 'male', 64, '2018-09-01 04:09:05', '2019-01-16 02:25:29', 0),
(103, 296, 'Ayah', 'No notes', NULL, '', 10, 'female', 65, '2018-09-01 04:17:08', '2019-01-16 02:25:30', 0),
(104, 297, 'Saja', 'Bought Islamic Studies Book', NULL, '', 7, 'female', 65, '2018-09-01 04:17:25', '2019-01-16 02:25:31', 0),
(105, 298, 'Hamza', 'No notes', NULL, '', 11, 'male', 65, '2018-09-01 04:20:02', '2019-01-16 02:25:32', 0),
(108, 299, 'std_test', '-', NULL, '', 5, 'female', 67, '2018-09-01 10:27:23', '2019-01-16 02:25:33', 0),
(110, 300, 'Talin', 'No notes', NULL, '', 4, 'female', 69, '2018-09-01 18:14:21', '2019-01-16 02:25:34', 0),
(111, 301, 'Layal', 'No notes', NULL, '', 5, 'female', 70, '2018-09-01 18:42:09', '2019-01-16 02:25:35', 0),
(113, 302, 'Liam', 'No notes', NULL, '', 6, 'male', 72, '2018-09-01 18:48:48', '2019-01-16 02:25:36', 0),
(115, 303, 'Jodi', 'No notes', NULL, '', 0, 'female', 73, '2018-09-02 01:00:18', '2019-01-16 02:25:37', 0),
(116, 304, 'Jad', 'No notes', NULL, '', 13, 'male', 74, '2018-09-02 01:02:21', '2019-01-16 02:25:38', 0),
(118, 305, 'Samer', 'No notes', NULL, '', 10, 'male', 76, '2018-09-02 01:12:12', '2019-01-16 02:25:39', 0),
(119, 306, 'Mustapha', 'No notes', NULL, '', 8, 'male', 76, '2018-09-02 01:12:25', '2019-01-16 02:25:40', 0),
(120, 307, 'Omar', 'No notes', NULL, '', 6, 'male', 77, '2018-09-02 01:16:47', '2019-01-16 02:25:41', 0),
(121, 308, 'Adam', 'No notes', NULL, '', 4, 'male', 77, '2018-09-02 01:16:54', '2019-01-16 02:25:42', 0),
(122, 309, 'Zoher', 'No notes', NULL, '', 8, 'male', 78, '2018-09-02 01:20:03', '2019-01-16 02:25:43', 0),
(123, 310, 'Leen', 'No notes', NULL, '', 6, 'female', 78, '2018-09-02 01:20:13', '2019-01-16 02:25:44', 0),
(124, 311, 'Lulia', 'No notes', NULL, '', 4, 'female', 78, '2018-09-02 01:20:26', '2019-01-16 02:25:45', 0),
(125, 312, 'Robbie', 'No notes', NULL, '', 5, 'male', 79, '2018-09-02 01:24:28', '2019-01-16 02:25:46', 0),
(126, 313, 'Katie', 'No notes', NULL, '', 11, 'female', 79, '2018-09-02 01:24:36', '2019-01-16 02:25:47', 0),
(127, 314, 'Farah', 'No notes', NULL, '', 12, 'female', 80, '2018-09-02 01:28:24', '2019-01-16 02:25:48', 0),
(128, 315, 'Ahmad', 'No notes', NULL, '', 4, 'male', 80, '2018-09-02 01:28:31', '2019-01-16 02:25:49', 0),
(129, 316, 'Zayed', 'No notes', NULL, '', 6, 'male', 81, '2018-09-02 01:31:47', '2019-01-16 02:25:50', 0),
(130, 317, 'Mohammed', 'No notes', NULL, '', 4, 'male', 81, '2018-09-02 01:32:01', '2019-01-16 02:25:51', 0),
(131, 318, 'Mona', 'No notes', NULL, '', 12, 'female', 82, '2018-09-02 01:35:04', '2019-01-16 02:25:52', 0),
(132, 319, 'Hannah', 'No notes', NULL, '', 10, 'female', 82, '2018-09-02 01:35:17', '2019-01-16 02:25:53', 0),
(133, 320, 'Omar', 'No notes', NULL, '', 7, 'male', 82, '2018-09-02 01:35:29', '2019-01-16 02:25:54', 0),
(134, 321, 'Ali', 'No notes', NULL, '', 4, 'male', 82, '2018-09-02 01:35:45', '2019-01-16 02:25:55', 0),
(135, 322, 'Salma', 'No notes', NULL, '', 4, 'female', 83, '2018-09-02 01:40:09', '2019-01-16 02:25:56', 0),
(136, 323, 'Yaseen', 'No notes', NULL, '', 6, 'male', 84, '2018-09-02 01:42:12', '2019-01-16 02:25:57', 0),
(137, 324, 'Farida', 'No notes', NULL, '', 4, 'female', 84, '2018-09-02 01:42:22', '2019-01-16 02:25:59', 0),
(138, 325, 'Reina', 'No notes', NULL, '', 10, 'female', 85, '2018-09-02 01:44:52', '2019-01-16 02:26:00', 0),
(139, 326, 'Diane', 'No notes', NULL, '', 9, 'female', 85, '2018-09-02 01:45:06', '2019-01-16 02:26:01', 0),
(142, 327, 'Hassan', 'No notes', NULL, '', 6, 'male', 87, '2018-09-02 01:50:40', '2019-01-16 02:26:02', 0),
(143, 328, 'Ali', 'No notes', NULL, '', 9, 'male', 87, '2018-09-02 01:50:51', '2019-01-16 02:26:03', 0),
(144, 329, 'Jana', 'No notes', NULL, '', 9, 'female', 88, '2018-09-02 01:58:27', '2019-01-16 02:26:04', 0),
(145, 330, 'Bayan', 'No notes', NULL, '', 7, 'female', 88, '2018-09-02 01:58:36', '2019-01-16 02:26:05', 0),
(147, 331, 'Yousef', 'No notes', NULL, '', 7, 'male', 89, '2018-09-02 16:44:03', '2019-01-16 02:26:06', 0),
(148, 332, 'Kareem', 'No Notes', NULL, '', 14, 'male', 87, '2018-09-02 17:02:25', '2019-01-16 02:26:07', 0),
(149, 333, 'Zainab', 'No notes', NULL, '', 11, 'female', 41, '2018-09-02 17:03:35', '2019-01-16 02:26:08', 0),
(152, 334, 'Maham', 'No notes', NULL, '', 8, 'male', 91, '2018-09-06 18:59:45', '2019-01-16 02:26:09', 0),
(153, 335, 'Izhan', 'No notes', NULL, '', 7, 'male', 91, '2018-09-06 18:59:57', '2019-01-16 02:26:10', 0),
(154, 336, 'Mohammad', 'No notes', NULL, '', 6, 'male', 92, '2018-09-06 19:08:28', '2019-01-16 02:26:11', 0),
(157, 337, 'Sanna', 'No notes', NULL, '', 8, 'female', 94, '2018-09-07 15:52:01', '2019-01-16 02:26:12', 0),
(159, 338, 'Mohammad', 'No notes', NULL, '', 4, 'male', 96, '2018-09-07 15:59:37', '2019-01-16 02:26:13', 0),
(160, 339, 'Lily', 'No notes', NULL, '', 5, 'female', 97, '2018-09-07 19:31:25', '2019-01-16 02:26:14', 0),
(161, 340, 'Aseel', 'No notes', NULL, '', 0, 'female', 98, '2018-09-07 19:36:54', '2019-01-16 02:26:15', 0),
(162, 341, 'Zara', 'No notes', NULL, '', 7, 'female', 99, '2018-09-08 18:36:50', '2019-01-16 02:26:16', 0),
(163, 342, 'Taha', 'No notes', NULL, '', 4, 'male', 99, '2018-09-08 18:36:58', '2019-01-16 02:26:17', 0),
(164, 343, 'Nancy', 'No notes', NULL, '', 5, 'female', 100, '2018-09-08 18:49:10', '2019-01-16 02:26:18', 0),
(165, 344, 'Dana', 'No notes', NULL, '', 10, 'female', 102, '2018-09-08 19:22:25', '2019-01-16 02:26:19', 0),
(166, 345, 'Salim', 'No notes', NULL, '', 9, 'male', 102, '2018-09-08 19:22:54', '2019-01-16 02:26:20', 0),
(167, 346, 'Laith', 'No notes', NULL, '', 4, 'male', 103, '2018-09-08 19:35:12', '2019-01-16 02:26:21', 0),
(168, 347, 'Aisha', 'No notes', NULL, '', 5, 'female', 104, '2018-09-08 19:44:44', '2019-01-16 02:26:22', 0),
(169, 348, 'Abdelhady', 'No notes', NULL, '', 0, 'male', 106, '2018-09-08 20:03:36', '2019-01-16 02:26:24', 0),
(171, 349, 'Amani', 'No notes', NULL, '', 12, 'female', 108, '2018-09-08 20:19:05', '2019-01-16 02:26:25', 0),
(172, 350, 'Kareem', 'No notes', NULL, '', 6, 'male', 109, '2018-09-08 20:32:15', '2019-01-16 02:26:26', 0),
(173, 351, 'Lina', 'No notes', NULL, '', 5, 'female', 110, '2018-09-08 20:38:27', '2019-01-16 02:26:27', 0),
(174, 352, 'Zaynab', 'No notes', NULL, '', 5, 'female', 111, '2018-09-08 20:42:43', '2019-01-16 02:26:28', 0),
(175, 353, 'Omar', 'No notes', NULL, '', 12, 'male', 112, '2018-09-08 21:04:26', '2019-01-16 02:26:29', 0),
(178, 354, 'Leanne', 'No notes', NULL, '', 8, 'female', 115, '2018-09-08 21:53:46', '2019-01-16 02:26:30', 0),
(179, 355, 'Sarah', 'No notes', NULL, '', 4, 'female', 115, '2018-09-08 21:53:56', '2019-01-16 02:26:31', 0),
(180, 356, 'Nawal', 'No notes', NULL, '', 3, 'female', 116, '2018-09-08 21:57:26', '2019-01-16 02:27:47', 0),
(181, 357, 'Lyan', 'No notes', NULL, '', 3, 'female', 24, '2018-09-10 19:54:08', '2019-01-16 02:27:48', 0),
(182, 358, 'Najanine', 'No notes', NULL, '', 11, 'female', 72, '2018-09-10 19:56:09', '2019-01-16 02:27:49', 0),
(183, 359, 'Leanne', 'No notes', NULL, '', 13, 'female', 117, '2018-09-10 19:58:52', '2019-01-16 02:27:50', 0),
(184, 360, 'Sireen', 'No notes', NULL, '', 8, 'female', 118, '2018-09-15 18:01:05', '2019-01-16 02:27:51', 0),
(185, 361, 'Amjad', 'No notes', NULL, '', 6, 'male', 118, '2018-09-15 18:01:16', '2019-01-16 02:27:52', 0),
(186, 362, 'Illiyeen ', 'No notes', NULL, '', 5, 'female', 118, '2018-09-15 18:01:34', '2019-01-16 02:27:53', 0),
(187, 363, 'Dean', 'No notes', NULL, '', 3, 'male', 118, '2018-09-15 18:01:58', '2019-01-16 02:27:54', 0),
(188, 364, 'Rashed', 'No notes', NULL, '', 5, 'male', 119, '2018-09-15 18:27:10', '2019-01-16 02:27:55', 0),
(189, 365, 'Randa', 'No notes', NULL, '', 4, 'female', 119, '2018-09-15 18:27:22', '2019-01-16 02:27:56', 0),
(190, 366, 'Donia', 'No notes', NULL, '', 11, 'female', 120, '2018-09-15 18:37:22', '2019-01-16 02:27:57', 0),
(191, 367, 'Bassam', 'No notes', NULL, '', 8, 'male', 121, '2018-09-15 18:50:38', '2019-01-16 02:27:58', 0),
(192, 368, 'Hana', 'No notes', NULL, '', 11, 'female', 122, '2018-09-15 18:55:25', '2019-01-16 02:27:59', 0),
(193, 369, 'Khalid', 'No notes', NULL, '', 7, 'male', 123, '2018-09-15 19:01:06', '2019-01-16 02:28:00', 0),
(194, 370, 'Hala', 'No notes', NULL, '', 13, 'female', 124, '2018-09-15 19:15:41', '2019-01-16 02:28:01', 0),
(195, 371, 'Giselle', 'No notes', NULL, '', 5, 'female', 57, '2018-09-15 19:29:19', '2019-01-16 02:28:02', 0),
(196, 372, 'Dania', 'No notes', NULL, '', 0, 'female', 70, '2018-09-15 19:34:20', '2019-01-16 02:28:03', 0),
(197, 373, 'Ali', 'No notes', NULL, '', 3, 'male', 47, '2018-09-15 19:51:12', '2019-01-16 02:28:04', 0),
(198, 374, 'Yasmin', 'No notes', NULL, '', 3, 'female', 89, '2018-09-15 19:57:10', '2019-01-16 02:28:05', 0),
(199, 375, 'Mahmoud', 'No notes', NULL, '', 6, 'male', 125, '2018-09-15 20:23:56', '2019-01-16 02:28:07', 0),
(200, 376, 'Zaina', 'No notes', NULL, '', 6, 'female', 125, '2018-09-15 20:24:09', '2019-01-16 02:28:08', 0),
(201, 377, 'Hend', 'No notes', NULL, '', 0, 'female', 107, '2018-09-15 21:31:57', '2019-01-16 02:28:09', 0),
(202, 378, 'Yusuf', 'No notes', NULL, '', 10, 'male', 126, '2018-09-29 19:03:56', '2019-01-16 02:28:10', 0),
(203, 379, 'Abdalrahman', 'No notes', NULL, '', 9, 'male', 126, '2018-09-29 19:04:14', '2019-01-16 02:28:11', 0),
(204, 380, 'Nabil', 'No notes', NULL, '', 7, 'male', 126, '2018-09-29 19:04:40', '2019-01-16 02:28:12', 0),
(205, 381, 'Salma', 'No notes', NULL, '', 3, 'female', 127, '2018-10-02 21:17:32', '2019-01-16 02:28:13', 0),
(206, 382, 'Nadine', 'No notes', NULL, '', 3, 'female', 128, '2018-10-02 21:32:02', '2019-01-16 02:28:14', 0),
(207, 383, 'Sarah', 'No notes', NULL, '', 7, 'female', 129, '2018-10-03 00:22:29', '2019-01-16 02:28:15', 0),
(208, 384, 'Kareem', 'No notes', NULL, '', 6, 'male', 129, '2018-10-03 00:22:47', '2019-01-16 02:28:16', 0),
(209, 385, 'Alya', 'DON\'T PAY. VOLUNTEER. ', NULL, '', 8, 'female', 130, '2018-10-03 00:28:28', '2019-01-16 02:28:17', 0),
(210, 386, 'Ghalya ', 'DON\'T PAY. VOLUNTEER. ', NULL, '', 4, 'female', 130, '2018-10-03 00:28:54', '2019-01-16 02:28:18', 0),
(211, 387, 'Hala', 'No notes', NULL, '', 8, 'female', 131, '2018-10-03 00:32:18', '2019-01-16 02:28:19', 0),
(212, 388, 'Maryam', 'Does not pay for book club. Effective 11.17.18', NULL, '', 6, 'female', 132, '2018-10-03 00:35:51', '2019-01-16 02:28:20', 0),
(213, 389, 'Aminah', 'Does not pay for book club. Effective 11.17.18', NULL, '', 5, 'female', 132, '2018-10-03 00:36:21', '2019-01-16 02:28:21', 0),
(214, 390, 'Shahad', 'No notes', NULL, '', 7, 'female', 133, '2018-10-12 15:00:04', '2019-01-16 02:28:22', 0),
(215, 391, 'Esam', 'No notes', NULL, '', 0, 'male', 134, '2018-10-13 19:20:11', '2019-01-16 02:28:23', 0),
(216, 392, 'Hamza', 'No notes', NULL, '', 12, 'male', 135, '2018-10-13 19:25:56', '2019-01-16 02:28:24', 0),
(217, 393, 'Zaid', 'No notes', NULL, '', 9, 'male', 135, '2018-10-13 19:26:09', '2019-01-16 02:28:25', 0),
(218, 394, 'Alena', 'No notes', NULL, '', 5, 'female', 135, '2018-10-13 19:26:25', '2019-01-16 02:28:26', 0),
(219, 395, 'Selena', 'No notes', NULL, '', 3, 'female', 135, '2018-10-13 19:26:43', '2019-01-16 02:28:27', 0),
(220, 396, 'Nour', 'No notes', NULL, '', 9, 'female', 136, '2018-10-13 19:40:00', '2019-01-16 02:28:28', 0),
(221, 397, 'Nahla', 'No notes', NULL, '', 14, 'female', 137, '2018-10-13 19:44:19', '2019-01-16 02:28:29', 0),
(222, 398, 'Hiba', 'No notes', NULL, '', 12, 'female', 137, '2018-10-13 19:44:36', '2019-01-16 02:28:30', 0),
(223, 399, 'Remas', 'No notes', NULL, '', 13, 'female', 98, '2018-10-13 19:54:54', '2019-01-16 02:28:32', 0),
(224, 400, 'Qusay', 'No notes', NULL, NULL, 9, 'female', 138, '2018-10-20 02:14:12', '2019-01-16 02:28:33', 0),
(225, 401, 'Yousif', 'No notes', NULL, NULL, 9, 'female', 139, '2018-10-20 02:20:09', '2019-01-16 02:28:34', 0),
(228, 402, 'Omar', 'No notes', NULL, NULL, 7, 'female', 139, '2018-10-20 02:22:57', '2019-01-16 02:28:35', 0),
(229, 403, 'Othman', 'No notes', NULL, NULL, 4, 'female', 139, '2018-10-20 02:23:54', '2019-01-16 02:28:36', 0),
(230, 404, 'Omar', 'No notes', NULL, NULL, 0, 'female', 123, '2018-10-20 05:32:34', '2019-01-16 02:28:37', 0),
(231, 405, 'Sidrah ', 'No notes', NULL, NULL, 6, 'female', 140, '2018-10-26 16:32:40', '2019-01-16 02:28:38', 0),
(232, 406, 'Lana', 'No notes', NULL, NULL, 4, 'female', 140, '2018-10-26 16:32:55', '2019-01-16 02:28:39', 0),
(233, 407, 'Gabriel', 'No notes', NULL, NULL, 4, 'female', 141, '2018-10-26 16:38:35', '2019-01-16 02:28:40', 0),
(234, 408, 'Emaan', 'No notes', NULL, NULL, 5, 'female', 142, '2018-10-27 20:13:01', '2019-01-16 02:28:41', 0),
(235, 409, 'Farhan', 'No notes', NULL, NULL, 3, 'female', 142, '2018-10-27 20:13:17', '2019-01-16 02:28:42', 0),
(236, 410, 'Laila Malika', 'No notes', NULL, NULL, 3, 'female', 143, '2018-10-27 20:19:24', '2019-01-16 02:28:43', 0),
(237, 411, 'Sarah', 'No notes', NULL, NULL, 9, 'female', 144, '2018-10-27 20:42:33', '2019-01-16 02:28:44', 0),
(238, 412, 'Nour', 'No notes', NULL, NULL, 7, 'female', 144, '2018-10-27 20:42:52', '2019-01-16 02:28:45', 0),
(239, 413, 'Tasnim', 'No notes', NULL, NULL, 6, 'female', 145, '2018-10-27 20:48:30', '2019-01-16 02:28:46', 0),
(240, 414, 'Rayyana', 'No notes', NULL, NULL, 9, 'female', 146, '2018-10-27 21:09:27', '2019-01-16 02:28:47', 0),
(241, 415, 'Dana', 'No notes', NULL, NULL, 9, 'female', 146, '2018-10-27 21:09:40', '2019-01-16 02:28:48', 0),
(242, 416, 'Bader', 'No notes', NULL, NULL, 10, 'female', 147, '2018-10-27 21:22:43', '2019-01-16 02:28:49', 0),
(243, 417, 'Ali', 'No notes', NULL, NULL, 10, 'female', 148, '2018-10-27 21:28:56', '2019-01-16 02:28:50', 0),
(244, 418, 'Aya', 'No notes', NULL, NULL, 8, 'female', 148, '2018-10-27 21:29:23', '2019-01-16 02:28:51', 0),
(246, 419, 'Lena Rahma', 'Attending every other week', NULL, NULL, 8, 'female', 150, '2018-11-03 18:29:58', '2019-01-16 02:28:52', 0),
(247, 420, 'Jessica', 'No notes', NULL, NULL, 10, 'female', 151, '2018-11-03 18:36:47', '2019-01-16 02:28:53', 0),
(248, 421, 'Zeena', 'No notes', NULL, NULL, 8, 'female', 151, '2018-11-03 18:37:02', '2019-01-16 02:28:55', 0),
(249, 422, 'Tala', 'No notes', NULL, NULL, 13, 'female', 80, '2018-11-10 20:00:18', '2019-01-16 02:28:56', 0),
(251, 423, 'Ali', 'No notes', NULL, NULL, 9, 'female', 152, '2018-11-10 20:09:28', '2019-01-16 02:28:57', 0),
(252, 424, 'Menna', 'No notes', NULL, NULL, 4, 'female', 153, '2018-11-11 05:40:21', '2019-01-16 02:28:58', 0),
(253, 425, 'Jad', 'No Notes', NULL, 'Kindergarten', 5, 'female', 154, '2018-11-17 19:20:33', '2019-01-16 02:28:59', 0),
(254, 426, 'Laith ', 'No Notes', NULL, NULL, 11, 'female', 155, '2018-11-17 19:49:09', '2019-01-16 02:29:00', 0),
(255, 427, 'Qays', 'Does not get Arabic Books; already has them', NULL, NULL, 8, 'female', 155, '2018-11-17 19:49:26', '2019-01-16 02:29:01', 0),
(256, 428, 'Ali ', 'No Notes', NULL, NULL, 10, 'female', 110, '2018-12-01 18:18:36', '2019-01-16 02:29:02', 0),
(257, 429, 'Jad', 'No Notes', NULL, 'begginers 2', 8, 'female', 156, '2018-12-01 20:50:05', '2019-01-16 02:29:03', 0),
(258, 430, 'Marwan', 'No Notes', NULL, 'first', 7, 'female', 157, '2018-12-01 21:13:26', '2019-01-16 02:29:04', 0),
(259, 431, 'Farida', 'No Notes', NULL, 'pre 2', 4, 'female', 157, '2018-12-01 21:13:26', '2019-01-16 02:29:05', 0),
(260, 432, 'Honada', 'Albisani family only pays for one child', NULL, NULL, 0, 'female', 158, '2018-12-15 17:06:35', '2019-01-16 02:29:06', 0),
(261, 433, 'Ahmed', 'Albisani family only pays for one child', NULL, NULL, 0, 'female', 158, '2018-12-15 17:06:50', '2019-01-16 02:29:07', 0),
(262, 434, 'Louna', '', NULL, '6 grade', 11, 'female', 159, '2018-12-15 19:00:52', '2019-01-16 02:29:08', 0),
(263, 435, 'Nadia ', 'Don\'t Pay', NULL, NULL, 16, 'female', 39, '2018-12-16 21:02:41', '2019-01-16 02:29:09', 0),
(264, 436, 'Kinan', 'No Notes', NULL, NULL, 10, 'female', 160, '2018-12-22 00:11:45', '2019-01-16 02:29:10', 0),
(265, 437, 'Abdullah', '', NULL, '3', 8, 'female', 161, '2019-01-05 19:00:27', '2019-01-16 02:29:11', 0),
(266, 438, 'Lina', '', NULL, '1', 6, 'female', 161, '2019-01-05 19:00:27', '2019-01-16 02:29:12', 0),
(267, 439, 'Taim', '', NULL, '3rd', 8, 'female', 162, '2019-01-05 19:09:37', '2019-01-16 02:29:14', 0),
(268, 440, 'Joud', '', NULL, 'Kindergarten ', 5, 'female', 162, '2019-01-05 19:09:37', '2019-01-16 02:29:15', 0);

-- --------------------------------------------------------

--
-- Table structure for table `students_allergies`
--

DROP TABLE IF EXISTS `students_allergies`;
CREATE TABLE IF NOT EXISTS `students_allergies` (
  `id` int(11) NOT NULL AUTO_INCREMENT,
  `student_record_id` int(11) NOT NULL,
  `allergy_name` text NOT NULL,
  `created_at` datetime NOT NULL,
  `updated_at` datetime NOT NULL,
  PRIMARY KEY (`id`)
) ENGINE=MyISAM AUTO_INCREMENT=28 DEFAULT CHARSET=utf8;

--
-- Dumping data for table `students_allergies`
--

INSERT INTO `students_allergies` (`id`, `student_record_id`, `allergy_name`, `created_at`, `updated_at`) VALUES
(9, 72, 'nuts', '2018-07-19 12:53:15', '2018-07-19 12:53:15'),
(10, 77, 'nuts', '2018-07-24 11:33:51', '2018-07-24 11:33:51'),
(11, 76, 'nuts', '2018-07-30 06:20:56', '2018-07-30 06:20:56'),
(13, 78, 'Nuts', '2018-08-25 11:31:36', '2018-08-25 11:31:36'),
(14, 85, 'peanuts example', '2018-08-31 01:39:16', '2018-08-31 01:39:16'),
(15, 94, 'Allergic to Sulfa', '2018-08-31 05:43:16', '2018-08-31 05:43:16'),
(16, 135, 'Allergic to Penicillen', '2018-09-01 01:59:59', '2018-09-01 01:59:59'),
(17, 136, 'Allergic to Penicillen', '2018-09-01 02:02:32', '2018-09-01 02:02:32'),
(18, 140, 'Has Mild Asthma', '2018-09-01 02:39:41', '2018-09-01 02:39:41'),
(19, 139, 'Has mild asthma', '2018-09-01 02:40:17', '2018-09-01 02:46:46'),
(20, 139, 'Allergic to Peppermint Candy', '2018-09-01 02:43:32', '2018-09-01 02:43:32'),
(22, 137, 'Allergic to Eggs', '2018-09-02 00:47:23', '2018-09-02 00:47:23'),
(23, 159, 'Mild asthma; uses hand held inhaler when needed.', '2018-09-02 01:07:26', '2018-09-02 01:07:26'),
(24, 163, 'Has tree nuts allergies', '2018-09-02 01:17:46', '2018-09-02 01:17:46'),
(25, 165, 'Allergic to sesame seeds/pistachio /cashew', '2018-09-02 01:21:15', '2018-09-02 01:21:15'),
(26, 247, 'Has Diabetes', '2018-09-15 18:37:51', '2018-09-15 18:37:51'),
(27, 356, 'Allergic to Amoxicillin', '2018-10-20 02:32:56', '2018-10-20 02:32:56');

-- --------------------------------------------------------

--
-- Table structure for table `students_attendances`
--

DROP TABLE IF EXISTS `students_attendances`;
CREATE TABLE IF NOT EXISTS `students_attendances` (
  `id` int(11) NOT NULL AUTO_INCREMENT,
  `attendance_date` date NOT NULL,
  `attendance_type` enum('absence','delay') NOT NULL,
  `semester` varchar(45) DEFAULT NULL,
  `student_record_id` int(11) NOT NULL,
  `created_at` datetime NOT NULL,
  `updated_at` datetime NOT NULL,
  `deleted` tinyint(2) NOT NULL,
  PRIMARY KEY (`id`),
  KEY `fk_absence_student_course1_idx` (`student_record_id`)
) ENGINE=InnoDB AUTO_INCREMENT=1722 DEFAULT CHARSET=utf8;

--
-- Dumping data for table `students_attendances`
--

INSERT INTO `students_attendances` (`id`, `attendance_date`, `attendance_type`, `semester`, `student_record_id`, `created_at`, `updated_at`, `deleted`) VALUES
(51, '2018-09-01', 'absence', 'first', 130, '0000-00-00 00:00:00', '0000-00-00 00:00:00', 0),
(52, '2018-09-01', 'absence', 'first', 127, '0000-00-00 00:00:00', '0000-00-00 00:00:00', 0),
(53, '2018-09-01', 'absence', 'first', 137, '0000-00-00 00:00:00', '0000-00-00 00:00:00', 0),
(54, '2018-09-01', 'absence', 'first', 111, '0000-00-00 00:00:00', '0000-00-00 00:00:00', 0),
(55, '2018-09-01', 'absence', 'first', 158, '0000-00-00 00:00:00', '0000-00-00 00:00:00', 0),
(56, '2018-09-01', 'absence', 'first', 156, '0000-00-00 00:00:00', '0000-00-00 00:00:00', 0),
(57, '2018-09-01', 'absence', 'first', 114, '0000-00-00 00:00:00', '0000-00-00 00:00:00', 0),
(58, '2018-09-01', 'absence', 'first', 176, '0000-00-00 00:00:00', '0000-00-00 00:00:00', 0),
(59, '2018-09-01', 'absence', 'first', 132, '0000-00-00 00:00:00', '0000-00-00 00:00:00', 0),
(60, '2018-09-08', 'absence', 'first', 177, '0000-00-00 00:00:00', '0000-00-00 00:00:00', 0),
(65, '2018-09-08', 'absence', 'first', 183, '0000-00-00 00:00:00', '0000-00-00 00:00:00', 0),
(66, '2018-09-08', 'absence', 'first', 160, '0000-00-00 00:00:00', '0000-00-00 00:00:00', 0),
(67, '2018-09-08', 'absence', 'first', 175, '0000-00-00 00:00:00', '0000-00-00 00:00:00', 0),
(68, '2018-09-08', 'absence', 'first', 90, '0000-00-00 00:00:00', '0000-00-00 00:00:00', 0),
(76, '2018-09-09', 'absence', 'first', 199, '0000-00-00 00:00:00', '0000-00-00 00:00:00', 0),
(79, '2018-09-13', 'absence', 'first', 200, '0000-00-00 00:00:00', '0000-00-00 00:00:00', 0),
(80, '2018-09-13', 'absence', 'first', 199, '0000-00-00 00:00:00', '0000-00-00 00:00:00', 0),
(81, '2018-09-13', 'delay', 'first', 157, '0000-00-00 00:00:00', '2018-11-17 18:07:56', 0),
(82, '2018-09-15', 'absence', 'first', 183, '0000-00-00 00:00:00', '0000-00-00 00:00:00', 0),
(83, '2018-09-15', 'absence', 'first', 169, '0000-00-00 00:00:00', '0000-00-00 00:00:00', 0),
(84, '2018-09-15', 'absence', 'first', 86, '0000-00-00 00:00:00', '0000-00-00 00:00:00', 0),
(85, '2018-09-15', 'absence', 'first', 200, '0000-00-00 00:00:00', '0000-00-00 00:00:00', 0),
(86, '2018-09-15', 'absence', 'first', 199, '0000-00-00 00:00:00', '0000-00-00 00:00:00', 0),
(87, '2018-09-15', 'absence', 'first', 126, '0000-00-00 00:00:00', '0000-00-00 00:00:00', 0),
(88, '2018-09-15', 'absence', 'first', 184, '0000-00-00 00:00:00', '0000-00-00 00:00:00', 0),
(89, '2018-09-16', 'absence', 'first', 160, '0000-00-00 00:00:00', '0000-00-00 00:00:00', 0),
(90, '2018-09-16', 'absence', 'first', 175, '0000-00-00 00:00:00', '0000-00-00 00:00:00', 0),
(91, '2018-09-16', 'absence', 'first', 90, '0000-00-00 00:00:00', '0000-00-00 00:00:00', 0),
(92, '2018-09-19', 'absence', 'first', 176, '0000-00-00 00:00:00', '0000-00-00 00:00:00', 0),
(93, '2018-09-19', 'absence', 'first', 119, '0000-00-00 00:00:00', '0000-00-00 00:00:00', 0),
(94, '2018-09-19', 'absence', 'first', 222, '0000-00-00 00:00:00', '0000-00-00 00:00:00', 0),
(95, '2018-09-19', 'absence', 'first', 114, '0000-00-00 00:00:00', '0000-00-00 00:00:00', 0),
(96, '2018-09-19', 'absence', 'first', 110, '0000-00-00 00:00:00', '0000-00-00 00:00:00', 0),
(97, '2018-09-19', 'absence', 'first', 168, '0000-00-00 00:00:00', '0000-00-00 00:00:00', 0),
(99, '2018-09-15', 'absence', 'first', 249, '0000-00-00 00:00:00', '0000-00-00 00:00:00', 0),
(100, '2018-09-22', 'absence', 'first', 183, '0000-00-00 00:00:00', '0000-00-00 00:00:00', 0),
(101, '2018-09-22', 'absence', 'first', 169, '0000-00-00 00:00:00', '0000-00-00 00:00:00', 0),
(102, '2018-09-29', 'absence', 'first', 184, '0000-00-00 00:00:00', '0000-00-00 00:00:00', 0),
(118, '2018-09-08', 'absence', 'first', 294, '0000-00-00 00:00:00', '0000-00-00 00:00:00', 0),
(119, '2018-09-15', 'absence', 'first', 110, '0000-00-00 00:00:00', '0000-00-00 00:00:00', 0),
(120, '2018-09-15', 'absence', 'first', 119, '0000-00-00 00:00:00', '0000-00-00 00:00:00', 0),
(121, '2018-09-22', 'absence', 'first', 110, '0000-00-00 00:00:00', '0000-00-00 00:00:00', 0),
(122, '2018-09-22', 'absence', 'first', 119, '0000-00-00 00:00:00', '0000-00-00 00:00:00', 0),
(123, '2018-09-29', 'absence', 'first', 110, '0000-00-00 00:00:00', '0000-00-00 00:00:00', 0),
(124, '2018-09-29', 'absence', 'first', 119, '0000-00-00 00:00:00', '0000-00-00 00:00:00', 0),
(140, '2018-09-08', 'absence', 'first', 250, '0000-00-00 00:00:00', '0000-00-00 00:00:00', 0),
(141, '2018-09-08', 'absence', 'first', 280, '0000-00-00 00:00:00', '0000-00-00 00:00:00', 0),
(142, '2018-09-15', 'absence', 'first', 280, '0000-00-00 00:00:00', '0000-00-00 00:00:00', 0),
(143, '2018-09-29', 'absence', 'first', 230, '0000-00-00 00:00:00', '0000-00-00 00:00:00', 0),
(144, '2018-10-06', 'absence', 'first', 110, '0000-00-00 00:00:00', '0000-00-00 00:00:00', 0),
(145, '2018-10-06', 'absence', 'first', 119, '0000-00-00 00:00:00', '0000-00-00 00:00:00', 0),
(163, '2018-10-06', 'absence', 'first', 297, '0000-00-00 00:00:00', '0000-00-00 00:00:00', 0),
(168, '2018-10-13', 'delay', 'first', 157, '0000-00-00 00:00:00', '2018-11-17 18:07:56', 0),
(169, '2018-10-13', 'absence', 'first', 160, '0000-00-00 00:00:00', '0000-00-00 00:00:00', 0),
(170, '2018-10-13', 'absence', 'first', 175, '0000-00-00 00:00:00', '0000-00-00 00:00:00', 0),
(171, '2018-10-13', 'absence', 'first', 90, '0000-00-00 00:00:00', '0000-00-00 00:00:00', 0),
(172, '2018-10-06', 'absence', 'first', 160, '0000-00-00 00:00:00', '0000-00-00 00:00:00', 0),
(173, '2018-10-06', 'absence', 'first', 175, '0000-00-00 00:00:00', '0000-00-00 00:00:00', 0),
(174, '2018-10-06', 'absence', 'first', 90, '0000-00-00 00:00:00', '0000-00-00 00:00:00', 0),
(175, '2018-09-29', 'absence', 'first', 128, '0000-00-00 00:00:00', '0000-00-00 00:00:00', 0),
(176, '2018-09-29', 'absence', 'first', 160, '0000-00-00 00:00:00', '0000-00-00 00:00:00', 0),
(177, '2018-09-29', 'absence', 'first', 175, '0000-00-00 00:00:00', '0000-00-00 00:00:00', 0),
(178, '2018-09-29', 'absence', 'first', 90, '0000-00-00 00:00:00', '0000-00-00 00:00:00', 0),
(179, '2018-10-13', 'absence', 'first', 184, '0000-00-00 00:00:00', '0000-00-00 00:00:00', 0),
(180, '2018-10-06', 'absence', 'first', 124, '0000-00-00 00:00:00', '0000-00-00 00:00:00', 0),
(181, '2018-10-06', 'absence', 'first', 184, '0000-00-00 00:00:00', '0000-00-00 00:00:00', 0),
(184, '2018-10-13', 'absence', 'first', 273, '0000-00-00 00:00:00', '0000-00-00 00:00:00', 0),
(185, '2018-10-15', 'absence', 'first', 110, '0000-00-00 00:00:00', '0000-00-00 00:00:00', 0),
(189, '2018-10-20', 'absence', 'first', 273, '0000-00-00 00:00:00', '0000-00-00 00:00:00', 0),
(214, '2018-10-25', 'absence', 'first', 137, '0000-00-00 00:00:00', '0000-00-00 00:00:00', 0),
(215, '2018-10-25', 'absence', 'first', 110, '0000-00-00 00:00:00', '0000-00-00 00:00:00', 0),
(216, '2018-10-27', 'delay', 'first', 157, '0000-00-00 00:00:00', '2018-11-17 18:07:56', 0),
(217, '2018-10-27', 'absence', 'first', 273, '0000-00-00 00:00:00', '0000-00-00 00:00:00', 0),
(218, '2018-10-27', 'absence', 'first', 295, '0000-00-00 00:00:00', '0000-00-00 00:00:00', 0),
(219, '2018-10-27', 'absence', 'first', 124, '0000-00-00 00:00:00', '0000-00-00 00:00:00', 0),
(220, '2018-10-27', 'delay', 'first', 126, '0000-00-00 00:00:00', '0000-00-00 00:00:00', 0),
(221, '2018-10-27', 'absence', 'first', 322, '0000-00-00 00:00:00', '0000-00-00 00:00:00', 0),
(222, '2018-10-27', 'delay', 'first', 145, '0000-00-00 00:00:00', '0000-00-00 00:00:00', 0),
(241, '2018-10-31', 'absence', 'first', 110, '0000-00-00 00:00:00', '0000-00-00 00:00:00', 0),
(242, '2018-10-31', 'absence', 'first', 108, '0000-00-00 00:00:00', '0000-00-00 00:00:00', 0),
(243, '2018-10-06', 'absence', 'first', 354, '0000-00-00 00:00:00', '0000-00-00 00:00:00', 0),
(244, '2018-10-06', 'absence', 'first', 100, '0000-00-00 00:00:00', '0000-00-00 00:00:00', 0),
(245, '2018-10-13', 'absence', 'first', 100, '0000-00-00 00:00:00', '0000-00-00 00:00:00', 0),
(246, '2018-10-20', 'absence', 'first', 230, '0000-00-00 00:00:00', '0000-00-00 00:00:00', 0),
(247, '2018-10-20', 'absence', 'first', 100, '0000-00-00 00:00:00', '0000-00-00 00:00:00', 0),
(248, '2018-10-27', 'absence', 'first', 100, '0000-00-00 00:00:00', '0000-00-00 00:00:00', 0),
(249, '2018-11-03', 'absence', 'first', 124, '0000-00-00 00:00:00', '0000-00-00 00:00:00', 0),
(250, '2018-11-03', 'delay', 'first', 126, '0000-00-00 00:00:00', '0000-00-00 00:00:00', 0),
(251, '2018-11-03', 'absence', 'first', 359, '0000-00-00 00:00:00', '0000-00-00 00:00:00', 0),
(260, '2018-11-03', 'absence', 'first', 355, '0000-00-00 00:00:00', '0000-00-00 00:00:00', 0),
(274, '2018-10-27', 'absence', 'first', 355, '2018-11-03 21:54:48', '2018-11-03 21:54:48', 0),
(310, '2018-11-15', 'absence', 'first', 288, '0000-00-00 00:00:00', '0000-00-00 00:00:00', 0),
(311, '2018-11-15', 'absence', 'first', 253, '0000-00-00 00:00:00', '0000-00-00 00:00:00', 0),
(312, '2018-11-15', 'absence', 'first', 110, '0000-00-00 00:00:00', '0000-00-00 00:00:00', 0),
(313, '2018-11-17', 'absence', 'first', 255, '0000-00-00 00:00:00', '0000-00-00 00:00:00', 0),
(314, '2018-11-17', 'delay', 'first', 157, '0000-00-00 00:00:00', '2018-11-17 18:07:56', 0),
(315, '2018-11-17', 'delay', 'first', 274, '0000-00-00 00:00:00', '2018-11-17 18:07:56', 0),
(327, '2018-11-17', 'absence', 'first', 375, '0000-00-00 00:00:00', '0000-00-00 00:00:00', 0),
(332, '2018-11-18', 'absence', 'first', 110, '0000-00-00 00:00:00', '0000-00-00 00:00:00', 0),
(333, '2018-11-17', 'absence', 'first', 392, '0000-00-00 00:00:00', '0000-00-00 00:00:00', 0),
(334, '2018-11-17', 'absence', 'first', 237, '0000-00-00 00:00:00', '0000-00-00 00:00:00', 0),
(335, '2018-11-17', 'absence', 'first', 393, '0000-00-00 00:00:00', '0000-00-00 00:00:00', 0),
(336, '2018-11-17', 'absence', 'first', 236, '0000-00-00 00:00:00', '0000-00-00 00:00:00', 0),
(337, '2018-11-17', 'absence', 'first', 329, '0000-00-00 00:00:00', '0000-00-00 00:00:00', 0),
(338, '2018-11-17', 'delay', 'first', 190, '0000-00-00 00:00:00', '0000-00-00 00:00:00', 0),
(339, '2018-11-17', 'delay', 'first', 189, '0000-00-00 00:00:00', '0000-00-00 00:00:00', 0),
(340, '2018-11-17', 'absence', 'first', 314, '0000-00-00 00:00:00', '0000-00-00 00:00:00', 0),
(341, '2018-11-17', 'absence', 'first', 388, '0000-00-00 00:00:00', '0000-00-00 00:00:00', 0),
(342, '2018-11-10', 'absence', 'first', 301, '0000-00-00 00:00:00', '0000-00-00 00:00:00', 0),
(343, '2018-11-10', 'absence', 'first', 385, '0000-00-00 00:00:00', '0000-00-00 00:00:00', 0),
(344, '2018-11-10', 'absence', 'first', 100, '0000-00-00 00:00:00', '0000-00-00 00:00:00', 0),
(345, '2018-11-17', 'absence', 'first', 277, '0000-00-00 00:00:00', '0000-00-00 00:00:00', 0),
(346, '2018-11-17', 'absence', 'first', 100, '0000-00-00 00:00:00', '0000-00-00 00:00:00', 0),
(364, '2018-11-03', 'absence', 'first', 100, '2018-11-26 03:43:47', '2018-11-26 03:43:47', 0),
(366, '2018-12-01', 'absence', 'first', 375, '0000-00-00 00:00:00', '0000-00-00 00:00:00', 0),
(370, '2018-12-01', 'absence', 'first', 237, '0000-00-00 00:00:00', '0000-00-00 00:00:00', 0),
(371, '2018-12-01', 'absence', 'first', 391, '0000-00-00 00:00:00', '0000-00-00 00:00:00', 0),
(372, '2018-12-01', 'absence', 'first', 328, '0000-00-00 00:00:00', '0000-00-00 00:00:00', 0),
(373, '2018-12-01', 'absence', 'first', 236, '0000-00-00 00:00:00', '0000-00-00 00:00:00', 0),
(374, '2018-12-01', 'absence', 'first', 329, '0000-00-00 00:00:00', '0000-00-00 00:00:00', 0),
(375, '2018-12-01', 'absence', 'first', 390, '0000-00-00 00:00:00', '0000-00-00 00:00:00', 0),
(376, '2018-12-06', 'absence', 'first', 110, '0000-00-00 00:00:00', '0000-00-00 00:00:00', 0),
(377, '2018-12-06', 'absence', 'first', 378, '0000-00-00 00:00:00', '0000-00-00 00:00:00', 0),
(378, '2018-12-01', 'absence', 'first', 167, '0000-00-00 00:00:00', '0000-00-00 00:00:00', 0),
(379, '2018-11-24', 'absence', 'first', 406, '0000-00-00 00:00:00', '0000-00-00 00:00:00', 0),
(380, '2018-11-24', 'absence', 'first', 358, '0000-00-00 00:00:00', '0000-00-00 00:00:00', 0),
(381, '2018-11-24', 'absence', 'first', 357, '0000-00-00 00:00:00', '0000-00-00 00:00:00', 0),
(382, '2018-11-24', 'absence', 'first', 379, '0000-00-00 00:00:00', '0000-00-00 00:00:00', 0),
(383, '2018-11-24', 'absence', 'first', 355, '0000-00-00 00:00:00', '0000-00-00 00:00:00', 0),
(384, '2018-11-24', 'absence', 'first', 167, '0000-00-00 00:00:00', '0000-00-00 00:00:00', 0),
(385, '2018-11-17', 'absence', 'first', 406, '0000-00-00 00:00:00', '0000-00-00 00:00:00', 0),
(386, '2018-11-17', 'absence', 'first', 355, '0000-00-00 00:00:00', '0000-00-00 00:00:00', 0),
(387, '2018-12-08', 'absence', 'first', 110, '0000-00-00 00:00:00', '0000-00-00 00:00:00', 0),
(388, '2018-12-08', 'absence', 'first', 378, '0000-00-00 00:00:00', '0000-00-00 00:00:00', 0),
(389, '2018-12-08', 'absence', 'first', 375, '0000-00-00 00:00:00', '0000-00-00 00:00:00', 0),
(390, '2018-12-08', 'absence', 'first', 298, '0000-00-00 00:00:00', '0000-00-00 00:00:00', 0),
(391, '2018-12-08', 'absence', 'first', 297, '0000-00-00 00:00:00', '0000-00-00 00:00:00', 0),
(394, '2018-12-08', 'absence', 'first', 237, '0000-00-00 00:00:00', '0000-00-00 00:00:00', 0),
(395, '2018-12-08', 'absence', 'first', 393, '0000-00-00 00:00:00', '0000-00-00 00:00:00', 0),
(396, '2018-12-08', 'absence', 'first', 234, '0000-00-00 00:00:00', '0000-00-00 00:00:00', 0),
(397, '2018-12-08', 'absence', 'first', 328, '0000-00-00 00:00:00', '0000-00-00 00:00:00', 0),
(398, '2018-12-08', 'absence', 'first', 296, '0000-00-00 00:00:00', '0000-00-00 00:00:00', 0),
(399, '2018-12-08', 'absence', 'first', 236, '0000-00-00 00:00:00', '0000-00-00 00:00:00', 0),
(400, '2018-12-08', 'absence', 'first', 329, '0000-00-00 00:00:00', '0000-00-00 00:00:00', 0),
(401, '2018-12-08', 'absence', 'first', 189, '0000-00-00 00:00:00', '0000-00-00 00:00:00', 0),
(402, '2018-12-15', 'absence', 'first', 255, '0000-00-00 00:00:00', '0000-00-00 00:00:00', 0),
(403, '2018-12-15', 'absence', 'first', 318, '0000-00-00 00:00:00', '0000-00-00 00:00:00', 0),
(404, '2018-12-16', 'absence', 'first', 320, '0000-00-00 00:00:00', '0000-00-00 00:00:00', 0),
(405, '2018-12-16', 'absence', 'first', 253, '0000-00-00 00:00:00', '0000-00-00 00:00:00', 0),
(406, '2018-12-15', 'absence', 'first', 247, '0000-00-00 00:00:00', '0000-00-00 00:00:00', 0),
(407, '2018-12-15', 'absence', 'first', 283, '0000-00-00 00:00:00', '0000-00-00 00:00:00', 0),
(408, '2018-12-15', 'absence', 'first', 237, '0000-00-00 00:00:00', '0000-00-00 00:00:00', 0),
(409, '2018-12-15', 'absence', 'first', 236, '0000-00-00 00:00:00', '0000-00-00 00:00:00', 0),
(410, '2018-12-15', 'absence', 'first', 329, '0000-00-00 00:00:00', '0000-00-00 00:00:00', 0),
(411, '2018-12-01', 'absence', 'first', 230, '0000-00-00 00:00:00', '0000-00-00 00:00:00', 0),
(412, '2018-12-01', 'absence', 'first', 100, '0000-00-00 00:00:00', '0000-00-00 00:00:00', 0),
(413, '2018-12-08', 'absence', 'first', 94, '0000-00-00 00:00:00', '0000-00-00 00:00:00', 0),
(414, '2018-12-08', 'absence', 'first', 95, '0000-00-00 00:00:00', '0000-00-00 00:00:00', 0),
(415, '2018-12-08', 'absence', 'first', 230, '0000-00-00 00:00:00', '0000-00-00 00:00:00', 0),
(416, '2018-12-08', 'absence', 'first', 385, '0000-00-00 00:00:00', '0000-00-00 00:00:00', 0),
(417, '2018-12-08', 'absence', 'first', 100, '0000-00-00 00:00:00', '0000-00-00 00:00:00', 0),
(418, '2018-12-15', 'absence', 'first', 94, '0000-00-00 00:00:00', '0000-00-00 00:00:00', 0),
(419, '2018-12-15', 'absence', 'first', 95, '0000-00-00 00:00:00', '0000-00-00 00:00:00', 0),
(420, '2018-12-15', 'absence', 'first', 100, '0000-00-00 00:00:00', '0000-00-00 00:00:00', 0),
(421, '2018-12-15', 'absence', 'first', 319, '0000-00-00 00:00:00', '0000-00-00 00:00:00', 0),
(422, '2018-12-15', 'absence', 'first', 406, '0000-00-00 00:00:00', '0000-00-00 00:00:00', 0),
(423, '2018-12-15', 'absence', 'first', 355, '0000-00-00 00:00:00', '0000-00-00 00:00:00', 0),
(424, '2018-12-19', 'absence', 'first', 320, '0000-00-00 00:00:00', '0000-00-00 00:00:00', 0),
(425, '2018-12-19', 'absence', 'first', 253, '0000-00-00 00:00:00', '0000-00-00 00:00:00', 0),
(431, '2018-12-22', 'absence', 'first', 375, '0000-00-00 00:00:00', '0000-00-00 00:00:00', 0),
(432, '2018-12-22', 'absence', 'first', 295, '0000-00-00 00:00:00', '0000-00-00 00:00:00', 0),
(433, '2018-12-22', 'absence', 'first', 396, '0000-00-00 00:00:00', '0000-00-00 00:00:00', 0),
(434, '2018-12-22', 'absence', 'first', 298, '0000-00-00 00:00:00', '0000-00-00 00:00:00', 0),
(436, '2018-12-22', 'absence', 'first', 395, '0000-00-00 00:00:00', '0000-00-00 00:00:00', 0),
(437, '2018-12-22', 'absence', 'first', 247, '0000-00-00 00:00:00', '0000-00-00 00:00:00', 0),
(438, '2018-12-22', 'absence', 'first', 315, '0000-00-00 00:00:00', '0000-00-00 00:00:00', 0),
(439, '2018-12-22', 'absence', 'first', 283, '0000-00-00 00:00:00', '0000-00-00 00:00:00', 0),
(440, '2018-12-22', 'absence', 'first', 377, '0000-00-00 00:00:00', '0000-00-00 00:00:00', 0),
(441, '2018-12-22', 'absence', 'first', 404, '0000-00-00 00:00:00', '0000-00-00 00:00:00', 0),
(442, '2018-12-22', 'absence', 'first', 237, '0000-00-00 00:00:00', '0000-00-00 00:00:00', 0),
(443, '2018-12-22', 'absence', 'first', 234, '0000-00-00 00:00:00', '0000-00-00 00:00:00', 0),
(444, '2018-12-22', 'absence', 'first', 296, '0000-00-00 00:00:00', '0000-00-00 00:00:00', 0),
(445, '2018-12-22', 'absence', 'first', 405, '0000-00-00 00:00:00', '0000-00-00 00:00:00', 0),
(446, '2018-12-22', 'absence', 'first', 236, '0000-00-00 00:00:00', '0000-00-00 00:00:00', 0),
(447, '2018-12-22', 'absence', 'first', 212, '0000-00-00 00:00:00', '0000-00-00 00:00:00', 0),
(451, '2018-12-29', 'absence', 'first', 396, '0000-00-00 00:00:00', '0000-00-00 00:00:00', 0),
(457, '2018-12-22', 'absence', 'first', 94, '0000-00-00 00:00:00', '0000-00-00 00:00:00', 0),
(458, '2018-12-22', 'absence', 'first', 95, '0000-00-00 00:00:00', '0000-00-00 00:00:00', 0),
(459, '2018-12-22', 'absence', 'first', 138, '0000-00-00 00:00:00', '0000-00-00 00:00:00', 0),
(460, '2018-12-22', 'absence', 'first', 385, '0000-00-00 00:00:00', '0000-00-00 00:00:00', 0),
(476, '2018-12-29', 'absence', 'first', 94, '0000-00-00 00:00:00', '0000-00-00 00:00:00', 0),
(477, '2018-12-29', 'absence', 'first', 101, '0000-00-00 00:00:00', '0000-00-00 00:00:00', 0),
(478, '2018-12-29', 'absence', 'first', 95, '0000-00-00 00:00:00', '0000-00-00 00:00:00', 0),
(479, '2018-12-29', 'absence', 'first', 412, '0000-00-00 00:00:00', '0000-00-00 00:00:00', 0),
(480, '2018-12-29', 'absence', 'first', 386, '0000-00-00 00:00:00', '0000-00-00 00:00:00', 0),
(481, '2018-12-29', 'absence', 'first', 105, '0000-00-00 00:00:00', '0000-00-00 00:00:00', 0),
(482, '2018-12-29', 'absence', 'first', 280, '0000-00-00 00:00:00', '0000-00-00 00:00:00', 0),
(483, '2018-12-29', 'absence', 'first', 258, '0000-00-00 00:00:00', '0000-00-00 00:00:00', 0),
(484, '2018-12-30', 'absence', 'first', 391, '0000-00-00 00:00:00', '0000-00-00 00:00:00', 0),
(485, '2018-12-29', 'absence', 'first', 391, '0000-00-00 00:00:00', '0000-00-00 00:00:00', 0),
(486, '2018-12-22', 'absence', 'first', 233, '0000-00-00 00:00:00', '0000-00-00 00:00:00', 0),
(535, '2018-12-29', 'absence', 'first', 404, '0000-00-00 00:00:00', '0000-00-00 00:00:00', 0),
(536, '2018-12-29', 'absence', 'first', 419, '0000-00-00 00:00:00', '0000-00-00 00:00:00', 0),
(537, '2018-12-29', 'absence', 'first', 405, '0000-00-00 00:00:00', '0000-00-00 00:00:00', 0),
(538, '2018-12-29', 'absence', 'first', 421, '0000-00-00 00:00:00', '0000-00-00 00:00:00', 0),
(539, '2018-12-29', 'absence', 'first', 285, '0000-00-00 00:00:00', '0000-00-00 00:00:00', 0),
(540, '2018-12-29', 'absence', 'first', 247, '0000-00-00 00:00:00', '0000-00-00 00:00:00', 0),
(541, '2018-12-29', 'absence', 'first', 283, '0000-00-00 00:00:00', '0000-00-00 00:00:00', 0),
(542, '2018-12-29', 'absence', 'first', 284, '0000-00-00 00:00:00', '0000-00-00 00:00:00', 0),
(543, '2018-12-29', 'absence', 'first', 263, '0000-00-00 00:00:00', '0000-00-00 00:00:00', 0),
(544, '2018-12-29', 'absence', 'first', 313, '0000-00-00 00:00:00', '0000-00-00 00:00:00', 0),
(549, '2019-01-05', 'absence', 'second', 255, '0000-00-00 00:00:00', '0000-00-00 00:00:00', 0),
(550, '2019-01-05', 'absence', 'second', 256, '0000-00-00 00:00:00', '0000-00-00 00:00:00', 0),
(551, '2019-01-05', 'absence', 'second', 303, '0000-00-00 00:00:00', '0000-00-00 00:00:00', 0),
(552, '2019-01-05', 'absence', 'second', 159, '0000-00-00 00:00:00', '0000-00-00 00:00:00', 0),
(553, '2019-01-05', 'absence', 'second', 257, '0000-00-00 00:00:00', '0000-00-00 00:00:00', 0),
(554, '2019-01-05', 'absence', 'second', 376, '0000-00-00 00:00:00', '0000-00-00 00:00:00', 0),
(756, '2018-11-24', 'absence', 'first', 425, '2019-01-05 19:11:30', '2019-01-05 20:19:03', 0),
(757, '2018-12-01', 'absence', 'first', 425, '0000-00-00 00:00:00', '2019-01-05 20:19:03', 0),
(766, '2018-12-15', 'absence', 'first', 425, '2019-01-05 19:22:04', '2019-01-05 20:19:03', 0),
(787, '2018-08-18', 'absence', 'first', 425, '2019-01-05 19:23:29', '2019-01-05 20:19:03', 0),
(800, '2019-01-05', 'absence', 'second', 295, '0000-00-00 00:00:00', '0000-00-00 00:00:00', 0),
(801, '2019-01-05', 'absence', 'second', 396, '0000-00-00 00:00:00', '0000-00-00 00:00:00', 0),
(805, '2019-01-05', 'absence', 'second', 295, '0000-00-00 00:00:00', '0000-00-00 00:00:00', 0),
(806, '2019-01-05', 'absence', 'second', 396, '0000-00-00 00:00:00', '0000-00-00 00:00:00', 0),
(810, '2019-01-05', 'absence', 'second', 295, '0000-00-00 00:00:00', '0000-00-00 00:00:00', 0),
(811, '2019-01-05', 'absence', 'second', 396, '0000-00-00 00:00:00', '0000-00-00 00:00:00', 0),
(815, '2019-01-05', 'absence', 'second', 295, '0000-00-00 00:00:00', '0000-00-00 00:00:00', 0),
(816, '2019-01-05', 'absence', 'second', 396, '0000-00-00 00:00:00', '0000-00-00 00:00:00', 0),
(826, '2018-08-25', 'absence', 'first', 425, '2019-01-05 19:24:10', '2019-01-05 20:19:03', 0),
(847, '2018-09-01', 'absence', 'first', 425, '2019-01-05 19:24:25', '2019-01-05 20:19:03', 0),
(868, '2018-09-08', 'absence', 'first', 425, '2019-01-05 19:24:41', '2019-01-05 20:19:03', 0),
(889, '2018-09-15', 'absence', 'first', 425, '2019-01-05 19:24:59', '2019-01-05 20:19:03', 0),
(910, '2018-09-22', 'absence', 'first', 425, '2019-01-05 19:25:14', '2019-01-05 20:19:03', 0),
(931, '2018-09-29', 'absence', 'first', 425, '2019-01-05 19:25:32', '2019-01-05 20:19:03', 0),
(952, '2018-10-06', 'absence', 'first', 425, '2019-01-05 19:25:57', '2019-01-05 20:19:03', 0),
(992, '2018-10-13', 'absence', 'first', 425, '2019-01-05 19:27:13', '2019-01-05 20:19:03', 0),
(1013, '2018-10-20', 'absence', 'first', 425, '2019-01-05 19:27:37', '2019-01-05 20:19:03', 0),
(1034, '2018-10-27', 'absence', 'first', 425, '2019-01-05 19:27:57', '2019-01-05 20:19:03', 0),
(1055, '2018-11-03', 'absence', 'first', 425, '2019-01-05 19:28:35', '2019-01-05 20:19:03', 0),
(1076, '2018-11-10', 'absence', 'first', 425, '2019-01-05 19:30:06', '2019-01-05 20:19:03', 0),
(1097, '2018-11-17', 'absence', 'first', 425, '2019-01-05 19:30:21', '2019-01-05 20:19:03', 0),
(1420, '2018-12-08', 'absence', 'first', 425, '2019-01-05 20:17:13', '2019-01-05 20:19:03', 0),
(1568, '2018-12-29', 'absence', 'first', 425, '2019-01-05 20:27:23', '2019-01-05 20:27:23', 0),
(1590, '2018-12-22', 'absence', 'first', 425, '2019-01-05 20:28:09', '2019-01-05 20:28:09', 0),
(1605, '2019-01-05', 'absence', 'second', 209, '0000-00-00 00:00:00', '0000-00-00 00:00:00', 0),
(1631, '2019-01-05', 'absence', 'second', 202, '0000-00-00 00:00:00', '0000-00-00 00:00:00', 0),
(1632, '2019-01-05', 'absence', 'second', 419, '0000-00-00 00:00:00', '0000-00-00 00:00:00', 0),
(1633, '2019-01-05', 'absence', 'second', 328, '0000-00-00 00:00:00', '0000-00-00 00:00:00', 0),
(1634, '2019-01-05', 'absence', 'second', 296, '0000-00-00 00:00:00', '0000-00-00 00:00:00', 0),
(1635, '2019-01-05', 'absence', 'second', 421, '0000-00-00 00:00:00', '0000-00-00 00:00:00', 0),
(1636, '2019-01-05', 'absence', 'second', 329, '0000-00-00 00:00:00', '0000-00-00 00:00:00', 0),
(1637, '2019-01-05', 'absence', 'second', 395, '0000-00-00 00:00:00', '0000-00-00 00:00:00', 0),
(1638, '2019-01-05', 'absence', 'second', 316, '0000-00-00 00:00:00', '0000-00-00 00:00:00', 0),
(1663, '2019-01-05', 'absence', 'second', 126, '0000-00-00 00:00:00', '0000-00-00 00:00:00', 0),
(1664, '2018-12-29', 'absence', 'first', 146, '0000-00-00 00:00:00', '0000-00-00 00:00:00', 0),
(1665, '2018-12-29', 'absence', 'first', 147, '0000-00-00 00:00:00', '0000-00-00 00:00:00', 0),
(1666, '2018-12-29', 'absence', 'first', 91, '0000-00-00 00:00:00', '0000-00-00 00:00:00', 0),
(1674, '2019-01-05', 'absence', 'second', 357, '0000-00-00 00:00:00', '0000-00-00 00:00:00', 0),
(1675, '2019-01-05', 'absence', 'second', 371, '0000-00-00 00:00:00', '0000-00-00 00:00:00', 0),
(1676, '2018-12-29', 'absence', 'first', 281, '0000-00-00 00:00:00', '0000-00-00 00:00:00', 0),
(1678, '2018-12-29', 'absence', 'first', 116, '0000-00-00 00:00:00', '0000-00-00 00:00:00', 0),
(1679, '2018-12-29', 'absence', 'first', 167, '0000-00-00 00:00:00', '0000-00-00 00:00:00', 0),
(1713, '2018-12-22', 'absence', 'first', 87, '2019-01-11 17:46:16', '2019-01-11 17:46:16', 0),
(1721, '2019-01-05', 'absence', 'second', 127, '0000-00-00 00:00:00', '0000-00-00 00:00:00', 0);

-- --------------------------------------------------------

--
-- Table structure for table `students_marks`
--

DROP TABLE IF EXISTS `students_marks`;
CREATE TABLE IF NOT EXISTS `students_marks` (
  `id` int(11) NOT NULL AUTO_INCREMENT,
  `student_record_id` int(11) NOT NULL,
  `subject_id` int(11) NOT NULL,
  `mark_key` enum('O','S','N') DEFAULT 'O',
  `mark_note` text,
  `semester` enum('first','second') NOT NULL,
  `created_at` datetime NOT NULL,
  `updated_at` datetime NOT NULL,
  PRIMARY KEY (`id`)
) ENGINE=MyISAM AUTO_INCREMENT=549 DEFAULT CHARSET=utf8;

--
-- Dumping data for table `students_marks`
--

INSERT INTO `students_marks` (`id`, `student_record_id`, `subject_id`, `mark_key`, `mark_note`, `semester`, `created_at`, `updated_at`) VALUES
(11, 72, 281, 'S', '_', 'first', '2018-07-19 13:29:05', '2018-07-19 13:29:05'),
(12, 83, 281, 'S', '-', 'first', '2018-08-19 13:28:51', '2018-08-19 13:28:51'),
(13, 78, 281, 'S', '-', 'first', '2018-08-19 13:28:51', '2018-08-19 13:28:51'),
(14, 74, 281, 'S', '-', 'first', '2018-08-19 13:28:51', '2018-08-19 13:28:51'),
(15, 83, 281, 'O', '-', 'second', '2018-08-19 13:30:05', '2018-08-19 13:30:05'),
(16, 78, 281, 'O', '-', 'second', '2018-08-19 13:30:05', '2018-08-19 13:30:05'),
(17, 74, 281, 'O', '-', 'second', '2018-08-19 13:30:05', '2018-08-19 13:30:05'),
(18, 221, 328, 'N', '', 'first', '2018-09-20 13:38:57', '2019-01-05 06:31:11'),
(19, 170, 328, 'S', '', 'first', '2018-09-20 13:38:57', '2019-01-05 06:31:11'),
(20, 183, 328, 'O', '', 'first', '2018-09-20 13:38:57', '2018-09-20 13:38:57'),
(21, 169, 328, 'N', '', 'first', '2018-09-20 13:38:57', '2019-01-05 06:31:11'),
(22, 86, 328, 'O', '', 'first', '2018-09-20 13:38:57', '2019-01-05 06:31:11'),
(23, 104, 328, 'S', '', 'first', '2018-09-20 13:38:57', '2019-01-05 06:31:11'),
(24, 320, 325, 'S', '', 'first', '2018-12-29 19:18:06', '2019-01-12 19:25:29'),
(25, 288, 325, 'S', '', 'first', '2018-12-29 19:18:06', '2019-01-12 19:25:29'),
(26, 127, 325, 'S', '', 'first', '2018-12-29 19:18:06', '2019-01-12 19:25:29'),
(27, 304, 325, 'O', '', 'first', '2018-12-29 19:18:06', '2019-01-12 19:25:29'),
(28, 253, 325, 'N', '', 'first', '2018-12-29 19:18:06', '2019-01-12 19:25:29'),
(29, 137, 325, 'O', '', 'first', '2018-12-29 19:18:06', '2019-01-12 19:25:29'),
(30, 373, 325, 'O', '', 'first', '2018-12-29 19:18:06', '2018-12-29 20:00:53'),
(31, 317, 325, 'S', '', 'first', '2018-12-29 19:18:06', '2019-01-12 19:25:29'),
(32, 243, 325, 'S', '', 'first', '2018-12-29 19:18:06', '2019-01-12 19:25:29'),
(33, 289, 325, 'S', '', 'first', '2018-12-29 19:18:06', '2019-01-12 19:25:29'),
(34, 293, 325, 'S', '', 'first', '2018-12-29 19:18:06', '2019-01-12 19:25:29'),
(35, 114, 325, 'O', '', 'first', '2018-12-29 19:18:06', '2019-01-12 19:25:29'),
(36, 290, 325, 'S', '', 'first', '2018-12-29 19:18:06', '2019-01-12 19:25:29'),
(37, 132, 325, 'O', '', 'first', '2018-12-29 19:18:06', '2019-01-12 19:25:29'),
(64, 164, 285, 'S', '', 'first', '2018-12-29 20:32:42', '2018-12-29 20:32:42'),
(38, 168, 325, 'N', '', 'first', '2018-12-29 19:18:06', '2019-01-12 19:25:29'),
(39, 378, 325, 'O', '', 'first', '2018-12-29 19:18:06', '2019-01-12 19:25:29'),
(40, 294, 325, 'N', '', 'first', '2018-12-29 19:18:06', '2019-01-12 19:25:29'),
(41, 148, 325, 'O', '', 'first', '2018-12-29 19:18:06', '2019-01-12 19:25:29'),
(42, 292, 325, 'O', '', 'first', '2018-12-29 19:18:06', '2019-01-12 19:25:29'),
(43, 108, 325, 'S', '', 'first', '2018-12-29 19:18:06', '2019-01-12 19:25:29'),
(44, 320, 283, 'S', '', 'first', '2018-12-29 19:18:54', '2019-01-12 19:25:07'),
(45, 288, 283, 'O', '', 'first', '2018-12-29 19:18:54', '2019-01-12 19:25:07'),
(46, 127, 283, 'S', '', 'first', '2018-12-29 19:18:54', '2019-01-12 19:25:07'),
(47, 304, 283, 'O', '', 'first', '2018-12-29 19:18:54', '2019-01-12 19:25:07'),
(48, 253, 283, 'S', '', 'first', '2018-12-29 19:18:54', '2019-01-12 19:25:07'),
(49, 137, 283, 'O', '', 'first', '2018-12-29 19:18:54', '2019-01-12 19:25:07'),
(50, 373, 283, 'O', '', 'first', '2018-12-29 19:18:54', '2018-12-29 20:04:55'),
(51, 317, 283, 'S', '', 'first', '2018-12-29 19:18:54', '2019-01-12 19:25:07'),
(52, 243, 283, 'S', '', 'first', '2018-12-29 19:18:54', '2019-01-12 19:25:07'),
(53, 289, 283, 'S', '', 'first', '2018-12-29 19:18:54', '2019-01-12 19:25:07'),
(54, 293, 283, 'S', '', 'first', '2018-12-29 19:18:54', '2019-01-12 19:25:07'),
(55, 114, 283, 'O', '', 'first', '2018-12-29 19:18:54', '2019-01-12 19:25:07'),
(56, 290, 283, 'S', '', 'first', '2018-12-29 19:18:54', '2019-01-12 19:25:07'),
(57, 132, 283, 'O', '', 'first', '2018-12-29 19:18:54', '2019-01-12 19:25:07'),
(58, 168, 283, 'N', '', 'first', '2018-12-29 19:18:54', '2019-01-12 19:25:07'),
(59, 378, 283, 'O', '', 'first', '2018-12-29 19:18:54', '2019-01-12 19:25:07'),
(60, 294, 283, 'S', '', 'first', '2018-12-29 19:18:54', '2019-01-12 19:25:07'),
(61, 148, 283, 'O', '', 'first', '2018-12-29 19:18:54', '2019-01-12 19:25:07'),
(62, 292, 283, 'O', '', 'first', '2018-12-29 19:18:54', '2019-01-12 19:25:07'),
(63, 108, 283, 'S', '', 'first', '2018-12-29 19:18:54', '2019-01-12 19:25:07'),
(65, 171, 285, 'O', '', 'first', '2018-12-29 20:32:42', '2018-12-29 20:32:42'),
(66, 411, 285, 'O', '', 'first', '2018-12-29 20:32:42', '2018-12-29 20:32:42'),
(67, 220, 285, 'O', '', 'first', '2018-12-29 20:32:42', '2018-12-29 20:32:42'),
(68, 180, 285, 'O', '', 'first', '2018-12-29 20:32:42', '2018-12-29 20:32:42'),
(69, 409, 285, 'O', '', 'first', '2018-12-29 20:32:42', '2018-12-29 20:32:42'),
(70, 400, 285, 'O', '', 'first', '2018-12-29 20:32:42', '2018-12-29 20:32:42'),
(71, 368, 285, 'O', '', 'first', '2018-12-29 20:32:42', '2018-12-29 20:32:42'),
(72, 141, 285, 'O', '', 'first', '2018-12-29 20:32:42', '2018-12-29 20:32:42'),
(73, 154, 285, 'O', '', 'first', '2018-12-29 20:32:42', '2018-12-29 20:32:42'),
(74, 208, 285, 'O', '', 'first', '2018-12-29 20:32:42', '2018-12-29 20:32:42'),
(75, 225, 285, 'O', '', 'first', '2018-12-29 20:32:42', '2018-12-29 20:32:42'),
(76, 207, 285, 'O', '', 'first', '2018-12-29 20:32:42', '2018-12-29 20:32:42'),
(77, 216, 285, 'O', '', 'first', '2018-12-29 20:32:42', '2018-12-29 20:32:42'),
(78, 362, 285, 'O', '', 'first', '2018-12-29 20:32:42', '2018-12-29 20:32:42'),
(79, 245, 285, 'O', '', 'first', '2018-12-29 20:32:42', '2018-12-29 20:32:42'),
(80, 109, 285, 'O', '', 'first', '2018-12-29 20:32:42', '2018-12-29 20:32:42'),
(81, 178, 285, 'O', '', 'first', '2018-12-29 20:32:42', '2018-12-29 20:32:42'),
(82, 123, 285, 'O', '', 'first', '2018-12-29 20:32:42', '2018-12-29 20:32:42'),
(83, 226, 285, 'O', '', 'first', '2018-12-29 20:32:42', '2018-12-29 20:32:42'),
(84, 134, 285, 'O', '', 'first', '2018-12-29 20:32:42', '2018-12-29 20:32:42'),
(85, 213, 307, 'N', '', 'first', '2019-01-01 21:14:27', '2019-01-11 19:01:25'),
(86, 140, 307, 'O', '', 'first', '2019-01-01 21:14:27', '2019-01-11 19:01:25'),
(87, 136, 307, 'O', '', 'first', '2019-01-01 21:14:27', '2019-01-11 19:01:25'),
(88, 115, 307, 'O', '', 'first', '2019-01-01 21:14:27', '2019-01-11 19:01:25'),
(89, 125, 307, 'S', '', 'first', '2019-01-01 21:14:27', '2019-01-11 19:01:25'),
(90, 113, 307, 'O', '', 'first', '2019-01-01 21:14:27', '2019-01-11 19:01:25'),
(91, 166, 307, 'O', '', 'first', '2019-01-01 21:14:27', '2019-01-11 19:01:25'),
(92, 135, 307, 'O', '', 'first', '2019-01-01 21:14:27', '2019-01-11 19:01:25'),
(93, 408, 307, 'O', '', 'first', '2019-01-01 21:14:27', '2019-01-11 19:01:25'),
(94, 305, 307, 'O', '', 'first', '2019-01-01 21:14:27', '2019-01-11 19:01:25'),
(95, 366, 307, 'O', '', 'first', '2019-01-01 21:14:27', '2019-01-11 19:01:25'),
(96, 278, 307, 'S', '', 'first', '2019-01-01 21:14:27', '2019-01-11 19:01:25'),
(97, 299, 307, 'O', '', 'first', '2019-01-01 21:14:27', '2019-01-11 19:01:25'),
(98, 325, 307, 'O', '', 'first', '2019-01-01 21:14:27', '2019-01-11 19:01:25'),
(99, 367, 307, 'O', '', 'first', '2019-01-01 21:14:27', '2019-01-11 19:01:25'),
(100, 122, 307, 'O', '', 'first', '2019-01-01 21:14:27', '2019-01-11 19:01:25'),
(101, 179, 307, 'O', '', 'first', '2019-01-01 21:14:27', '2019-01-11 19:01:25'),
(102, 120, 307, 'O', '', 'first', '2019-01-01 21:14:27', '2019-01-11 19:01:25'),
(103, 387, 307, 'S', '', 'first', '2019-01-01 21:14:27', '2019-01-11 19:01:25'),
(104, 213, 334, 'N', '', 'first', '2019-01-01 22:18:59', '2019-01-11 19:00:45'),
(518, 281, 324, 'S', 'Abdelrahman is a great student and is always engaged in class. He just needs to study a little bit more and take advantage of extra credit opportunities. Overall, a pleasure to have in class. ', 'first', '2019-01-12 02:33:12', '2019-01-12 02:33:12'),
(105, 140, 334, 'S', '', 'first', '2019-01-01 22:18:59', '2019-01-11 19:00:45'),
(106, 136, 334, 'O', '', 'first', '2019-01-01 22:18:59', '2019-01-11 19:00:45'),
(107, 115, 334, 'O', '', 'first', '2019-01-01 22:18:59', '2019-01-11 19:00:45'),
(108, 125, 334, 'S', '', 'first', '2019-01-01 22:18:59', '2019-01-11 19:00:45'),
(109, 113, 334, 'O', '', 'first', '2019-01-01 22:18:59', '2019-01-11 19:00:45'),
(110, 166, 334, 'O', '', 'first', '2019-01-01 22:18:59', '2019-01-11 19:00:45'),
(111, 135, 334, 'O', '', 'first', '2019-01-01 22:18:59', '2019-01-11 19:00:45'),
(112, 408, 334, 'O', '', 'first', '2019-01-01 22:18:59', '2019-01-11 19:00:45'),
(113, 305, 334, 'O', '', 'first', '2019-01-01 22:18:59', '2019-01-11 19:00:45'),
(114, 278, 334, 'S', '', 'first', '2019-01-01 22:18:59', '2019-01-11 19:00:45'),
(115, 366, 334, 'O', '', 'first', '2019-01-01 22:18:59', '2019-01-11 19:00:45'),
(514, 388, 355, 'O', '', 'first', '2019-01-11 21:34:29', '2019-01-11 21:34:29'),
(515, 284, 355, 'O', '', 'first', '2019-01-11 21:34:29', '2019-01-11 21:34:29'),
(516, 263, 355, 'O', '', 'first', '2019-01-11 21:34:29', '2019-01-11 21:34:29'),
(517, 313, 355, 'O', '', 'first', '2019-01-11 21:34:29', '2019-01-11 21:34:29'),
(116, 299, 334, 'O', '', 'first', '2019-01-01 22:18:59', '2019-01-11 19:00:45'),
(510, 417, 355, 'O', '', 'first', '2019-01-11 21:34:29', '2019-01-11 21:34:29'),
(511, 283, 355, 'O', '', 'first', '2019-01-11 21:34:29', '2019-01-11 21:34:29'),
(512, 423, 355, 'O', '', 'first', '2019-01-11 21:34:29', '2019-01-11 21:34:29'),
(513, 377, 355, 'O', '', 'first', '2019-01-11 21:34:29', '2019-01-11 21:34:29'),
(117, 325, 334, 'O', '', 'first', '2019-01-01 22:18:59', '2019-01-11 19:00:45'),
(506, 189, 355, 'O', '', 'first', '2019-01-11 21:34:29', '2019-01-11 21:34:29'),
(507, 287, 355, 'O', '', 'first', '2019-01-11 21:34:29', '2019-01-11 21:34:29'),
(508, 314, 355, 'O', '', 'first', '2019-01-11 21:34:29', '2019-01-11 21:34:29'),
(509, 315, 355, 'O', '', 'first', '2019-01-11 21:34:29', '2019-01-11 21:34:29'),
(118, 367, 334, 'O', '', 'first', '2019-01-01 22:18:59', '2019-01-11 19:00:45'),
(502, 363, 355, 'O', '', 'first', '2019-01-11 21:34:29', '2019-01-11 21:34:29'),
(503, 190, 355, 'O', '', 'first', '2019-01-11 21:34:29', '2019-01-11 21:34:29'),
(504, 286, 355, 'O', '', 'first', '2019-01-11 21:34:29', '2019-01-11 21:34:29'),
(505, 316, 355, 'O', '', 'first', '2019-01-11 21:34:29', '2019-01-11 21:34:29'),
(119, 122, 334, 'O', '', 'first', '2019-01-01 22:18:59', '2019-01-11 19:00:45'),
(497, 422, 355, 'S', '', 'first', '2019-01-11 21:34:29', '2019-01-11 21:34:29'),
(498, 382, 355, 'O', '', 'first', '2019-01-11 21:34:29', '2019-01-11 21:34:29'),
(499, 395, 355, 'O', '', 'first', '2019-01-11 21:34:29', '2019-01-11 21:34:29'),
(500, 285, 355, 'O', '', 'first', '2019-01-11 21:34:29', '2019-01-11 21:34:29'),
(501, 383, 355, 'O', '', 'first', '2019-01-11 21:34:29', '2019-01-11 21:34:29'),
(120, 179, 334, 'S', '', 'first', '2019-01-01 22:18:59', '2019-01-11 19:00:45'),
(494, 284, 315, 'S', '', 'first', '2019-01-11 21:15:00', '2019-01-11 21:31:25'),
(495, 263, 315, 'O', '', 'first', '2019-01-11 21:15:00', '2019-01-11 21:31:25'),
(496, 313, 315, 'O', '', 'first', '2019-01-11 21:15:00', '2019-01-11 21:31:25'),
(121, 120, 334, 'O', '', 'first', '2019-01-01 22:18:59', '2019-01-11 19:00:45'),
(487, 314, 315, 'O', '', 'first', '2019-01-11 21:15:00', '2019-01-11 21:31:25'),
(488, 315, 315, 'O', '', 'first', '2019-01-11 21:15:00', '2019-01-11 21:31:25'),
(489, 417, 315, 'N', '', 'first', '2019-01-11 21:15:00', '2019-01-11 21:31:25'),
(490, 283, 315, 'N', '', 'first', '2019-01-11 21:15:00', '2019-01-11 21:31:25'),
(491, 423, 315, 'S', '', 'first', '2019-01-11 21:15:00', '2019-01-11 21:31:25'),
(492, 377, 315, 'N', '', 'first', '2019-01-11 21:15:00', '2019-01-11 21:31:25'),
(493, 388, 315, 'O', '', 'first', '2019-01-11 21:15:00', '2019-01-11 21:31:25'),
(122, 387, 334, 'S', '', 'first', '2019-01-01 22:18:59', '2019-01-11 19:00:45'),
(482, 190, 315, 'S', '', 'first', '2019-01-11 21:15:00', '2019-01-11 21:31:25'),
(483, 286, 315, 'N', '', 'first', '2019-01-11 21:15:00', '2019-01-11 21:31:25'),
(484, 316, 315, 'N', '', 'first', '2019-01-11 21:15:00', '2019-01-11 21:31:25'),
(485, 189, 315, 'N', '', 'first', '2019-01-11 21:15:00', '2019-01-11 21:31:25'),
(486, 287, 315, 'O', '', 'first', '2019-01-11 21:15:00', '2019-01-11 21:31:25'),
(123, 382, 314, 'O', 'It\'s a pleasure to have you in class.  Even though you just started with us, you were able to adjust and catch up very fast! keep up the good work!', 'first', '2019-01-03 18:14:55', '2019-01-03 18:24:02'),
(124, 395, 314, 'O', 'Keep up the good work!', 'first', '2019-01-03 18:14:55', '2019-01-03 18:24:02'),
(125, 285, 314, 'S', 'Keep up the good work!', 'first', '2019-01-03 18:14:55', '2019-01-03 18:24:02'),
(126, 383, 314, 'S', 'Keep up the good work!', 'first', '2019-01-03 18:14:55', '2019-01-03 18:24:02'),
(127, 363, 314, 'S', 'Keep up the good work!', 'first', '2019-01-03 18:14:55', '2019-01-03 18:24:02'),
(128, 190, 314, 'O', 'Good work in class.', 'first', '2019-01-03 18:14:55', '2019-01-03 18:24:02'),
(129, 247, 314, 'O', 'It\'s a pleasure having you in class.', 'first', '2019-01-03 18:14:55', '2019-01-03 18:24:02'),
(130, 286, 314, 'N', 'Keep up the good work. Focus more in class and study at home and you will be able to learn and understand more!', 'first', '2019-01-03 18:14:55', '2019-01-03 18:24:02'),
(131, 316, 314, 'S', 'Keep up the good work!', 'first', '2019-01-03 18:14:55', '2019-01-03 18:24:02'),
(132, 189, 314, 'S', 'Keep up the good work.', 'first', '2019-01-03 18:14:55', '2019-01-03 18:24:02'),
(133, 287, 314, 'O', 'Keep up the good work!', 'first', '2019-01-03 18:14:55', '2019-01-03 18:24:02'),
(134, 314, 314, 'O', 'Keep up the good work!', 'first', '2019-01-03 18:14:55', '2019-01-03 18:24:02'),
(135, 315, 314, 'O', 'Keep up the good work!', 'first', '2019-01-03 18:14:55', '2019-01-03 18:24:02'),
(136, 417, 314, 'S', 'Keep up the good work.', 'first', '2019-01-03 18:14:55', '2019-01-03 18:24:02'),
(137, 283, 314, 'O', 'Keep up the good work!', 'first', '2019-01-03 18:14:55', '2019-01-03 18:24:02'),
(138, 377, 314, 'N', 'It\'s a pleasure having you in class. Try to focus more in class and study at home and you will be able to learn and understand more.', 'first', '2019-01-03 18:14:55', '2019-01-03 18:24:02'),
(139, 388, 314, 'N', 'Keep up the good work. Focus in class and study at home and you will improve by the end of the year!', 'first', '2019-01-03 18:14:55', '2019-01-03 18:24:02'),
(140, 284, 314, 'O', 'Keep up the good work!', 'first', '2019-01-03 18:14:55', '2019-01-03 18:24:02'),
(141, 263, 314, 'S', 'It\'s a pleasure to have you in class. You are curious and excited to learn which are key ingredients to help gain knowledge! Make sure to focus as much as you can in class and review the book at home.', 'first', '2019-01-03 18:14:55', '2019-01-03 18:24:02'),
(142, 313, 314, 'S', 'Keep up the good work!', 'first', '2019-01-03 18:14:55', '2019-01-03 18:24:02'),
(143, 213, 306, 'N', 'It\'s a pleasure to have you in class. Try to focus more in class and study at home to help you learn and understand more!', 'first', '2019-01-03 18:38:31', '2019-01-03 18:46:15'),
(144, 140, 306, 'O', 'Keep up the great work!', 'first', '2019-01-03 18:38:31', '2019-01-03 18:46:15'),
(145, 136, 306, 'O', 'Keep up the great work!', 'first', '2019-01-03 18:38:31', '2019-01-03 18:46:15'),
(146, 115, 306, 'O', 'Keep up the great work!', 'first', '2019-01-03 18:38:31', '2019-01-03 18:46:15'),
(147, 125, 306, 'O', 'Keep up the good work!', 'first', '2019-01-03 18:38:31', '2019-01-03 18:46:15'),
(148, 113, 306, 'O', 'Keep up the great work! ', 'first', '2019-01-03 18:38:31', '2019-01-03 18:46:15'),
(149, 166, 306, 'O', 'It\'s a pleasure having you in class. Keep up the good work!', 'first', '2019-01-03 18:38:31', '2019-01-03 18:46:15'),
(150, 135, 306, 'S', 'It\'s a pleasure having you in class. Try to participate more and ask any questions you have!', 'first', '2019-01-03 18:38:31', '2019-01-03 18:46:15'),
(151, 408, 306, 'S', 'Keep up the good work!', 'first', '2019-01-03 18:38:31', '2019-01-03 18:46:15'),
(152, 305, 306, 'S', 'It\'s a pleasure having you in class. Keep up the good work!', 'first', '2019-01-03 18:38:31', '2019-01-03 18:46:15'),
(153, 366, 306, 'O', 'Keep up the good work!', 'first', '2019-01-03 18:38:31', '2019-01-03 18:46:15'),
(154, 278, 306, 'O', 'Keep up the good work!', 'first', '2019-01-03 18:38:31', '2019-01-03 18:46:15'),
(155, 299, 306, 'O', 'Keep up the good work!', 'first', '2019-01-03 18:38:31', '2019-01-03 18:46:15'),
(156, 325, 306, 'N', 'It\'s a pleasure having you in class. Participate more in class and study at home and you will be able to learn and understand more!', 'first', '2019-01-03 18:38:31', '2019-01-03 18:46:15'),
(157, 367, 306, 'S', 'It\'s a pleasure having you in class. Keep up the good work.', 'first', '2019-01-03 18:38:31', '2019-01-03 18:46:15'),
(158, 122, 306, 'O', 'Keep up the great work!', 'first', '2019-01-03 18:38:31', '2019-01-03 18:46:15'),
(159, 179, 306, 'N', 'It\'s a please having you in class, you are excited and eager to learn. Make sure you focus more in class and study at home and you will be able to learn even more!', 'first', '2019-01-03 18:38:31', '2019-01-03 18:46:15'),
(160, 120, 306, 'O', 'Keep up the good work!', 'first', '2019-01-03 18:38:31', '2019-01-03 18:46:15'),
(161, 387, 306, 'O', 'Keep up the good work!', 'first', '2019-01-03 18:38:31', '2019-01-03 18:46:15'),
(162, 255, 319, 'N', '', 'first', '2019-01-03 19:18:33', '2019-01-11 18:34:58'),
(163, 256, 319, 'O', '', 'first', '2019-01-03 19:18:33', '2019-01-11 18:34:58'),
(164, 303, 319, 'O', '', 'first', '2019-01-03 19:18:33', '2019-01-11 18:34:58'),
(165, 318, 319, 'S', '', 'first', '2019-01-03 19:18:33', '2019-01-11 18:34:58'),
(166, 307, 319, 'S', '', 'first', '2019-01-03 19:18:33', '2019-01-11 18:34:58'),
(167, 159, 319, 'N', 'I am very pleased to have Jad in my class this year. I would love to see him put more effort into memorizing his assigned surahs', 'first', '2019-01-03 19:18:33', '2019-01-11 18:34:58'),
(168, 121, 319, 'N', 'Lilium is a sweet girl and is very caring to her classmates. I would like to see her put more effort into memorization.', 'first', '2019-01-03 19:18:33', '2019-01-11 18:34:58'),
(169, 157, 319, 'S', 'Mohammad is a very polite and sweet young man and I believe he has a bright future ,however I would like to see him memorizing weekly.', 'first', '2019-01-03 19:18:33', '2019-01-11 18:34:58'),
(170, 275, 319, 'S', '', 'first', '2019-01-03 19:18:33', '2019-01-11 18:34:58'),
(171, 402, 319, 'S', '', 'first', '2019-01-03 19:18:33', '2019-01-11 18:34:58'),
(172, 257, 319, 'O', '', 'first', '2019-01-03 19:18:33', '2019-01-11 18:34:58'),
(173, 420, 319, 'N', '', 'first', '2019-01-03 19:18:33', '2019-01-11 18:34:58'),
(174, 376, 319, 'N', '', 'first', '2019-01-03 19:18:33', '2019-01-11 18:34:58'),
(175, 274, 319, 'N', '', 'first', '2019-01-03 19:18:33', '2019-01-11 18:34:58'),
(176, 213, 362, 'N', '', 'first', '2019-01-05 03:46:25', '2019-01-11 19:02:16'),
(177, 140, 362, 'S', '', 'first', '2019-01-05 03:46:25', '2019-01-11 19:02:16'),
(178, 136, 362, 'O', '', 'first', '2019-01-05 03:46:25', '2019-01-11 19:02:16'),
(179, 115, 362, 'O', '', 'first', '2019-01-05 03:46:25', '2019-01-11 19:02:16'),
(180, 125, 362, 'S', '', 'first', '2019-01-05 03:46:25', '2019-01-11 19:02:16'),
(181, 113, 362, 'O', '', 'first', '2019-01-05 03:46:25', '2019-01-11 19:02:16'),
(182, 166, 362, 'O', '', 'first', '2019-01-05 03:46:25', '2019-01-11 19:02:16'),
(183, 135, 362, 'O', '', 'first', '2019-01-05 03:46:25', '2019-01-11 19:02:16'),
(184, 408, 362, 'O', '', 'first', '2019-01-05 03:46:25', '2019-01-11 19:02:16'),
(185, 305, 362, 'O', '', 'first', '2019-01-05 03:46:25', '2019-01-11 19:02:16'),
(186, 366, 362, 'O', '', 'first', '2019-01-05 03:46:25', '2019-01-11 19:02:16'),
(187, 278, 362, 'S', '', 'first', '2019-01-05 03:46:25', '2019-01-11 19:02:16'),
(188, 299, 362, 'O', '', 'first', '2019-01-05 03:46:25', '2019-01-11 19:02:16'),
(189, 325, 362, 'O', '', 'first', '2019-01-05 03:46:25', '2019-01-11 19:02:16'),
(190, 367, 362, 'O', '', 'first', '2019-01-05 03:46:25', '2019-01-11 19:02:16'),
(191, 122, 362, 'S', '', 'first', '2019-01-05 03:46:25', '2019-01-11 19:02:16'),
(192, 179, 362, 'S', '', 'first', '2019-01-05 03:46:25', '2019-01-11 19:02:16'),
(193, 120, 362, 'O', '', 'first', '2019-01-05 03:46:25', '2019-01-11 19:02:16'),
(194, 387, 362, 'S', '', 'first', '2019-01-05 03:46:25', '2019-01-11 19:02:16'),
(195, 213, 363, 'N', '', 'first', '2019-01-05 03:47:15', '2019-01-11 19:03:17'),
(196, 140, 363, 'S', '', 'first', '2019-01-05 03:47:15', '2019-01-11 19:03:17'),
(197, 136, 363, 'O', '', 'first', '2019-01-05 03:47:15', '2019-01-11 19:03:17'),
(198, 115, 363, 'O', '', 'first', '2019-01-05 03:47:15', '2019-01-11 19:03:17'),
(199, 125, 363, 'S', '', 'first', '2019-01-05 03:47:15', '2019-01-11 19:03:17'),
(200, 113, 363, 'O', '', 'first', '2019-01-05 03:47:15', '2019-01-11 19:03:17'),
(201, 166, 363, 'O', '', 'first', '2019-01-05 03:47:15', '2019-01-11 19:03:17'),
(202, 135, 363, 'O', '', 'first', '2019-01-05 03:47:15', '2019-01-11 19:03:17'),
(203, 408, 363, 'O', '', 'first', '2019-01-05 03:47:15', '2019-01-11 19:03:17'),
(204, 305, 363, 'O', '', 'first', '2019-01-05 03:47:15', '2019-01-11 19:03:17'),
(205, 278, 363, 'S', '', 'first', '2019-01-05 03:47:15', '2019-01-11 19:03:17'),
(206, 366, 363, 'O', '', 'first', '2019-01-05 03:47:15', '2019-01-11 19:03:17'),
(207, 299, 363, 'O', '', 'first', '2019-01-05 03:47:15', '2019-01-11 19:03:17'),
(208, 325, 363, 'O', '', 'first', '2019-01-05 03:47:15', '2019-01-11 19:03:17'),
(209, 367, 363, 'O', '', 'first', '2019-01-05 03:47:15', '2019-01-11 19:03:17'),
(210, 122, 363, 'S', '', 'first', '2019-01-05 03:47:15', '2019-01-11 19:03:17'),
(211, 179, 363, 'O', '', 'first', '2019-01-05 03:47:15', '2019-01-11 19:03:17'),
(212, 120, 363, 'O', '', 'first', '2019-01-05 03:47:15', '2019-01-11 19:03:17'),
(213, 387, 363, 'S', '', 'first', '2019-01-05 03:47:15', '2019-01-11 19:03:17'),
(214, 213, 364, 'N', '', 'first', '2019-01-05 03:48:27', '2019-01-11 19:04:24'),
(215, 140, 364, 'S', '', 'first', '2019-01-05 03:48:27', '2019-01-11 19:04:24'),
(216, 136, 364, 'O', '', 'first', '2019-01-05 03:48:27', '2019-01-11 19:04:24'),
(217, 115, 364, 'O', '', 'first', '2019-01-05 03:48:27', '2019-01-11 19:04:24'),
(218, 125, 364, 'S', '', 'first', '2019-01-05 03:48:27', '2019-01-11 19:04:24'),
(219, 113, 364, 'O', '', 'first', '2019-01-05 03:48:27', '2019-01-11 19:04:24'),
(220, 166, 364, 'O', '', 'first', '2019-01-05 03:48:27', '2019-01-11 19:04:24'),
(221, 135, 364, 'O', '', 'first', '2019-01-05 03:48:27', '2019-01-11 19:04:24'),
(222, 408, 364, 'O', '', 'first', '2019-01-05 03:48:27', '2019-01-11 19:04:24'),
(223, 305, 364, 'O', '', 'first', '2019-01-05 03:48:27', '2019-01-11 19:04:24'),
(224, 278, 364, 'S', '', 'first', '2019-01-05 03:48:27', '2019-01-11 19:04:24'),
(225, 366, 364, 'O', '', 'first', '2019-01-05 03:48:27', '2019-01-11 19:04:24'),
(226, 299, 364, 'O', '', 'first', '2019-01-05 03:48:27', '2019-01-11 19:04:24'),
(227, 325, 364, 'O', '', 'first', '2019-01-05 03:48:27', '2019-01-11 19:04:24'),
(228, 367, 364, 'O', '', 'first', '2019-01-05 03:48:27', '2019-01-11 19:04:24'),
(229, 122, 364, 'S', '', 'first', '2019-01-05 03:48:27', '2019-01-11 19:04:24'),
(230, 179, 364, 'O', '', 'first', '2019-01-05 03:48:27', '2019-01-11 19:04:24'),
(231, 120, 364, 'O', '', 'first', '2019-01-05 03:48:27', '2019-01-11 19:04:24'),
(232, 387, 364, 'S', '', 'first', '2019-01-05 03:48:27', '2019-01-11 19:04:24'),
(233, 255, 337, 'S', '', 'first', '2019-01-05 04:07:26', '2019-01-05 04:26:55'),
(234, 256, 337, 'O', '', 'first', '2019-01-05 04:07:26', '2019-01-05 04:26:55'),
(235, 303, 337, 'S', '', 'first', '2019-01-05 04:07:26', '2019-01-05 04:26:55'),
(236, 318, 337, 'S', '', 'first', '2019-01-05 04:07:26', '2019-01-05 04:26:55'),
(237, 307, 337, 'S', '', 'first', '2019-01-05 04:07:26', '2019-01-05 04:26:55'),
(238, 159, 337, 'O', '', 'first', '2019-01-05 04:07:26', '2019-01-05 04:26:55'),
(239, 121, 337, 'S', '', 'first', '2019-01-05 04:07:26', '2019-01-05 04:26:55'),
(240, 157, 337, 'S', '', 'first', '2019-01-05 04:07:26', '2019-01-05 04:26:55'),
(241, 275, 337, 'N', '', 'first', '2019-01-05 04:07:26', '2019-01-05 04:26:55'),
(242, 402, 337, 'S', '', 'first', '2019-01-05 04:07:26', '2019-01-05 04:26:55'),
(243, 257, 337, 'O', '', 'first', '2019-01-05 04:07:26', '2019-01-05 04:26:55'),
(244, 420, 337, 'S', '', 'first', '2019-01-05 04:07:26', '2019-01-05 04:26:55'),
(245, 376, 337, 'N', '', 'first', '2019-01-05 04:07:26', '2019-01-05 04:26:55'),
(246, 274, 337, 'S', '', 'first', '2019-01-05 04:07:26', '2019-01-05 04:26:55'),
(247, 255, 356, 'S', '', 'first', '2019-01-05 04:11:21', '2019-01-05 04:34:33'),
(248, 256, 356, 'O', '', 'first', '2019-01-05 04:11:21', '2019-01-05 04:34:33'),
(249, 303, 356, 'S', '', 'first', '2019-01-05 04:11:21', '2019-01-05 04:34:33'),
(250, 318, 356, 'S', '', 'first', '2019-01-05 04:11:21', '2019-01-05 04:34:33'),
(251, 307, 356, 'S', '', 'first', '2019-01-05 04:11:21', '2019-01-05 04:34:33'),
(252, 159, 356, 'O', '', 'first', '2019-01-05 04:11:21', '2019-01-05 04:34:33'),
(253, 121, 356, 'O', '', 'first', '2019-01-05 04:11:21', '2019-01-05 04:34:33'),
(254, 157, 356, 'S', '', 'first', '2019-01-05 04:11:21', '2019-01-05 04:34:33'),
(255, 275, 356, 'N', '', 'first', '2019-01-05 04:11:21', '2019-01-05 04:34:33'),
(256, 402, 356, 'S', '', 'first', '2019-01-05 04:11:21', '2019-01-05 04:34:33'),
(257, 257, 356, 'O', '', 'first', '2019-01-05 04:11:21', '2019-01-05 04:34:33'),
(258, 420, 356, 'S', '', 'first', '2019-01-05 04:11:21', '2019-01-05 04:34:33'),
(259, 376, 356, 'S', '', 'first', '2019-01-05 04:11:21', '2019-01-05 04:34:33'),
(260, 274, 356, 'S', '', 'first', '2019-01-05 04:11:21', '2019-01-05 04:34:33'),
(261, 255, 357, 'O', 'It is a pleasure to have Amani in my class for another year. She is respectful, responsible and kind to teachers and peers. Amani\'s listening and speaking skills are on grade level. To further develop Amani\'s writing and reading skills, please make sure she practices her spelling words on a weekly basis and read her Bidaya book assigned lessons everyday. ', 'first', '2019-01-05 04:17:57', '2019-01-05 06:30:05'),
(262, 256, 357, 'O', 'Diane is a pleasure to have in class. She participates with interest in classroom discussions and activities. Her reading and writing skills continue to develop. Please continue to support Diane at home with her homework and reading assignments.', 'first', '2019-01-05 04:17:57', '2019-01-05 06:30:05'),
(263, 303, 357, 'O', 'It is a pleasure to have Hala in my class for another year. She is respectful, responsible and kind to teachers and peers. Hala\'s listening and speaking skills are on grade level. To further develop Hala\'s writing and reading skills, please make sure she practices her spelling words on a weekly basis and read her Bidaya book assigned lessons everyday. ', 'first', '2019-01-05 04:17:57', '2019-01-05 06:30:05'),
(264, 318, 357, 'O', 'It is a pleasure to have Hamza in my class for another year. Hamza\'s listening and speaking skills are on grade level. To further develop his writing and reading skills, please make sure he practices his weekly assigned spelling words  and read his Bidaya book assigned lessons everyday. ', 'first', '2019-01-05 04:17:57', '2019-01-05 06:30:05'),
(265, 307, 357, 'O', 'Hend is a pleasure to have in class. She is responsible, respectful, and kind to all peers. Her reading and writing skills continue to develop. Please continue to support Hend at home with her homework and reading assignments.', 'first', '2019-01-05 04:17:57', '2019-01-05 06:30:05'),
(266, 159, 357, 'O', 'Jad in  pleasure to have in class. He is a responsible and a respectful young man. He is definitely showing growth in his Arabic reading and writing skills. I am really proud of all the progress he is been making. ', 'first', '2019-01-05 04:17:57', '2019-01-05 06:30:05'),
(267, 121, 357, 'O', 'Lilium is a pleasure to have in class. She participates with interest in classroom discussions and activities. Her reading and writing skills continues to develop. Please continue to support Lilium at home with her homework and reading assignments.', 'first', '2019-01-05 04:17:57', '2019-01-05 06:30:05'),
(268, 157, 357, 'O', 'It is a pleasure to have Mohamad in my class for another year. He is respectful, responsible, and kind to all peers. Mohamad\'s listening and speaking skills are on grade level. To further develop his writing and reading skills, please make sure he practices his weekly assigned spelling words  and read his Bidaya book assigned lessons everyday. ', 'first', '2019-01-05 04:17:57', '2019-01-05 06:30:05'),
(269, 275, 357, 'O', 'It is a pleasure to have Omar in my class. Omar\'s listening and speaking skills are on grade level. However, his reading and writing are both areas of concern . Memorizing the Arabic alphabet is crucial for Omar to show growth in those areas. Please make sure Omar practices his weekly assigned spelling words and complete his reading assignments from Bidaya book.  ', 'first', '2019-01-05 04:17:57', '2019-01-05 06:30:05'),
(270, 402, 357, 'O', 'It is a pleasure to have Qays in my class for another year. Qays\'s listening and speaking skills are on grade level. To further develop his writing and reading skills, please make sure he practices his weekly assigned spelling words  and read his Bidaya book assigned lessons everyday. ', 'first', '2019-01-05 04:17:57', '2019-01-05 06:30:05'),
(271, 257, 357, 'O', 'Diane is a bright student Masha\'Allah. She is respectful, responsible and kind to teachers and peers. Reina\'s is showing great progress in reading and writing Arabic. please continue to work with Reina at home to further develop her reading fluency by making sure she reads her assigned lessons from Bidaya book on a daily basis.', 'first', '2019-01-05 04:17:57', '2019-01-05 06:30:05'),
(272, 420, 357, 'O', 'I am really proud of the growth Salim has shown so far this year. Acdemically, he\'s come a long way in this short time. Additionally he is more focused and responsible towards his work and actions. Please make sure he practices his weekly assigned spelling words and complete his reading assignments in Bidaya book to build his reading fluency. ', 'first', '2019-01-05 04:17:57', '2019-01-05 06:30:05'),
(273, 376, 357, 'O', 'It is a pleasure to have Sarah in my class. Sarah\'s listening and speaking skills are on grade level. To further develop her writing and reading skills, please make sure she practices her weekly assigned spelling words  and read her Bidaya book assigned lessons everyday. ', 'first', '2019-01-05 04:17:57', '2019-01-05 06:30:05'),
(274, 274, 357, 'O', 'It is a pleasure to have Sarah in my class. Sarah\'s listening and speaking skills are on grade level. To further develop her writing and reading skills, please make sure she practices her weekly assigned spelling words  and read her Bidaya book assigned lessons everyday. ', 'first', '2019-01-05 04:17:57', '2019-01-05 06:30:05'),
(275, 255, 358, 'S', '', 'first', '2019-01-05 04:19:05', '2019-01-05 04:19:05'),
(276, 256, 358, 'S', '', 'first', '2019-01-05 04:19:05', '2019-01-05 04:19:05'),
(277, 303, 358, 'S', '', 'first', '2019-01-05 04:19:05', '2019-01-05 04:19:05'),
(278, 318, 358, 'S', '', 'first', '2019-01-05 04:19:05', '2019-01-05 04:19:05'),
(279, 307, 358, 'S', '', 'first', '2019-01-05 04:19:05', '2019-01-05 04:19:05'),
(280, 159, 358, 'S', '', 'first', '2019-01-05 04:19:05', '2019-01-05 04:19:05'),
(281, 121, 358, 'S', '', 'first', '2019-01-05 04:19:05', '2019-01-05 04:19:05'),
(282, 157, 358, 'S', '', 'first', '2019-01-05 04:19:05', '2019-01-05 04:19:05'),
(283, 275, 358, 'S', '', 'first', '2019-01-05 04:19:05', '2019-01-05 04:19:05'),
(284, 402, 358, 'S', '', 'first', '2019-01-05 04:19:05', '2019-01-05 04:19:05'),
(285, 257, 358, 'S', '', 'first', '2019-01-05 04:19:05', '2019-01-05 04:19:05'),
(286, 420, 358, 'S', '', 'first', '2019-01-05 04:19:05', '2019-01-05 04:19:05'),
(287, 376, 358, 'S', '', 'first', '2019-01-05 04:19:05', '2019-01-05 04:19:05'),
(288, 274, 358, 'S', '', 'first', '2019-01-05 04:19:05', '2019-01-05 04:19:05'),
(289, 261, 327, 'N', 'He is friendly and has good personality.', 'first', '2019-01-05 06:19:31', '2019-01-11 23:25:15'),
(290, 244, 327, 'S', 'He is pleasant, friendly and gets along we with other children.', 'first', '2019-01-05 06:19:31', '2019-01-11 23:25:15'),
(291, 369, 327, 'N', 'He is pleasant,makes friends quickly and is well liked by classmates.', 'first', '2019-01-05 06:19:31', '2019-01-11 23:25:15'),
(292, 302, 327, 'O', 'She is friendly and cooperative, she enjoys listening to stories and she is a good helper in class. ', 'first', '2019-01-05 06:19:31', '2019-01-11 23:25:15'),
(293, 144, 327, 'S', 'He is friendly and cooperative, makes friends quickly and is well liked by classmates.', 'first', '2019-01-05 06:19:31', '2019-01-11 23:25:15'),
(294, 410, 327, 'O', 'She has a good personality, she helps others and well liked by her classmates.', 'first', '2019-01-05 06:19:31', '2019-01-11 23:25:15'),
(295, 112, 327, 'N', 'He is quite, polite and well mannered and gets along well with other children.', 'first', '2019-01-05 06:19:31', '2019-01-11 23:25:15'),
(296, 270, 327, 'O', 'He has a good personality, likes to help others and well liked by his classmates.', 'first', '2019-01-05 06:19:31', '2019-01-11 23:25:15'),
(297, 272, 327, 'O', 'She is very quite and shy, she is friendly and cooperative, well liked by her classmates', 'first', '2019-01-05 06:19:31', '2019-01-11 23:25:15'),
(298, 295, 327, 'S', 'She is friendly, has a good personality and she well liked by her classmates. ', 'first', '2019-01-05 06:19:31', '2019-01-11 23:25:15'),
(299, 396, 327, 'S', 'She is friendly and has nice personality, she is well liked by her classmates.', 'first', '2019-01-05 06:19:31', '2019-01-11 23:25:15'),
(300, 271, 327, 'O', 'He is quite, polite and well mannered, he is friendly and cooperative, pays a good attention to teacher.', 'first', '2019-01-05 06:19:31', '2019-01-11 23:25:15'),
(301, 232, 327, 'S', 'She has good personality, makes friends quickly and well liked by her friends.', 'first', '2019-01-05 06:19:31', '2019-01-11 23:25:15'),
(302, 246, 327, 'O', 'She has a pleasant personality, makes friends quickly, speaks with confidence.', 'first', '2019-01-05 06:19:31', '2019-01-11 23:25:15'),
(303, 297, 327, 'S', 'She has good personality, makes friends quickly and well liked by her friends and she is a good helper in class.', 'first', '2019-01-05 06:19:31', '2019-01-11 23:25:15'),
(304, 231, 327, 'N', 'She is very quite and polite, she pays good attention to teacher.', 'first', '2019-01-05 06:19:31', '2019-01-11 23:25:15'),
(305, 321, 327, 'N', 'She is very quite and shy, ', 'first', '2019-01-05 06:19:31', '2019-01-11 23:25:15'),
(306, 131, 327, 'O', '', 'first', '2019-01-05 06:19:31', '2019-01-11 23:25:15'),
(307, 153, 327, 'N', 'She has good personality, friendly and well liked by her friends.', 'first', '2019-01-05 06:19:31', '2019-01-11 23:25:15'),
(308, 264, 327, 'S', 'She has good personality, makes friends quickly, she is well liked from her classmates', 'first', '2019-01-05 06:19:31', '2019-01-11 23:25:15'),
(309, 381, 328, 'O', '', 'first', '2019-01-05 06:31:11', '2019-01-05 06:31:11'),
(310, 308, 328, 'O', '', 'first', '2019-01-05 06:31:11', '2019-01-05 06:31:11'),
(311, 353, 328, 'S', '', 'first', '2019-01-05 06:31:11', '2019-01-05 06:31:11'),
(312, 221, 371, 'N', '', 'first', '2019-01-05 06:32:01', '2019-01-05 06:32:01'),
(313, 381, 371, 'O', '', 'first', '2019-01-05 06:32:01', '2019-01-05 06:32:01'),
(314, 170, 371, 'S', '', 'first', '2019-01-05 06:32:01', '2019-01-05 06:32:01'),
(315, 308, 371, 'O', '', 'first', '2019-01-05 06:32:01', '2019-01-05 06:32:01'),
(316, 353, 371, 'S', '', 'first', '2019-01-05 06:32:01', '2019-01-05 06:32:01'),
(317, 169, 371, 'N', '', 'first', '2019-01-05 06:32:01', '2019-01-05 06:32:01'),
(318, 86, 371, 'O', '', 'first', '2019-01-05 06:32:01', '2019-01-05 06:32:01'),
(319, 104, 371, 'S', '', 'first', '2019-01-05 06:32:01', '2019-01-05 06:32:01'),
(320, 221, 372, 'S', 'It is a pleasure to have Abdulhady in my class this year. He has strong listening and speaking skills. However, his Arabic reading and writing areas of concern. Please make sure Abdulhady practices his weekly assigned spelling lists, and complete his homework assignments. ', 'first', '2019-01-05 06:34:23', '2019-01-05 07:22:58'),
(321, 381, 372, 'O', 'Bader is a bright student masha\'Allah. He participated with interest in classroom discussions. His reading and writing skills are appropriate for grade level. Please continue to support Bader at home; practicing his weekly spelling lists is essential to further develop his writing skills.', 'first', '2019-01-05 06:34:23', '2019-01-05 07:22:58'),
(322, 170, 372, 'O', 'Farah is a bright student masha\'Allah. Farah\'s listening and speaking skills are appropriate for grade level. In order to further develop her reading and writing skills, have Farah read short Arabic stories to build her vocabulary repertoire and reading fluency. ', 'first', '2019-01-05 06:34:23', '2019-01-05 07:22:58'),
(323, 308, 372, 'O', 'Hamza is a bright student masha\'Allah. He is a pleasure to have in class. Hamza participates with interest in classroom discussions. His reading and writing skills are appropriate for grade level. Please continue to support Hamza at home; practicing his weekly spelling lists is essential to further develop his writing skills.', 'first', '2019-01-05 06:34:23', '2019-01-05 07:22:58'),
(324, 353, 372, 'O', 'Hannah is a bright student masha\'Allah. Hannah\'s listening and speaking skills are appropriate for grade level. In order to further develop her reading and writing skills, have Hannah read short Arabic stories to build her vocabulary repertoire and reading fluency. ', 'first', '2019-01-05 06:34:23', '2019-01-05 07:22:58'),
(325, 169, 372, 'S', 'It is a pleasure to have Katie in my class this year. Shee has strong listening and speaking skills. However, her Arabic reading and writing areas of concern. Please make sure Katie practices her weekly assigned spelling lists, and complete her homework assignments. ', 'first', '2019-01-05 06:34:23', '2019-01-05 07:22:58'),
(326, 86, 372, 'O', 'Malak is a bright student. She is responsible and respectful towards teachers and peers. She participates with interest in our classroom discussions. Please continue to support Malak at home by making sure she completes her homework and practices her weekly spelling lists.', 'first', '2019-01-05 06:34:23', '2019-01-05 07:22:58'),
(327, 104, 372, 'O', 'Malak is a bright student. She is responsible and respectful towards teachers and peers. She participates with interest in our classroom discussions. Please continue to support Malak at home by making sure she completes her homework and practices her weekly spelling lists.', 'first', '2019-01-05 06:34:23', '2019-01-05 07:22:58'),
(328, 221, 373, 'O', '', 'first', '2019-01-05 06:34:40', '2019-01-05 06:34:40'),
(329, 381, 373, 'O', '', 'first', '2019-01-05 06:34:40', '2019-01-05 06:34:40'),
(330, 170, 373, 'O', '', 'first', '2019-01-05 06:34:40', '2019-01-05 06:34:40'),
(331, 308, 373, 'O', '', 'first', '2019-01-05 06:34:40', '2019-01-05 06:34:40'),
(332, 353, 373, 'O', '', 'first', '2019-01-05 06:34:40', '2019-01-05 06:34:40'),
(333, 169, 373, 'O', '', 'first', '2019-01-05 06:34:40', '2019-01-05 06:34:40'),
(334, 86, 373, 'O', '', 'first', '2019-01-05 06:34:40', '2019-01-05 06:34:40'),
(335, 104, 373, 'O', '', 'first', '2019-01-05 06:34:40', '2019-01-05 06:34:40'),
(336, 164, 326, 'S', '', 'first', '2019-01-05 17:09:10', '2019-01-05 17:10:08'),
(337, 171, 326, 'O', '', 'first', '2019-01-05 17:09:10', '2019-01-05 17:10:08'),
(338, 411, 326, 'S', '', 'first', '2019-01-05 17:09:10', '2019-01-05 17:10:08'),
(339, 220, 326, 'S', '', 'first', '2019-01-05 17:09:10', '2019-01-05 17:10:08'),
(340, 180, 326, 'S', '', 'first', '2019-01-05 17:09:10', '2019-01-05 17:10:08'),
(341, 409, 326, 'S', '', 'first', '2019-01-05 17:09:10', '2019-01-05 17:10:08'),
(342, 400, 326, 'S', '', 'first', '2019-01-05 17:09:10', '2019-01-05 17:10:08'),
(343, 368, 326, 'S', '', 'first', '2019-01-05 17:09:10', '2019-01-05 17:10:08'),
(344, 141, 326, 'S', '', 'first', '2019-01-05 17:09:10', '2019-01-05 17:10:08'),
(345, 154, 326, 'N', '', 'first', '2019-01-05 17:09:10', '2019-01-05 17:10:08'),
(346, 208, 326, 'S', '', 'first', '2019-01-05 17:09:10', '2019-01-05 17:10:08'),
(347, 225, 326, 'N', '', 'first', '2019-01-05 17:09:10', '2019-01-05 17:10:08'),
(348, 207, 326, 'N', '', 'first', '2019-01-05 17:09:10', '2019-01-05 17:10:08'),
(349, 216, 326, 'N', '', 'first', '2019-01-05 17:09:10', '2019-01-05 17:10:08'),
(350, 362, 326, 'S', '', 'first', '2019-01-05 17:09:10', '2019-01-05 17:10:08'),
(351, 245, 326, 'S', '', 'first', '2019-01-05 17:09:10', '2019-01-05 17:10:08'),
(352, 109, 326, 'O', '', 'first', '2019-01-05 17:09:10', '2019-01-05 17:10:08'),
(353, 178, 326, 'S', '', 'first', '2019-01-05 17:09:10', '2019-01-05 17:10:08'),
(354, 123, 326, 'S', '', 'first', '2019-01-05 17:09:10', '2019-01-05 17:10:08'),
(355, 226, 326, 'S', '', 'first', '2019-01-05 17:09:10', '2019-01-05 17:10:08'),
(356, 134, 326, 'N', '', 'first', '2019-01-05 17:09:10', '2019-01-05 17:10:08'),
(357, 320, 282, 'S', '', 'first', '2019-01-05 18:44:36', '2019-01-12 09:19:20'),
(358, 288, 282, 'N', '', 'first', '2019-01-05 18:44:36', '2019-01-12 09:19:20'),
(359, 127, 282, 'S', '', 'first', '2019-01-05 18:44:36', '2019-01-12 09:19:20'),
(360, 304, 282, 'O', '', 'first', '2019-01-05 18:44:36', '2019-01-12 09:19:20'),
(361, 253, 282, 'N', '', 'first', '2019-01-05 18:44:36', '2019-01-12 09:19:20'),
(362, 137, 282, 'O', '', 'first', '2019-01-05 18:44:36', '2019-01-12 09:19:20'),
(363, 317, 282, 'S', '', 'first', '2019-01-05 18:44:36', '2019-01-12 09:19:20'),
(364, 243, 282, 'N', '', 'first', '2019-01-05 18:44:36', '2019-01-12 09:19:20'),
(365, 289, 282, 'S', '', 'first', '2019-01-05 18:44:36', '2019-01-12 09:19:20'),
(366, 293, 282, 'S', '', 'first', '2019-01-05 18:44:36', '2019-01-12 09:19:20'),
(367, 114, 282, 'O', '', 'first', '2019-01-05 18:44:36', '2019-01-12 09:19:20'),
(368, 290, 282, 'O', '', 'first', '2019-01-05 18:44:36', '2019-01-12 09:19:20'),
(369, 132, 282, 'O', '', 'first', '2019-01-05 18:44:36', '2019-01-12 09:19:20'),
(370, 168, 282, 'N', '', 'first', '2019-01-05 18:44:36', '2019-01-12 09:19:20'),
(371, 378, 282, 'O', '', 'first', '2019-01-05 18:44:36', '2019-01-12 09:19:20'),
(372, 294, 282, 'N', '', 'first', '2019-01-05 18:44:36', '2019-01-12 09:19:20'),
(373, 148, 282, 'O', '', 'first', '2019-01-05 18:44:36', '2019-01-12 09:19:20'),
(374, 292, 282, 'O', '', 'first', '2019-01-05 18:44:36', '2019-01-12 09:19:20'),
(375, 108, 282, 'N', '', 'first', '2019-01-05 18:44:36', '2019-01-12 09:19:20'),
(376, 94, 335, 'S', '', 'first', '2019-01-05 20:52:54', '2019-01-11 17:57:04'),
(377, 301, 335, 'O', '', 'first', '2019-01-05 20:52:54', '2019-01-11 17:57:04'),
(378, 360, 335, 'O', '', 'first', '2019-01-05 20:52:54', '2019-01-11 17:57:04'),
(379, 418, 335, 'O', '', 'first', '2019-01-05 20:52:54', '2019-01-11 17:57:04'),
(380, 101, 335, 'S', '', 'first', '2019-01-05 20:52:54', '2019-01-11 17:57:04'),
(381, 95, 335, 'S', '', 'first', '2019-01-05 20:52:54', '2019-01-11 17:57:04'),
(382, 103, 335, 'S', '', 'first', '2019-01-05 20:52:54', '2019-01-11 17:57:04'),
(383, 412, 335, 'O', '', 'first', '2019-01-05 20:52:54', '2019-01-11 17:57:04'),
(384, 386, 335, 'S', '', 'first', '2019-01-05 20:52:54', '2019-01-11 17:57:04'),
(385, 250, 335, 'S', '', 'first', '2019-01-05 20:52:54', '2019-01-11 17:57:04'),
(386, 138, 335, 'S', '', 'first', '2019-01-05 20:52:54', '2019-01-11 17:57:04'),
(387, 230, 335, 'N', '', 'first', '2019-01-05 20:52:54', '2019-01-11 17:57:04'),
(388, 385, 335, 'S', '', 'first', '2019-01-05 20:52:54', '2019-01-11 17:57:04'),
(389, 105, 335, 'S', '', 'first', '2019-01-05 20:52:54', '2019-01-11 17:57:04'),
(390, 280, 335, 'S', '', 'first', '2019-01-05 20:52:54', '2019-01-11 17:57:04'),
(391, 354, 335, 'S', '', 'first', '2019-01-05 20:52:54', '2019-01-11 17:57:04'),
(392, 277, 335, 'S', '', 'first', '2019-01-05 20:52:54', '2019-01-11 17:57:04'),
(393, 258, 335, 'O', '', 'first', '2019-01-05 20:52:54', '2019-01-11 17:57:04'),
(394, 424, 335, 'O', '', 'first', '2019-01-05 20:52:54', '2019-01-11 17:57:04'),
(395, 319, 335, 'S', '', 'first', '2019-01-05 20:52:54', '2019-01-11 17:57:04'),
(396, 94, 368, 'S', 'Abdallah is very polite. I hope that he gets more help in Arabic in order to be more successful in class and participate.\r\nI am glad to have him in my class.\r\n', 'first', '2019-01-05 20:54:11', '2019-01-11 18:01:09'),
(397, 301, 368, 'O', 'Alya is a very sweet and smart young  girl. It’s very evident all the hard work that you put towards her. I am glad to have her in my class', 'first', '2019-01-05 20:54:11', '2019-01-11 18:01:09'),
(398, 360, 368, 'O', 'Aseel is a very sweet and smart girl. And very active. She puts a lot of effort and challenges herself. I am very glad to have her in my class.', 'first', '2019-01-05 20:54:11', '2019-01-11 18:01:09'),
(399, 418, 368, 'O', 'Dana is a very sweet and smart girl. It’s very evident all the hard work that you put towards her. I am glad to have her in my class', 'first', '2019-01-05 20:54:11', '2019-01-11 18:01:09'),
(400, 101, 368, 'S', 'Everilda continues to try the best she can and is smart. I am very proud of her hard work and how she challenges herself. I am glad to have her in my class.', 'first', '2019-01-05 20:54:11', '2019-01-11 18:01:09'),
(401, 95, 368, 'S', 'Fatimah is very polite, and a good listener. I hope that she gets more help in Arabic in order to be more successful in class and participate.', 'first', '2019-01-05 20:54:11', '2019-01-11 18:01:09'),
(402, 103, 368, 'O', 'Hajar is a very smart young girl. She is sweet and polite, and continues to challenge herself by working extremely hard. I am glad to have her in my class. ', 'first', '2019-01-05 20:54:11', '2019-01-11 18:01:09'),
(403, 412, 368, 'O', 'Jad is bright, smart, and hard working.  I am proud of his effort in the class and I’m very glad to have him this year.', 'first', '2019-01-05 20:54:11', '2019-01-11 18:01:09'),
(404, 386, 368, 'S', 'Jessica is very polite, and a good listener. I hope that she gets more help in Arabic in order to be more successful in class and participate.', 'first', '2019-01-05 20:54:11', '2019-01-11 18:01:09'),
(405, 250, 368, 'S', 'Khalid is very polite and a bright student. He tries his best and the effort that you put towards him shows in class when he participates. ', 'first', '2019-01-05 20:54:11', '2019-01-11 18:01:09'),
(406, 138, 368, 'S', 'Laila is very polite, and a good listener. I hope that she gets more help in Arabic in order to be more successful in class and participate.', 'first', '2019-01-05 20:54:11', '2019-01-11 18:01:09'),
(407, 230, 368, 'N', 'Leanne is very polite, a good listener, and quite. I hope that she gets more help in Arabic in order to be more successful in class and participate.', 'first', '2019-01-05 20:54:11', '2019-01-11 18:01:09'),
(408, 385, 368, 'S', 'Lena is very polite, a good listener, and quite. I hope that she gets more help in Arabic in order to be more successful in class and participate.', 'first', '2019-01-05 20:54:11', '2019-01-11 18:01:09'),
(409, 105, 368, 'S', 'Mohammed is very polite and a bright student. He tries his best and the effort that you put towards him shows in class when he participates. I’m very glad to have him this year.', 'first', '2019-01-05 20:54:11', '2019-01-11 18:01:09'),
(410, 280, 368, 'S', 'Nabil is very polite. I hope that he gets more help in Arabic in order to be more successful in class and participate', 'first', '2019-01-05 20:54:11', '2019-01-11 18:01:09'),
(411, 354, 368, 'S', 'Qusay is very polite and a bright student. He tries his best and the effort that you put towards him shows in class when he participates.', 'first', '2019-01-05 20:54:11', '2019-01-11 18:01:09'),
(412, 277, 368, 'S', 'Saja is a very sweet and smart girl. It’s very evident all the hard work that you put towards her. I am glad to have her in my class', 'first', '2019-01-05 20:54:11', '2019-01-11 18:01:09'),
(413, 258, 368, 'O', 'Sanna is very polite, and quite. The effort that you put towards Sanna is showing through in her education and the many improvements she’s making.', 'first', '2019-01-05 20:54:11', '2019-01-11 18:01:09'),
(414, 424, 368, 'O', '', 'first', '2019-01-05 20:54:11', '2019-01-11 18:01:09'),
(415, 319, 368, 'S', 'Zaid is smart and active. I believe that he is capable of a lot more than he offers.', 'first', '2019-01-05 20:54:11', '2019-01-11 18:01:09'),
(524, 357, 324, 'O', 'Hana is such a great student! She is always paying attention and shows great leadership qualities!', 'first', '2019-01-12 02:33:12', '2019-01-12 02:33:12'),
(523, 128, 324, 'S', 'Faizaan is a very bright and attentive student. Overall, a pleasure to have in my class!', 'first', '2019-01-12 02:33:12', '2019-01-12 02:33:12'),
(522, 380, 324, 'S', 'Dana is such a sweet and respectful student! The only thing I would recommend is for her to maybe study a little more and take advantage of extra credit opportunities! Overall, a pleasure to have in class. ', 'first', '2019-01-12 02:33:12', '2019-01-12 02:33:12'),
(521, 212, 324, 'O', 'Dalia is such a sweet student! I love her enthusiasm during my class. She is attentive and is always engaged in class. ', 'first', '2019-01-12 02:33:12', '2019-01-12 02:33:12'),
(520, 358, 324, 'O', 'Ayah is a very exceptional student who works very hard in my class. She is also extremely polite and respectful!', 'first', '2019-01-12 02:33:12', '2019-01-12 02:33:12'),
(519, 406, 324, 'S', 'Though Ali joined us a little late, he is catching up very fast. He is a pleasure to have in class. ', 'first', '2019-01-12 02:33:12', '2019-01-12 02:33:12'),
(480, 383, 315, 'N', '', 'first', '2019-01-11 21:15:00', '2019-01-11 21:31:25'),
(481, 363, 315, 'N', '', 'first', '2019-01-11 21:15:00', '2019-01-11 21:31:25'),
(478, 382, 315, 'N', 'he needs to practice more and memorize quran', 'first', '2019-01-11 21:15:00', '2019-01-11 21:31:25'),
(479, 285, 315, 'S', '', 'first', '2019-01-11 21:15:00', '2019-01-11 21:31:25'),
(476, 422, 315, 'N', '', 'first', '2019-01-11 21:15:00', '2019-01-11 21:31:25'),
(477, 395, 315, 'N', '', 'first', '2019-01-11 21:15:00', '2019-01-11 21:31:25'),
(435, 319, 311, 'N', '', 'first', '2019-01-11 17:52:50', '2019-01-11 17:53:30'),
(432, 277, 311, 'N', '', 'first', '2019-01-11 17:52:50', '2019-01-11 17:53:30'),
(433, 258, 311, 'O', '', 'first', '2019-01-11 17:52:50', '2019-01-11 17:53:30');
INSERT INTO `students_marks` (`id`, `student_record_id`, `subject_id`, `mark_key`, `mark_note`, `semester`, `created_at`, `updated_at`) VALUES
(434, 424, 311, 'O', '', 'first', '2019-01-11 17:52:50', '2019-01-11 17:53:30'),
(430, 280, 311, 'S', '', 'first', '2019-01-11 17:52:50', '2019-01-11 17:53:30'),
(431, 354, 311, 'S', '', 'first', '2019-01-11 17:52:50', '2019-01-11 17:53:30'),
(428, 385, 311, 'S', '', 'first', '2019-01-11 17:52:50', '2019-01-11 17:53:30'),
(429, 105, 311, 'S', '', 'first', '2019-01-11 17:52:50', '2019-01-11 17:53:30'),
(426, 138, 311, 'S', '', 'first', '2019-01-11 17:52:50', '2019-01-11 17:53:30'),
(427, 230, 311, 'S', '', 'first', '2019-01-11 17:52:50', '2019-01-11 17:53:30'),
(423, 412, 311, 'S', '', 'first', '2019-01-11 17:52:50', '2019-01-11 17:53:30'),
(424, 386, 311, 'N', '', 'first', '2019-01-11 17:52:50', '2019-01-11 17:53:30'),
(425, 250, 311, 'S', '', 'first', '2019-01-11 17:52:50', '2019-01-11 17:53:30'),
(421, 95, 311, 'S', '', 'first', '2019-01-11 17:52:50', '2019-01-11 17:53:30'),
(422, 103, 311, 'S', '', 'first', '2019-01-11 17:52:50', '2019-01-11 17:53:30'),
(416, 94, 311, 'S', '', 'first', '2019-01-11 17:52:50', '2019-01-11 17:53:30'),
(417, 301, 311, 'O', '', 'first', '2019-01-11 17:52:50', '2019-01-11 17:53:30'),
(418, 360, 311, 'O', '', 'first', '2019-01-11 17:52:50', '2019-01-11 17:53:30'),
(419, 418, 311, 'S', '', 'first', '2019-01-11 17:52:50', '2019-01-11 17:53:30'),
(420, 101, 311, 'S', '', 'first', '2019-01-11 17:52:50', '2019-01-11 17:53:30'),
(436, 94, 369, 'S', '', 'first', '2019-01-11 18:02:53', '2019-01-11 18:02:53'),
(437, 301, 369, 'O', '', 'first', '2019-01-11 18:02:53', '2019-01-11 18:02:53'),
(438, 360, 369, 'O', '', 'first', '2019-01-11 18:02:53', '2019-01-11 18:02:53'),
(439, 418, 369, 'O', '', 'first', '2019-01-11 18:02:53', '2019-01-11 18:02:53'),
(440, 101, 369, 'S', '', 'first', '2019-01-11 18:02:53', '2019-01-11 18:02:53'),
(441, 95, 369, 'S', '', 'first', '2019-01-11 18:02:53', '2019-01-11 18:02:53'),
(442, 103, 369, 'O', '', 'first', '2019-01-11 18:02:53', '2019-01-11 18:02:53'),
(443, 412, 369, 'O', '', 'first', '2019-01-11 18:02:53', '2019-01-11 18:02:53'),
(444, 386, 369, 'S', '', 'first', '2019-01-11 18:02:53', '2019-01-11 18:02:53'),
(445, 250, 369, 'S', '', 'first', '2019-01-11 18:02:53', '2019-01-11 18:02:53'),
(446, 138, 369, 'S', '', 'first', '2019-01-11 18:02:53', '2019-01-11 18:02:53'),
(447, 230, 369, 'S', '', 'first', '2019-01-11 18:02:53', '2019-01-11 18:02:53'),
(448, 385, 369, 'S', '', 'first', '2019-01-11 18:02:53', '2019-01-11 18:02:53'),
(449, 105, 369, 'S', '', 'first', '2019-01-11 18:02:53', '2019-01-11 18:02:53'),
(450, 280, 369, 'S', '', 'first', '2019-01-11 18:02:53', '2019-01-11 18:02:53'),
(451, 354, 369, 'S', '', 'first', '2019-01-11 18:02:53', '2019-01-11 18:02:53'),
(452, 277, 369, 'S', '', 'first', '2019-01-11 18:02:53', '2019-01-11 18:02:53'),
(453, 258, 369, 'O', '', 'first', '2019-01-11 18:02:53', '2019-01-11 18:02:53'),
(454, 424, 369, 'O', '', 'first', '2019-01-11 18:02:53', '2019-01-11 18:02:53'),
(455, 319, 369, 'S', '', 'first', '2019-01-11 18:02:53', '2019-01-11 18:02:53'),
(456, 94, 370, 'S', '', 'first', '2019-01-11 18:04:29', '2019-01-11 18:04:29'),
(457, 301, 370, 'O', '', 'first', '2019-01-11 18:04:29', '2019-01-11 18:04:29'),
(458, 360, 370, 'O', '', 'first', '2019-01-11 18:04:29', '2019-01-11 18:04:29'),
(459, 418, 370, 'O', '', 'first', '2019-01-11 18:04:29', '2019-01-11 18:04:29'),
(460, 101, 370, 'S', '', 'first', '2019-01-11 18:04:29', '2019-01-11 18:04:29'),
(461, 95, 370, 'S', '', 'first', '2019-01-11 18:04:29', '2019-01-11 18:04:29'),
(462, 103, 370, 'O', '', 'first', '2019-01-11 18:04:29', '2019-01-11 18:04:29'),
(463, 412, 370, 'O', '', 'first', '2019-01-11 18:04:29', '2019-01-11 18:04:29'),
(464, 386, 370, 'S', '', 'first', '2019-01-11 18:04:29', '2019-01-11 18:04:29'),
(465, 250, 370, 'S', '', 'first', '2019-01-11 18:04:29', '2019-01-11 18:04:29'),
(466, 138, 370, 'S', '', 'first', '2019-01-11 18:04:29', '2019-01-11 18:04:29'),
(467, 230, 370, 'S', '', 'first', '2019-01-11 18:04:29', '2019-01-11 18:04:29'),
(468, 385, 370, 'S', '', 'first', '2019-01-11 18:04:29', '2019-01-11 18:04:29'),
(469, 105, 370, 'S', '', 'first', '2019-01-11 18:04:29', '2019-01-11 18:04:29'),
(470, 280, 370, 'S', '', 'first', '2019-01-11 18:04:29', '2019-01-11 18:04:29'),
(471, 354, 370, 'S', '', 'first', '2019-01-11 18:04:29', '2019-01-11 18:04:29'),
(472, 277, 370, 'S', '', 'first', '2019-01-11 18:04:29', '2019-01-11 18:04:29'),
(473, 258, 370, 'O', '', 'first', '2019-01-11 18:04:29', '2019-01-11 18:04:29'),
(474, 424, 370, 'O', '', 'first', '2019-01-11 18:04:29', '2019-01-11 18:04:29'),
(475, 319, 370, 'S', '', 'first', '2019-01-11 18:04:29', '2019-01-11 18:04:29'),
(525, 107, 324, 'S', 'Hatim is such an enthusiastic and helpful student. It is an absolute pleasure to have in class. ', 'first', '2019-01-12 02:33:12', '2019-01-12 02:33:12'),
(526, 87, 324, 'S', 'Lamah is a very respectful student, I just wish she would participate more in class. Overall, a pleasure to have in class. ', 'first', '2019-01-12 02:33:12', '2019-01-12 02:33:12'),
(527, 93, 324, 'O', 'Lelass is just a great student! She always comes to class with enthusiasm and takes advantage of great extra credit opportunities. ', 'first', '2019-01-12 02:33:12', '2019-01-12 02:33:12'),
(528, 371, 324, 'S', 'Omar is a great student but needs to study more. Overall, a pleasure to have in class. ', 'first', '2019-01-12 02:33:12', '2019-01-12 02:33:12'),
(529, 379, 324, 'S', 'Rayyana is a very polite student, I just think that she needs to study a littlke bit more. Overall, she is a pleasure to have in class.', 'first', '2019-01-12 02:33:12', '2019-01-12 02:33:12'),
(530, 161, 324, 'O', 'Samer is such a great student who is attentive in class. The thing I would like him to work on more is the way he speaks to his peers at times. Overall, a pleasure to have in class. ', 'first', '2019-01-12 02:33:12', '2019-01-12 02:33:12'),
(531, 116, 324, 'O', 'Taaha is an outstanding student who works hard in my class. A pleasure to have in class. ', 'first', '2019-01-12 02:33:12', '2019-01-12 02:33:12'),
(532, 355, 324, 'S', 'Yousif is a very polite and attentive student, he just needs to study a little more. Overall, a pleasure to have in class.', 'first', '2019-01-12 02:33:12', '2019-01-12 02:33:12'),
(533, 167, 324, 'S', 'Zoher is just a bright and curious student. Overall, a pleasure to have in class. ', 'first', '2019-01-12 02:33:12', '2019-01-12 02:33:12'),
(534, 188, 297, 'N', 'Ali is a very respectful student and it is a pleasure to have him in class. He needs to practice more at home because he did not pass the test for Surah Al Takweer. I know that he will do great if he puts effort and practices our current Surah (Surah Abasa).', 'first', '2019-01-12 06:49:22', '2019-01-12 06:49:35'),
(535, 139, 297, 'S', 'Bayan has been putting effort and is showing amazing improvement in class. She did not pass the test in Surah Al Takweer though, so I would suggest that she practices first reading the ayahs then memorizing them at home. It is a pleasure to have her in class!', 'first', '2019-01-12 06:49:22', '2019-01-12 06:49:35'),
(536, 401, 297, 'O', 'Laith has been showing amazing improvement when it comes to behavior. He is extremely motivated and he always brings happiness to our class! ', 'first', '2019-01-12 06:49:22', '2019-01-12 06:49:35'),
(537, 92, 297, 'S', 'Leesa is a gentle and caring student. She has been putting effort in practicing the ayahs, but I think she needs to put more time or ask for help if she needs it. She only memorized ayah 1-22 in Surah Al Takweer. I am still proud of her effort, and it is a true pleasure to have her in class. ', 'first', '2019-01-12 06:49:22', '2019-01-12 06:49:35'),
(538, 106, 297, 'S', 'Tariq always brings happiness to our class with his smile. He has been putting effort in practicing the ayahs, but I think he needs to put more time or ask for help when he needs it. Tariq did not pass the test for this Surah. I am still proud of his effort, and it is a true pleasure to have him in class. ', 'first', '2019-01-12 06:49:22', '2019-01-12 06:49:35'),
(539, 143, 297, 'O', 'Yaseen always brings joy to the class with his energy and he is always there to help his classmates. He also has really good tajweed skills when reading the Quran. It is a pleasure to have him in class.', 'first', '2019-01-12 06:49:22', '2019-01-12 06:49:35'),
(540, 282, 297, 'O', 'Yusuf is always curious to learn and actively participates in class. He has a very beautiful Quran recitation and good Tajweed skills. It is an honor to have him in class. ', 'first', '2019-01-12 06:49:22', '2019-01-12 06:49:35'),
(541, 221, 293, 'O', '', 'first', '2019-01-12 07:00:23', '2019-01-12 07:00:23'),
(542, 381, 293, 'O', 'Bader is always attentive his class and is very helpful for his classmates. The only two things he needs to work on are interrupting the teacher less and talking less with his classmates. He is an amazing student and it is a pleasure to have him in class.', 'first', '2019-01-12 07:00:23', '2019-01-12 07:00:23'),
(543, 170, 293, 'N', '', 'first', '2019-01-12 07:00:23', '2019-01-12 07:00:23'),
(544, 308, 293, 'O', 'Hamza has a beautiful Quran recitation and good Tajweed skills. He has been missing many Quran classes, so I could not give him something more challenging to work on. It is a pleasure to have him in class.  ', 'first', '2019-01-12 07:00:23', '2019-01-12 07:00:23'),
(545, 353, 293, 'S', '', 'first', '2019-01-12 07:00:23', '2019-01-12 07:00:23'),
(546, 169, 293, 'N', '', 'first', '2019-01-12 07:00:23', '2019-01-12 07:00:23'),
(547, 86, 293, 'O', '', 'first', '2019-01-12 07:00:23', '2019-01-12 07:00:23'),
(548, 104, 293, 'O', 'Reem is always attentive in class and tries her best. I would suggest that she tries to read the words in the Surah letter by letter to avoid any pronunciation mistakes. It is a pleasure to have her in class.', 'first', '2019-01-12 07:00:23', '2019-01-12 07:00:23');

-- --------------------------------------------------------

--
-- Table structure for table `students_notes`
--

DROP TABLE IF EXISTS `students_notes`;
CREATE TABLE IF NOT EXISTS `students_notes` (
  `id` int(11) NOT NULL AUTO_INCREMENT,
  `student_record_id` int(11) NOT NULL,
  `note_month` varchar(255) NOT NULL,
  `note_text` text NOT NULL,
  `note_date` date NOT NULL,
  `created_at` datetime NOT NULL,
  `updated_at` datetime NOT NULL,
  PRIMARY KEY (`id`)
) ENGINE=MyISAM AUTO_INCREMENT=25 DEFAULT CHARSET=utf8;

--
-- Dumping data for table `students_notes`
--

INSERT INTO `students_notes` (`id`, `student_record_id`, `note_month`, `note_text`, `note_date`, `created_at`, `updated_at`) VALUES
(9, 72, 'january', 'very hard working', '2018-01-01', '2018-07-22 07:41:27', '2018-07-22 07:41:35'),
(10, 76, 'June', 'very hard working', '2018-06-28', '2018-07-30 06:21:47', '2018-07-30 06:21:47'),
(11, 78, 'February', 'hard working ', '2018-07-31', '2018-08-02 14:16:39', '2018-08-02 14:16:39'),
(12, 83, 'February', 'Hard Working', '2018-08-19', '2018-08-19 13:13:06', '2018-08-19 13:31:03'),
(13, 195, 'September', 'He\'s currently waitlisted to the Boy\'s Youth Group Program. ', '2018-09-01', '2018-09-02 17:07:32', '2018-09-02 17:07:32'),
(14, 211, 'September', 'Missing Information, because form lacks fields', '2018-09-07', '2018-09-07 19:37:42', '2018-09-07 19:37:42'),
(15, 211, 'September', 'Only registered for Book Club', '2018-09-07', '2018-09-07 19:37:57', '2018-09-07 19:37:57'),
(16, 211, 'September', 'Photo Permission field is actually empty..', '2018-09-07', '2018-09-07 19:38:17', '2018-09-07 19:38:17'),
(17, 117, 'August', 'letters to master ت ظ ذ ز ك  ض ص ث ق ف ع ه خ ح ج ', '2018-09-08', '2018-09-13 19:43:08', '2018-09-13 19:43:55'),
(18, 121, 'August', 'letters to review: غ ج ص', '2018-09-08', '2018-09-13 19:47:20', '2018-09-13 19:47:20'),
(19, 159, 'September', 'letters to review: ص ض', '2018-09-08', '2018-09-13 19:48:32', '2018-09-13 19:48:32'),
(20, 277, 'October', 'Bought Islamic Studies Books', '2018-10-13', '2018-11-14 21:08:31', '2018-11-14 21:08:31'),
(21, 320, 'December', 'السلام عليكم حبيبتي\r\nكيفها الينا اليوم ما اجت على المدرسة ان شاء الله خير\r\nاسبوع الجاي في حفلة باليوم العالمي للغة العربية اذا بتقدري تلبسيها لباس من الثقافة العربية متل زي بلادكم مثلا \r\nشكرا جزيلا\r\nميسون قطان', '2018-12-15', '2018-12-16 01:56:01', '2018-12-16 01:56:01'),
(22, 253, 'December', 'السلام عليكم ام دانية\r\nخير ان شاء الله دانية ما اجت على المدرسة؟؟\r\nان شاء الله خير', '2018-12-15', '2018-12-16 01:58:33', '2018-12-16 01:58:33'),
(23, 422, 'January', 'Abdulah is a good student .', '0001-03-10', '2019-01-11 20:59:48', '2019-01-11 21:40:29'),
(24, 422, 'February', 'ييي', '2018-12-31', '2019-01-28 01:13:09', '2019-01-28 01:13:09');

-- --------------------------------------------------------

--
-- Table structure for table `students_payments`
--

DROP TABLE IF EXISTS `students_payments`;
CREATE TABLE IF NOT EXISTS `students_payments` (
  `id` int(11) NOT NULL AUTO_INCREMENT,
  `student_record_id` int(11) NOT NULL,
  `payment_item_id` int(11) NOT NULL,
  `payment_item_type` varchar(255) NOT NULL,
  `tuition_type` varchar(255) NOT NULL,
  `late_fee_type` varchar(255) NOT NULL,
  `books_payment_type` varchar(255) NOT NULL,
  `full_year_discount` float NOT NULL DEFAULT '0',
  `teacher_child_discount` float NOT NULL,
  `invoice` float NOT NULL,
  `payment` float NOT NULL DEFAULT '0',
  `check_or_cash` enum('cash','check') NOT NULL,
  `student_payment_description` varchar(45) NOT NULL,
  `student_payment_date` date NOT NULL,
  `student_payment_notes` text NOT NULL,
  `created_at` datetime NOT NULL,
  `updated_at` datetime NOT NULL,
  `deleted` tinyint(2) NOT NULL,
  PRIMARY KEY (`id`),
  UNIQUE KEY `id_UNIQUE` (`id`)
) ENGINE=InnoDB AUTO_INCREMENT=1110 DEFAULT CHARSET=utf8;

--
-- Dumping data for table `students_payments`
--

INSERT INTO `students_payments` (`id`, `student_record_id`, `payment_item_id`, `payment_item_type`, `tuition_type`, `late_fee_type`, `books_payment_type`, `full_year_discount`, `teacher_child_discount`, `invoice`, `payment`, `check_or_cash`, `student_payment_description`, `student_payment_date`, `student_payment_notes`, `created_at`, `updated_at`, `deleted`) VALUES
(33, 56, 0, 'registration_fee', '000', '000', '000', 0, 0, 30, 0, 'cash', 'رسوم التسجيل', '2018-05-25', 'رسوم التسجيل', '2018-07-04 08:33:05', '2018-07-04 08:33:05', 0),
(34, 56, 0, 'books', '000', '000', 'pre_kinder_books_fee', 0, 0, 40, 0, 'cash', 'كتب ما قبل مرحلة رياض الأطفال', '2018-05-25', 'كتب ما قبل مرحلة رياض الأطفال', '2018-07-04 08:33:30', '2018-07-04 08:33:30', 0),
(35, 56, 0, 'tuition', 'bimonthly', '000', '000', 0, 0, 40, 0, 'cash', '-', '2018-05-11', '-', '2018-07-04 08:37:12', '2018-08-02 06:17:53', 0),
(37, 68, 0, 'registration_fee', '000', '000', '000', 0, 0, 30, 0, 'cash', 'رسوم تسجيل', '2018-07-06', 'رسوم تسجيل', '2018-07-05 07:26:00', '2018-07-05 07:26:00', 0),
(38, 68, 0, 'tuition', 'bimonthly', '000', '000', 0, 0, 140, 0, 'cash', 'رسوم دراسية لشهرين ', '2018-07-19', 'رسوم دراسية لشهرين ', '2018-07-05 08:06:05', '2018-07-05 08:06:05', 0),
(39, 74, 0, 'registration_fee', '000', '000', '000', 0, 0, 300, 0, 'cash', '-', '2018-08-02', '-', '2018-08-02 07:26:06', '2018-08-02 07:26:06', 0),
(40, 74, 0, 'books', '000', '000', 'pre_kinder_books_fee', 0, 0, 40, 0, 'check', 'Description', '2018-08-13', '', '2018-08-02 07:28:08', '2018-08-02 07:28:08', 0),
(42, 74, 0, 'tuition', 'bimonthly', '000', '000', 0, 0, 300, 0, 'cash', '-', '2018-08-27', '', '2018-08-02 07:31:46', '2018-08-02 07:31:46', 0),
(43, 74, 0, 'registration_fee', '000', '000', '000', 0, 0, 50, 0, 'cash', '-', '2018-08-28', '', '2018-08-02 07:37:20', '2018-08-02 07:37:20', 0),
(44, 78, 0, 'tuition', 'full_year', '000', '000', 20, 0, 315, 0, 'check', '-', '2018-12-26', '', '2018-08-02 10:26:35', '2018-08-02 10:28:04', 0),
(45, 286, 0, 'registration_fee', '000', '000', '000', 0, 0, 30, 30, 'check', '#1125', '2018-09-01', '', '2018-10-20 06:44:43', '2018-10-20 06:44:43', 0),
(46, 286, 0, 'books', '000', '000', 'elementary_books_fee', 0, 0, 55, 55, 'check', '#1125', '2018-09-01', '', '2018-10-20 06:46:01', '2018-10-20 06:46:01', 0),
(47, 286, 0, 'tuition', 'monthly', '000', '000', 0, 0, 80, 80, 'check', '#1125', '2018-09-01', '', '2018-10-20 06:46:30', '2018-10-20 17:49:42', 0),
(48, 112, 0, 'registration_fee', '000', '000', '000', 0, 0, 30, 30, 'check', '#1125', '2018-09-01', '', '2018-10-20 06:46:54', '2018-10-20 06:46:54', 0),
(49, 112, 0, 'books', '000', '000', 'pre_kinder_books_fee', 0, 0, 55, 55, 'check', '#1125', '2018-09-01', '', '2018-10-20 06:47:10', '2018-10-20 06:47:10', 0),
(50, 112, 0, 'tuition', 'monthly', '000', '000', 0, 0, 75, 75, 'check', '#1125', '2018-09-01', '', '2018-10-20 06:47:33', '2018-10-20 06:47:33', 0),
(51, 202, 0, 'tuition', 'monthly', '000', '000', 0, 0, 10, 10, 'cash', 'Sep. Book Club', '2018-08-25', '', '2018-10-20 06:52:36', '2018-10-20 06:52:36', 0),
(52, 202, 0, 'tuition', 'bimonthly', '000', '000', 0, 0, 20, 20, 'cash', 'Oct-Nov Book Club', '2018-08-25', '', '2018-10-20 06:53:15', '2018-10-20 06:53:15', 0),
(53, 209, 0, 'tuition', 'monthly', '000', '000', 0, 0, 10, 10, 'cash', 'Sep Book Club', '2018-08-25', '', '2018-10-20 06:53:51', '2018-10-20 06:53:51', 0),
(54, 209, 0, 'tuition', 'bimonthly', '000', '000', 0, 0, 20, 20, 'cash', 'Oct-Nov Book Club', '2018-08-25', '', '2018-10-20 06:54:19', '2018-10-20 06:54:19', 0),
(55, 113, 0, 'registration_fee', '000', '000', '000', 0, 0, 30, 30, 'cash', 'Reg Fee', '2018-08-25', '', '2018-10-20 06:55:15', '2018-10-20 06:55:15', 0),
(56, 113, 0, 'books', '000', '000', 'elementary_books_fee', 0, 0, 55, 55, 'cash', 'Books', '2018-08-25', '', '2018-10-20 06:55:40', '2018-10-20 06:55:40', 0),
(57, 113, 0, 'tuition', 'monthly', '000', '000', 0, 0, 80, 80, 'cash', 'September', '2018-08-25', '', '2018-10-20 06:56:01', '2018-10-20 06:56:01', 0),
(58, 154, 0, 'registration_fee', '000', '000', '000', 0, 0, 30, 30, 'cash', 'Reg Fee', '2018-09-01', '', '2018-10-20 06:56:58', '2018-10-20 06:56:58', 0),
(59, 154, 0, 'books', '000', '000', 'pre_kinder_books_fee', 0, 0, 55, 55, 'cash', 'Books', '2018-09-01', '', '2018-10-20 06:57:18', '2018-10-20 06:57:18', 0),
(60, 154, 0, 'tuition', 'monthly', '000', '000', 0, 0, 80, 80, 'cash', 'September', '2018-09-01', '', '2018-10-20 06:57:44', '2018-10-20 06:57:44', 0),
(61, 190, 0, 'registration_fee', '000', '000', '000', 0, 0, 30, 30, 'cash', 'Reg Fee', '2018-09-01', '', '2018-10-20 06:58:39', '2018-10-20 06:58:39', 0),
(62, 190, 0, 'books', '000', '000', 'elementary_books_fee', 0, 0, 55, 55, 'cash', 'Books', '2018-09-01', '', '2018-10-20 06:59:01', '2018-10-20 06:59:01', 0),
(63, 190, 0, 'tuition', 'monthly', '000', '000', 0, 0, 75, 75, 'cash', 'September', '2018-09-01', '', '2018-10-20 06:59:27', '2018-10-20 06:59:27', 0),
(64, 189, 0, 'registration_fee', '000', '000', '000', 0, 0, 30, 30, 'cash', 'Reg Fee', '2018-09-01', '', '2018-10-20 06:59:52', '2018-10-20 06:59:52', 0),
(65, 189, 0, 'books', '000', '000', 'elementary_books_fee', 0, 0, 55, 55, 'cash', 'Books', '2018-09-01', '', '2018-10-20 07:00:20', '2018-10-20 07:00:20', 0),
(66, 189, 0, 'tuition', 'monthly', '000', '000', 0, 0, 80, 80, 'cash', 'September', '2018-09-01', '', '2018-10-20 07:00:41', '2018-10-20 07:00:41', 0),
(67, 159, 0, 'registration_fee', '000', '000', '000', 0, 0, 30, 30, 'cash', 'Reg Fee', '2018-08-25', '', '2018-10-20 07:03:28', '2018-10-20 07:03:28', 0),
(68, 159, 0, 'books', '000', '000', 'elementary_books_fee', 0, 0, 55, 55, 'cash', 'Books', '2018-08-25', '', '2018-10-20 07:03:49', '2018-10-20 07:03:49', 0),
(69, 159, 0, 'tuition', 'monthly', '000', '000', 0, 0, 80, 80, 'cash', 'September', '2018-08-25', '', '2018-10-20 07:04:17', '2018-10-20 07:04:17', 0),
(70, 116, 0, 'registration_fee', '000', '000', '000', 0, 0, 30, 30, 'check', '#507', '2018-08-25', '', '2018-10-20 07:05:12', '2018-10-20 07:05:12', 0),
(71, 116, 0, 'books', '000', '000', 'elementary_books_fee', 0, 0, 40, 40, 'check', '#507', '2018-08-25', '', '2018-10-20 07:05:33', '2018-10-20 07:05:33', 0),
(72, 116, 0, 'tuition', 'monthly', '000', '000', 0, 0, 80, 80, 'check', '#507', '2018-08-25', '', '2018-10-20 07:05:54', '2018-10-20 07:05:54', 0),
(73, 213, 0, 'registration_fee', '000', '000', '000', 0, 0, 30, 30, 'check', '#215\r\n*SAME CHECK AS SABEH & HABIBEH', '2018-08-25', '', '2018-10-20 07:06:57', '2018-10-20 07:06:57', 0),
(74, 213, 0, 'books', '000', '000', 'elementary_books_fee', 0, 0, 55, 55, 'check', '#215\r\n*SAME CHECK AS SABEH & HABIBEH', '2018-08-25', '', '2018-10-20 07:07:27', '2018-10-20 07:07:27', 0),
(75, 213, 0, 'tuition', 'monthly', '000', '000', 0, 0, 75, 75, 'check', '#215\r\n*SAME CHECK AS SABEH & HABIBEH', '2018-08-25', '', '2018-10-20 07:07:46', '2018-10-20 07:07:46', 0),
(76, 212, 0, 'registration_fee', '000', '000', '000', 0, 0, 30, 30, 'check', '#215\r\n*SAME CHECK AS SABEH & HABIBEH', '2018-08-25', '', '2018-10-20 07:08:07', '2018-10-20 07:08:07', 0),
(77, 212, 0, 'books', '000', '000', 'elementary_books_fee', 0, 0, 40, 40, 'check', '#215\r\n*SAME CHECK AS SABEH & HABIBEH', '2018-08-25', '', '2018-10-20 07:08:22', '2018-10-20 07:08:22', 0),
(78, 212, 0, 'tuition', 'monthly', '000', '000', 0, 0, 80, 80, 'check', '#215\r\n*SAME CHECK AS SABEH & HABIBEH', '2018-08-25', '', '2018-10-20 07:08:39', '2018-10-20 07:08:39', 0),
(79, 144, 0, 'registration_fee', '000', '000', '000', 0, 0, 30, 30, 'check', '#215\r\n*SAME CHECK AS HABIBEH & ZIDAN', '2018-08-25', '', '2018-10-20 07:09:41', '2018-10-20 07:09:41', 0),
(80, 144, 0, 'books', '000', '000', 'pre_kinder_books_fee', 0, 0, 55, 55, 'check', '#215\r\n*SAME CHECK AS HABIBEH & ZIDAN', '2018-08-25', '', '2018-10-20 07:09:55', '2018-10-20 07:09:55', 0),
(81, 144, 0, 'tuition', 'monthly', '000', '000', 0, 0, 80, 80, 'check', '#215\r\n*SAME CHECK AS HABIBEH & ZIDAN', '2018-08-25', '', '2018-10-20 07:10:15', '2018-10-20 07:10:15', 0),
(82, 145, 0, 'registration_fee', '000', '000', '000', 0, 0, 30, 30, 'check', '#215\r\n*SAME CHECK AS HABIBEH & ZIDAN', '2018-08-25', '', '2018-10-20 07:10:36', '2018-10-20 07:10:36', 0),
(83, 145, 0, 'books', '000', '000', 'elementary_books_fee', 0, 0, 40, 40, 'check', '#215\r\n*SAME CHECK AS HABIBEH & ZIDAN', '2018-08-25', '', '2018-10-20 07:10:52', '2018-10-20 07:10:52', 0),
(84, 145, 0, 'tuition', 'monthly', '000', '000', 0, 0, 75, 75, 'check', '#215\r\n*SAME CHECK AS HABIBEH & ZIDAN', '2018-08-25', '', '2018-10-20 07:11:10', '2018-10-20 07:11:10', 0),
(85, 114, 0, 'registration_fee', '000', '000', '000', 0, 0, 30, 30, 'check', '#215\r\n*SAME CHECK AS SABEH & ZIDAN', '2018-08-25', '', '2018-10-20 07:12:14', '2018-10-20 07:12:14', 0),
(86, 114, 0, 'books', '000', '000', 'pre_kinder_books_fee', 0, 0, 55, 55, 'check', '#215\r\n*SAME CHECK AS SABEH & ZIDAN', '2018-08-25', '', '2018-10-20 07:12:27', '2018-10-20 07:12:27', 0),
(87, 114, 0, 'tuition', 'monthly', '000', '000', 0, 0, 80, 80, 'check', '#215\r\n*SAME CHECK AS SABEH & ZIDAN', '2018-08-25', '', '2018-10-20 07:12:46', '2018-10-20 07:12:46', 0),
(88, 157, 0, 'registration_fee', '000', '000', '000', 0, 0, 30, 30, 'cash', 'Reg Fee', '2018-08-25', '', '2018-10-20 07:13:47', '2018-10-20 07:13:47', 0),
(89, 157, 0, 'books', '000', '000', 'elementary_books_fee', 0, 0, 55, 55, 'cash', 'Books', '2018-08-25', '', '2018-10-20 07:14:05', '2018-10-20 07:14:05', 0),
(90, 274, 0, 'registration_fee', '000', '000', '000', 0, 0, 30, 30, 'cash', 'Reg Fee', '2018-08-25', '', '2018-10-20 07:14:38', '2018-10-20 07:14:38', 0),
(91, 274, 0, 'books', '000', '000', 'elementary_books_fee', 0, 0, 55, 55, 'cash', 'Books', '2018-08-25', '', '2018-10-20 07:14:53', '2018-10-20 07:14:53', 0),
(92, 325, 0, 'registration_fee', '000', '000', '000', 0, 0, 30, 30, 'cash', 'Reg Fee', '2018-08-25', '', '2018-10-20 07:15:13', '2018-10-20 07:15:13', 0),
(93, 325, 0, 'books', '000', '000', 'elementary_books_fee', 0, 0, 55, 55, 'cash', 'Books', '2018-08-25', '', '2018-10-20 07:15:36', '2018-10-20 07:15:36', 0),
(94, 121, 0, 'registration_fee', '000', '000', '000', 0, 0, 30, 30, 'check', '#2057', '2018-08-25', '', '2018-10-20 07:16:25', '2018-10-20 07:16:25', 0),
(95, 121, 0, 'books', '000', '000', 'elementary_books_fee', 0, 0, 55, 55, 'check', '#2057', '2018-08-25', '', '2018-10-20 07:16:41', '2018-10-20 07:16:41', 0),
(96, 121, 0, 'tuition', 'monthly', '000', '000', 0, 0, 80, 80, 'check', '#2057', '2018-08-25', '', '2018-10-20 07:17:01', '2018-10-20 07:17:01', 0),
(97, 123, 0, 'registration_fee', '000', '000', '000', 0, 0, 30, 30, 'check', '#2058', '2018-08-25', '', '2018-10-20 07:17:44', '2018-10-20 07:17:44', 0),
(98, 123, 0, 'books', '000', '000', 'pre_kinder_books_fee', 0, 0, 55, 55, 'check', '#2058', '2018-08-25', '', '2018-10-20 07:17:59', '2018-10-20 07:17:59', 0),
(99, 123, 0, 'tuition', 'monthly', '000', '000', 0, 0, 70, 70, 'check', '#2058', '2018-08-25', '', '2018-10-20 07:18:16', '2018-10-20 07:18:16', 0),
(100, 122, 0, 'registration_fee', '000', '000', '000', 0, 0, 30, 30, 'check', '#2058', '2018-08-25', '', '2018-10-20 07:18:33', '2018-10-20 07:18:33', 0),
(101, 122, 0, 'books', '000', '000', 'elementary_books_fee', 0, 0, 55, 55, 'check', '#2058', '2018-08-25', '', '2018-10-20 07:18:49', '2018-10-20 07:18:49', 0),
(102, 122, 0, 'tuition', 'monthly', '000', '000', 0, 0, 75, 75, 'check', '#2058', '2018-08-25', '', '2018-10-20 07:19:07', '2018-10-20 07:19:07', 0),
(103, 171, 0, 'registration_fee', '000', '000', '000', 0, 0, 30, 30, 'cash', 'Reg Fee', '2018-08-25', '', '2018-10-20 07:20:44', '2018-10-20 07:20:44', 0),
(104, 171, 0, 'books', '000', '000', 'pre_kinder_books_fee', 0, 0, 55, 55, 'cash', 'Books', '2018-08-25', '', '2018-10-20 07:20:59', '2018-10-20 07:20:59', 0),
(106, 170, 0, 'registration_fee', '000', '000', '000', 0, 0, 30, 30, 'cash', 'Reg Fee', '2018-08-25', '', '2018-10-20 07:21:58', '2018-10-20 07:21:58', 0),
(107, 170, 0, 'books', '000', '000', 'elementary_books_fee', 0, 0, 40, 40, 'cash', 'Books', '2018-08-25', '', '2018-10-20 07:22:11', '2018-10-20 07:22:11', 0),
(109, 124, 0, 'registration_fee', '000', '000', '000', 0, 0, 30, 30, 'cash', 'Reg Fee', '2018-08-25', '', '2018-10-20 07:27:08', '2018-10-20 07:27:08', 0),
(110, 124, 0, 'books', '000', '000', 'elementary_books_fee', 0, 0, 40, 40, 'cash', 'Books', '2018-08-25', '', '2018-10-20 07:27:23', '2018-10-20 07:27:23', 0),
(111, 124, 0, 'tuition', 'monthly', '000', '000', 0, 0, 80, 80, 'cash', 'September', '2018-08-25', '', '2018-10-20 07:27:42', '2018-10-20 07:27:42', 0),
(112, 125, 0, 'registration_fee', '000', '000', '000', 0, 0, 30, 30, 'cash', 'Reg Fee', '2018-08-25', '', '2018-10-20 07:28:00', '2018-10-20 07:28:00', 0),
(113, 125, 0, 'books', '000', '000', 'elementary_books_fee', 0, 0, 55, 55, 'cash', 'Books', '2018-08-25', '', '2018-10-20 07:28:16', '2018-10-20 07:28:16', 0),
(114, 125, 0, 'tuition', 'monthly', '000', '000', 0, 0, 75, 75, 'cash', 'September', '2018-08-25', '', '2018-10-20 07:28:32', '2018-10-20 07:28:32', 0),
(115, 127, 0, 'registration_fee', '000', '000', '000', 0, 0, 30, 30, 'check', '#2056', '2018-08-25', '', '2018-10-20 07:29:32', '2018-10-20 07:29:32', 0),
(116, 127, 0, 'books', '000', '000', 'pre_kinder_books_fee', 0, 0, 55, 55, 'check', '#2056', '2018-08-25', '', '2018-10-20 07:29:46', '2018-10-20 07:29:46', 0),
(117, 127, 0, 'tuition', 'monthly', '000', '000', 0, 0, 75, 75, 'check', '#2056', '2018-08-25', '', '2018-10-20 07:31:54', '2018-10-20 07:31:54', 0),
(118, 126, 0, 'registration_fee', '000', '000', '000', 0, 0, 30, 30, 'check', '#2056', '2018-08-25', '', '2018-10-20 07:32:23', '2018-10-20 07:32:23', 0),
(119, 126, 0, 'books', '000', '000', 'elementary_books_fee', 0, 0, 40, 40, 'check', '#2056', '2018-08-25', '', '2018-10-20 07:32:38', '2018-10-20 07:32:38', 0),
(120, 126, 0, 'tuition', 'monthly', '000', '000', 0, 0, 80, 80, 'check', '#2056', '2018-08-25', '', '2018-10-20 07:32:54', '2018-10-20 07:32:54', 0),
(121, 146, 0, 'registration_fee', '000', '000', '000', 0, 0, 30, 30, 'cash', 'Reg Fee', '2018-08-25', '', '2018-10-20 07:33:49', '2018-10-20 07:33:49', 0),
(122, 146, 0, 'books', '000', '000', 'elementary_books_fee', 0, 0, 40, 40, 'cash', 'Books', '2018-08-25', '', '2018-10-20 07:34:04', '2018-10-20 07:34:04', 0),
(123, 146, 0, 'tuition', 'monthly', '000', '000', 0, 0, 80, 80, 'cash', 'September', '2018-08-25', '', '2018-10-20 07:34:43', '2018-10-20 07:34:43', 0),
(124, 147, 0, 'registration_fee', '000', '000', '000', 0, 0, 30, 30, 'cash', 'Reg Fee', '2018-08-25', '', '2018-10-20 07:35:13', '2018-10-20 07:35:13', 0),
(125, 147, 0, 'books', '000', '000', 'elementary_books_fee', 0, 0, 40, 40, 'cash', 'Books', '2018-08-25', '', '2018-10-20 07:35:30', '2018-10-20 07:35:30', 0),
(126, 147, 0, 'tuition', 'monthly', '000', '000', 0, 0, 75, 75, 'cash', 'September', '2018-08-25', '', '2018-10-20 07:35:58', '2018-10-20 07:35:58', 0),
(127, 148, 0, 'registration_fee', '000', '000', '000', 0, 0, 30, 30, 'cash', 'Reg Fee', '2018-08-25', '', '2018-10-20 07:36:15', '2018-10-20 07:36:15', 0),
(128, 148, 0, 'books', '000', '000', 'pre_kinder_books_fee', 0, 0, 55, 55, 'cash', 'Books', '2018-08-25', '', '2018-10-20 07:36:30', '2018-10-20 07:36:30', 0),
(129, 148, 0, 'tuition', 'monthly', '000', '000', 0, 0, 70, 70, 'cash', 'September', '2018-08-25', '', '2018-10-20 07:36:51', '2018-10-20 07:36:51', 0),
(130, 169, 0, 'registration_fee', '000', '000', '000', 0, 0, 30, 30, 'check', '#242', '2018-08-25', '', '2018-10-25 21:53:24', '2018-10-25 21:53:24', 0),
(131, 169, 0, 'books', '000', '000', 'elementary_books_fee', 0, 0, 40, 40, 'check', '#242', '2018-08-25', '', '2018-10-25 21:53:41', '2018-10-25 21:53:41', 0),
(132, 169, 0, 'tuition', 'monthly', '000', '000', 0, 0, 80, 80, 'check', '#242', '2018-08-25', '', '2018-10-25 21:54:17', '2018-10-25 21:54:17', 0),
(133, 169, 0, 'books', '000', '000', 'islamic_textbook', 0, 0, 30, 30, 'check', '#242', '2018-08-25', 'Lost book from 2017-2018 school year', '2018-10-25 21:55:11', '2018-10-25 21:55:11', 0),
(134, 168, 0, 'registration_fee', '000', '000', '000', 0, 0, 30, 30, 'check', '#242', '2018-08-25', '', '2018-10-25 21:56:14', '2018-10-25 21:56:14', 0),
(135, 168, 0, 'books', '000', '000', 'pre_kinder_books_fee', 0, 0, 55, 55, 'check', '#242', '2018-08-25', '', '2018-10-25 21:56:29', '2018-10-25 21:56:29', 0),
(136, 168, 0, 'tuition', 'monthly', '000', '000', 0, 0, 75, 75, 'check', '#242', '2018-08-25', '', '2018-10-25 21:56:53', '2018-10-25 21:56:53', 0),
(137, 136, 0, 'registration_fee', '000', '000', '000', 0, 0, 30, 30, 'check', '#151', '2018-08-25', '', '2018-10-25 21:58:20', '2018-10-25 21:58:20', 0),
(138, 136, 0, 'books', '000', '000', 'elementary_books_fee', 0, 0, 55, 55, 'check', '#151', '2018-08-25', '', '2018-10-25 21:58:47', '2018-10-25 21:58:47', 0),
(139, 136, 0, 'tuition', 'monthly', '000', '000', 0, 0, 80, 80, 'check', '#151', '2018-08-25', '', '2018-10-25 21:59:09', '2018-10-25 21:59:09', 0),
(140, 135, 0, 'registration_fee', '000', '000', '000', 0, 0, 30, 30, 'check', '#151', '2018-08-25', '', '2018-10-25 21:59:33', '2018-10-25 21:59:33', 0),
(141, 135, 0, 'books', '000', '000', 'elementary_books_fee', 0, 0, 55, 55, 'check', '#151', '2018-08-25', '', '2018-10-25 21:59:56', '2018-10-25 21:59:56', 0),
(142, 135, 0, 'tuition', 'monthly', '000', '000', 0, 0, 75, 75, 'check', '#151', '2018-08-25', '', '2018-10-25 22:00:26', '2018-10-25 22:00:26', 0),
(143, 128, 0, 'registration_fee', '000', '000', '000', 0, 0, 30, 30, 'check', '#3012', '2018-08-25', '', '2018-10-25 22:05:18', '2018-10-25 22:05:18', 0),
(144, 128, 0, 'books', '000', '000', 'elementary_books_fee', 0, 0, 40, 40, 'check', '#3012', '2018-08-25', '', '2018-10-25 22:05:59', '2018-10-25 22:05:59', 0),
(145, 128, 0, 'books', '000', '000', 'islamic_textbook', 0, 0, 30, 30, 'check', '#3012\r\nPaid to keep', '2018-08-25', '', '2018-10-25 22:06:36', '2018-10-25 22:06:36', 0),
(147, 107, 0, 'registration_fee', '000', '000', '000', 0, 0, 30, 30, 'check', '#3918', '2018-08-25', '', '2018-10-25 22:13:07', '2018-10-25 22:13:07', 0),
(148, 107, 0, 'books', '000', '000', 'elementary_books_fee', 0, 0, 40, 40, 'check', '#3918', '2018-08-25', '', '2018-10-25 22:13:30', '2018-10-25 22:13:30', 0),
(149, 107, 0, 'tuition', 'monthly', '000', '000', 0, 0, 80, 80, 'check', '#3918', '2018-08-25', '', '2018-10-25 22:15:10', '2018-10-25 22:15:10', 0),
(150, 106, 0, 'registration_fee', '000', '000', '000', 0, 0, 30, 30, 'check', '#3918', '2018-08-25', '', '2018-10-25 22:15:39', '2018-10-25 22:15:39', 0),
(151, 106, 0, 'books', '000', '000', 'elementary_books_fee', 0, 0, 40, 40, 'check', '#3918', '2018-08-25', '', '2018-10-25 22:16:07', '2018-10-25 22:16:07', 0),
(152, 106, 0, 'tuition', 'monthly', '000', '000', 0, 0, 75, 75, 'check', '#3918', '2018-08-25', '', '2018-10-25 22:16:31', '2018-10-25 22:16:31', 0),
(153, 108, 0, 'registration_fee', '000', '000', '000', 0, 0, 30, 30, 'check', '#3918', '2018-08-25', '', '2018-10-25 22:16:57', '2018-10-25 22:16:57', 0),
(154, 108, 0, 'books', '000', '000', 'pre_kinder_books_fee', 0, 0, 55, 55, 'check', '#3918', '2018-08-25', '', '2018-10-25 22:17:15', '2018-10-25 22:17:15', 0),
(155, 108, 0, 'tuition', 'monthly', '000', '000', 0, 0, 70, 70, 'check', '#3918', '2018-08-25', '', '2018-10-25 22:17:35', '2018-10-25 22:17:35', 0),
(156, 137, 0, 'registration_fee', '000', '000', '000', 0, 0, 30, 30, 'cash', 'Reg Fee', '2018-08-25', '', '2018-10-25 22:19:19', '2018-10-25 22:19:19', 0),
(157, 137, 0, 'books', '000', '000', 'pre_kinder_books_fee', 0, 0, 55, 55, 'cash', 'Books', '2018-08-25', '', '2018-10-25 22:19:51', '2018-10-25 22:19:51', 0),
(158, 137, 0, 'tuition', 'monthly', '000', '000', 0, 0, 80, 80, 'cash', 'Sep Tuition', '2018-08-25', '', '2018-10-25 22:20:27', '2018-10-25 22:20:27', 0),
(159, 284, 0, 'registration_fee', '000', '000', '000', 0, 0, 30, 30, 'check', '#1307', '2018-08-25', '', '2018-10-25 22:21:11', '2018-10-25 22:21:11', 0),
(160, 284, 0, 'books', '000', '000', 'elementary_books_fee', 0, 0, 55, 55, 'check', '#1307', '2018-08-25', '', '2018-10-25 22:21:30', '2018-10-25 22:21:30', 0),
(161, 284, 0, 'tuition', 'monthly', '000', '000', 0, 0, 80, 80, 'check', '#1307', '2018-08-25', '', '2018-10-25 22:21:54', '2018-10-25 22:21:54', 0),
(162, 134, 0, 'registration_fee', '000', '000', '000', 0, 0, 30, 30, 'check', '#1307', '2018-08-25', '', '2018-10-25 22:22:30', '2018-10-25 22:22:30', 0),
(163, 134, 0, 'books', '000', '000', 'pre_kinder_books_fee', 0, 0, 55, 55, 'check', '#1307', '2018-08-25', '', '2018-10-25 22:22:43', '2018-10-25 22:22:43', 0),
(164, 134, 0, 'tuition', 'monthly', '000', '000', 0, 0, 75, 75, 'check', '#1307', '2018-08-25', '', '2018-10-25 22:23:10', '2018-10-25 22:23:10', 0),
(165, 132, 0, 'registration_fee', '000', '000', '000', 0, 0, 30, 30, 'check', '#065', '2018-08-25', '', '2018-10-25 22:24:15', '2018-10-25 22:24:15', 0),
(166, 132, 0, 'books', '000', '000', 'pre_kinder_books_fee', 0, 0, 55, 55, 'check', '#065', '2018-08-25', '', '2018-10-25 22:24:28', '2018-10-25 22:24:28', 0),
(167, 132, 0, 'tuition', 'monthly', '000', '000', 0, 0, 80, 80, 'check', '#065', '2018-08-25', '', '2018-10-25 22:24:49', '2018-10-25 22:24:49', 0),
(168, 139, 0, 'registration_fee', '000', '000', '000', 0, 0, 30, 30, 'cash', 'Hend Aly made payment', '2018-08-25', '', '2018-10-25 22:26:20', '2018-10-25 22:26:20', 0),
(169, 139, 0, 'books', '000', '000', 'elementary_books_fee', 0, 0, 40, 40, 'cash', 'Hend Aly made payment', '2018-08-25', '', '2018-10-25 22:26:35', '2018-10-25 22:26:35', 0),
(170, 139, 0, 'tuition', 'monthly', '000', '000', 0, 0, 80, 80, 'cash', 'Hend Aly made payment', '2018-08-25', '', '2018-10-25 22:26:59', '2018-10-25 22:26:59', 0),
(171, 140, 0, 'registration_fee', '000', '000', '000', 0, 0, 30, 30, 'cash', 'Hend Aly made payment', '2018-08-25', '', '2018-10-25 22:27:18', '2018-10-25 22:27:18', 0),
(172, 140, 0, 'books', '000', '000', 'elementary_books_fee', 0, 0, 55, 55, 'cash', 'Hend Aly made payment', '2018-08-25', '', '2018-10-25 22:27:58', '2018-10-25 22:27:58', 0),
(173, 140, 0, 'tuition', 'monthly', '000', '000', 0, 0, 75, 75, 'cash', 'Hend Aly made payment', '2018-08-25', '', '2018-10-25 22:28:14', '2018-10-25 22:28:14', 0),
(175, 140, 0, 'custom_payment', '000', '000', '000', 0, 0, 10, 10, 'cash', 'Hend Aly made payment\r\nDONATION', '2018-08-25', 'DONATION', '2018-10-25 22:31:14', '2018-11-02 20:27:16', 0),
(176, 138, 0, 'registration_fee', '000', '000', '000', 0, 0, 30, 30, 'check', '#1792', '2018-08-25', '', '2018-10-25 22:32:30', '2018-10-25 22:32:30', 0),
(177, 138, 0, 'books', '000', '000', 'elementary_books_fee', 0, 0, 55, 55, 'check', '#1792', '2018-08-25', '', '2018-10-25 22:32:45', '2018-10-25 22:32:45', 0),
(178, 138, 0, 'tuition', 'monthly', '000', '000', 0, 0, 80, 80, 'check', '#1792', '2018-08-25', '', '2018-10-25 22:33:04', '2018-10-25 22:33:04', 0),
(179, 288, 0, 'registration_fee', '000', '000', '000', 0, 0, 30, 30, 'check', '#3225', '2018-08-25', '', '2018-10-25 22:34:07', '2018-10-25 22:34:07', 0),
(180, 288, 0, 'books', '000', '000', 'pre_kinder_books_fee', 0, 0, 55, 55, 'check', '#3225', '2018-08-25', '', '2018-10-25 22:34:20', '2018-10-25 22:34:20', 0),
(181, 288, 0, 'tuition', 'monthly', '000', '000', 0, 0, 80, 80, 'check', '#3225', '2018-08-25', '', '2018-10-25 22:34:54', '2018-10-25 22:34:54', 0),
(182, 353, 0, 'registration_fee', '000', '000', '000', 0, 0, 30, 30, 'check', '#3225', '2018-08-25', '', '2018-10-25 22:35:19', '2018-10-25 22:35:19', 0),
(183, 353, 0, 'books', '000', '000', 'elementary_books_fee', 0, 0, 40, 40, 'check', '#3225', '2018-08-25', '', '2018-10-25 22:35:33', '2018-10-25 22:35:33', 0),
(184, 353, 0, 'tuition', 'monthly', '000', '000', 0, 0, 75, 75, 'check', '#3225', '2018-08-25', '', '2018-10-25 22:35:54', '2018-10-25 22:35:54', 0),
(185, 278, 0, 'registration_fee', '000', '000', '000', 0, 0, 30, 30, 'check', '#3225', '2018-08-25', '', '2018-10-25 22:36:49', '2018-10-25 22:36:49', 0),
(186, 278, 0, 'books', '000', '000', 'elementary_books_fee', 0, 0, 55, 55, 'check', '#3225', '2018-08-25', '', '2018-10-25 22:37:06', '2018-10-25 22:37:06', 0),
(187, 278, 0, 'tuition', 'monthly', '000', '000', 0, 0, 70, 70, 'check', '#3225', '2018-08-25', '', '2018-10-25 22:37:25', '2018-10-25 22:37:25', 0),
(188, 97, 0, 'registration_fee', '000', '000', '000', 0, 0, 30, 30, 'check', '#263', '2018-08-18', '', '2018-10-25 22:38:38', '2018-10-25 22:38:38', 0),
(189, 97, 0, 'books', '000', '000', 'elementary_books_fee', 0, 0, 40, 40, 'check', '#263', '2018-08-18', '', '2018-10-25 22:38:56', '2018-10-25 22:38:56', 0),
(191, 97, 0, 'tuition', 'full_year', '000', '000', 0, 0, 700, 700, 'check', '#263\r\nDISCOUNT INCLUDED', '2018-08-18', '', '2018-10-25 22:40:56', '2018-11-02 20:29:22', 0),
(192, 271, 0, 'registration_fee', '000', '000', '000', 0, 0, 30, 30, 'cash', 'Reg Fee', '2018-08-25', '', '2018-10-25 22:43:02', '2018-10-25 22:43:02', 0),
(193, 271, 0, 'books', '000', '000', 'pre_kinder_books_fee', 0, 0, 55, 55, 'cash', 'Books', '2018-08-25', '', '2018-10-25 22:43:14', '2018-10-25 22:43:14', 0),
(194, 271, 0, 'tuition', 'monthly', '000', '000', 0, 0, 80, 80, 'cash', 'Sep Tuition', '2018-08-25', '', '2018-10-25 22:43:41', '2018-10-25 22:43:41', 0),
(195, 292, 0, 'registration_fee', '000', '000', '000', 0, 0, 30, 30, 'cash', 'Reg Fee', '2018-08-25', '', '2018-10-25 22:44:05', '2018-10-25 22:44:05', 0),
(196, 292, 0, 'books', '000', '000', 'pre_kinder_books_fee', 0, 0, 55, 55, 'cash', 'Books', '2018-08-25', '', '2018-10-25 22:44:18', '2018-10-25 22:44:18', 0),
(197, 292, 0, 'tuition', 'monthly', '000', '000', 0, 0, 75, 75, 'cash', 'Sep Tuition', '2018-08-25', '', '2018-10-25 22:44:58', '2018-10-25 22:44:58', 0),
(198, 96, 0, 'registration_fee', '000', '000', '000', 0, 0, 30, 30, 'cash', 'Reg Fee', '2018-08-25', '', '2018-10-25 23:58:39', '2018-10-25 23:58:39', 0),
(199, 96, 0, 'books', '000', '000', 'elementary_books_fee', 0, 0, 40, 40, 'cash', 'Books', '2018-08-25', '', '2018-10-25 23:58:55', '2018-10-25 23:58:55', 0),
(200, 96, 0, 'tuition', 'monthly', '000', '000', 0, 0, 80, 80, 'cash', 'Sep Tuition', '2018-08-25', '', '2018-10-25 23:59:21', '2018-10-25 23:59:21', 0),
(201, 365, 0, 'registration_fee', '000', '000', '000', 0, 0, 30, 30, 'cash', 'Reg Fee', '2018-08-25', '', '2018-10-26 00:01:49', '2018-10-26 00:01:49', 0),
(202, 365, 0, 'books', '000', '000', 'pre_kinder_books_fee', 0, 0, 55, 55, 'cash', 'Books', '2018-08-25', '', '2018-10-26 00:02:02', '2018-10-26 00:02:02', 0),
(203, 365, 0, 'tuition', 'monthly', '000', '000', 0, 0, 80, 80, 'cash', 'Sep Tuition', '2018-08-25', '', '2018-10-26 00:02:22', '2018-10-26 00:02:22', 0),
(204, 109, 0, 'registration_fee', '000', '000', '000', 0, 0, 30, 30, 'cash', 'Reg Fee', '2018-08-18', '', '2018-10-26 00:03:35', '2018-10-26 00:03:35', 0),
(205, 109, 0, 'books', '000', '000', 'pre_kinder_books_fee', 0, 0, 55, 55, 'cash', 'Books', '2018-08-18', '', '2018-10-26 00:03:50', '2018-10-26 00:03:50', 0),
(206, 109, 0, 'tuition', 'monthly', '000', '000', 0, 0, 80, 80, 'cash', 'Sep Tuition', '2018-08-25', '', '2018-10-26 00:04:11', '2018-10-26 00:04:11', 0),
(207, 289, 0, 'registration_fee', '000', '000', '000', 0, 0, 30, 30, 'check', '#1073', '2018-08-18', '', '2018-10-26 00:04:58', '2018-10-26 00:04:58', 0),
(208, 289, 0, 'books', '000', '000', 'pre_kinder_books_fee', 0, 0, 55, 55, 'check', '#1073', '2018-08-18', '', '2018-10-26 00:05:14', '2018-10-26 00:05:21', 0),
(209, 289, 0, 'tuition', 'monthly', '000', '000', 0, 0, 80, 80, 'check', '#1073', '2018-08-18', '', '2018-10-26 00:06:01', '2018-10-26 00:06:01', 0),
(210, 101, 0, 'registration_fee', '000', '000', '000', 0, 0, 30, 30, 'cash', 'Reg Fee', '2018-08-18', '', '2018-10-26 00:06:51', '2018-10-26 00:06:51', 0),
(211, 101, 0, 'books', '000', '000', 'elementary_books_fee', 0, 0, 55, 55, 'cash', 'Books', '2018-08-18', '', '2018-10-26 00:07:20', '2018-10-26 00:07:20', 0),
(212, 101, 0, 'tuition', 'monthly', '000', '000', 0, 0, 80, 80, 'cash', 'Sep Tuition', '2018-08-18', '', '2018-10-26 00:07:39', '2018-10-26 00:07:39', 0),
(213, 110, 0, 'registration_fee', '000', '000', '000', 0, 0, 30, 30, 'check', '#1016', '2018-08-18', '', '2018-10-26 00:08:39', '2018-10-26 00:08:39', 0),
(214, 110, 0, 'books', '000', '000', 'pre_kinder_books_fee', 0, 0, 55, 55, 'check', '#1016', '2018-08-18', '', '2018-10-26 00:08:51', '2018-10-26 00:08:51', 0),
(215, 110, 0, 'tuition', 'monthly', '000', '000', 0, 0, 80, 80, 'check', '#1016', '2018-08-18', '', '2018-10-26 00:09:09', '2018-10-26 00:09:09', 0),
(216, 162, 0, 'registration_fee', '000', '000', '000', 0, 0, 30, 30, 'cash', 'Reg Fee', '2018-08-25', '', '2018-10-26 00:10:03', '2018-10-26 00:10:03', 0),
(217, 162, 0, 'books', '000', '000', 'elementary_books_fee', 0, 0, 40, 40, 'cash', 'Books', '2018-08-25', '', '2018-10-26 00:10:18', '2018-10-26 00:10:18', 0),
(218, 162, 0, 'tuition', 'monthly', '000', '000', 0, 0, 80, 80, 'cash', 'Sep Tuition', '2018-08-25', '', '2018-10-26 00:10:40', '2018-10-26 00:10:40', 0),
(219, 161, 0, 'registration_fee', '000', '000', '000', 0, 0, 30, 30, 'cash', 'Reg Fee', '2018-08-25', '', '2018-10-26 00:10:56', '2018-10-26 00:10:56', 0),
(220, 161, 0, 'books', '000', '000', 'elementary_books_fee', 0, 0, 40, 40, 'cash', 'Books', '2018-08-25', '', '2018-10-26 00:11:09', '2018-10-26 00:11:09', 0),
(221, 161, 0, 'tuition', 'monthly', '000', '000', 0, 0, 75, 75, 'cash', 'Sep Tuition', '2018-08-25', '', '2018-10-26 00:11:31', '2018-10-26 00:11:31', 0),
(222, 115, 0, 'registration_fee', '000', '000', '000', 0, 0, 30, 30, 'cash', 'Reg Fee', '2018-08-25', '', '2018-10-26 00:12:29', '2018-10-26 00:12:29', 0),
(223, 115, 0, 'books', '000', '000', 'elementary_books_fee', 0, 0, 55, 55, 'cash', 'Books', '2018-08-25', '', '2018-10-26 00:13:02', '2018-10-26 00:13:02', 0),
(224, 115, 0, 'tuition', 'monthly', '000', '000', 0, 0, 80, 80, 'cash', 'Sep Tuition', '2018-08-25', '', '2018-10-26 00:13:20', '2018-10-26 00:13:20', 0),
(225, 273, 0, 'registration_fee', '000', '000', '000', 0, 0, 30, 30, 'cash', 'Reg fee', '2018-09-08', '', '2018-10-26 00:14:53', '2018-10-26 00:14:53', 0),
(226, 273, 0, 'books', '000', '000', 'elementary_books_fee', 0, 0, 55, 55, 'cash', 'Books', '2018-09-08', '', '2018-10-26 00:15:13', '2018-10-26 00:15:13', 0),
(227, 273, 0, 'tuition', 'monthly', '000', '000', 0, 0, 80, 80, 'cash', 'Sep Tuition', '2018-09-08', '', '2018-10-26 00:15:32', '2018-10-26 00:15:32', 0),
(228, 260, 0, 'registration_fee', '000', '000', '000', 0, 0, 30, 30, 'cash', 'Reg fee', '2018-09-08', '', '2018-10-26 00:15:52', '2018-10-26 00:15:52', 0),
(229, 260, 0, 'books', '000', '000', 'elementary_books_fee', 0, 0, 55, 55, 'cash', 'Books', '2018-09-08', '', '2018-10-26 00:16:15', '2018-10-26 00:16:15', 0),
(230, 260, 0, 'tuition', 'monthly', '000', '000', 0, 0, 75, 75, 'cash', 'Sep Tuition', '2018-09-08', '', '2018-10-26 00:16:55', '2018-10-26 00:16:55', 0),
(231, 253, 0, 'custom_payment', '000', '000', '000', 0, 0, 20, 20, 'cash', 'ONE DAY TRIAL\r\nRania Made Payment', '2018-09-08', '', '2018-10-26 00:18:09', '2018-11-02 20:30:54', 0),
(232, 216, 0, 'registration_fee', '000', '000', '000', 0, 0, 30, 30, 'check', '#3208', '2018-09-08', '', '2018-10-26 00:19:14', '2018-10-26 00:19:14', 0),
(233, 216, 0, 'books', '000', '000', 'pre_kinder_books_fee', 0, 0, 55, 55, 'check', '#3208', '2018-09-08', '', '2018-10-26 00:19:29', '2018-10-26 00:19:29', 0),
(234, 216, 0, 'tuition', 'monthly', '000', '000', 0, 0, 80, 80, 'check', '#3208', '2018-09-08', '', '2018-10-26 00:19:47', '2018-10-26 00:19:47', 0),
(235, 217, 0, 'registration_fee', '000', '000', '000', 0, 0, 30, 30, 'cash', 'Reg Fee', '2018-09-08', '', '2018-10-26 00:21:10', '2018-10-26 00:21:10', 0),
(236, 217, 0, 'books', '000', '000', 'elementary_books_fee', 0, 0, 55, 40, 'cash', 'Books', '2018-09-08', '', '2018-10-26 00:21:25', '2018-10-26 00:23:53', 0),
(237, 217, 0, 'tuition', 'monthly', '000', '000', 0, 0, 80, 80, 'cash', 'Sep Tuition', '2018-09-08', '', '2018-10-26 00:21:45', '2018-10-26 00:21:45', 0),
(238, 269, 0, 'registration_fee', '000', '000', '000', 0, 0, 30, 30, 'cash', 'Reg Fee', '2018-09-08', '', '2018-10-26 00:22:04', '2018-10-26 00:22:04', 0),
(239, 269, 0, 'books', '000', '000', 'elementary_books_fee', 0, 0, 55, 55, 'cash', 'Books', '2018-09-08', '', '2018-10-26 00:22:21', '2018-10-26 00:22:21', 0),
(240, 269, 0, 'tuition', 'monthly', '000', '000', 0, 0, 75, 75, 'cash', 'Sep Tuition', '2018-09-08', '', '2018-10-26 00:23:05', '2018-10-26 00:23:05', 0),
(241, 237, 0, 'tuition', 'monthly', '000', '000', 0, 0, 10, 10, 'cash', 'BOOK CLUB SEP', '2018-09-08', '', '2018-10-26 00:25:04', '2018-11-02 20:32:56', 0),
(242, 236, 0, 'tuition', 'monthly', '000', '000', 0, 0, 10, 10, 'cash', 'BOOK CLUB SEP', '2018-09-08', '', '2018-10-26 00:25:24', '2018-11-02 20:33:12', 0),
(243, 287, 0, 'registration_fee', '000', '000', '000', 0, 0, 30, 30, 'check', '#1027', '2018-09-08', '', '2018-10-26 00:26:02', '2018-10-26 00:26:02', 0),
(244, 287, 0, 'books', '000', '000', 'elementary_books_fee', 0, 0, 55, 55, 'check', '#1027', '2018-09-08', '', '2018-10-26 00:26:16', '2018-10-26 00:26:16', 0),
(245, 287, 0, 'tuition', 'monthly', '000', '000', 0, 0, 80, 80, 'check', '#1027', '2018-09-08', '', '2018-10-26 00:26:32', '2018-10-26 00:26:32', 0),
(246, 290, 0, 'registration_fee', '000', '000', '000', 0, 0, 30, 30, 'cash', 'Reg Fee', '2018-09-08', '', '2018-10-26 00:27:23', '2018-10-26 00:27:23', 0),
(247, 290, 0, 'books', '000', '000', 'pre_kinder_books_fee', 0, 0, 55, 55, 'cash', 'Books', '2018-09-08', '', '2018-10-26 00:27:38', '2018-10-26 00:27:38', 0),
(248, 290, 0, 'tuition', 'monthly', '000', '000', 0, 0, 80, 80, 'cash', 'Sep Tuition', '2018-09-08', '', '2018-10-26 00:27:57', '2018-10-26 00:27:57', 0),
(249, 207, 0, 'registration_fee', '000', '000', '000', 0, 0, 30, 30, 'check', '#0998', '2018-09-08', '', '2018-10-26 00:29:31', '2018-10-26 00:29:31', 0),
(250, 207, 0, 'books', '000', '000', 'pre_kinder_books_fee', 0, 0, 55, 55, 'check', '#0998', '2018-09-08', '', '2018-10-26 00:29:45', '2018-10-26 00:29:45', 0),
(251, 207, 0, 'tuition', 'monthly', '000', '000', 0, 0, 80, 80, 'check', '#0998', '2018-09-08', '', '2018-10-26 00:30:01', '2018-10-26 00:30:01', 0),
(252, 92, 0, 'registration_fee', '000', '000', '000', 0, 0, 30, 30, 'cash', 'Reg Fee', '2018-09-08', '', '2018-10-26 00:30:47', '2018-10-26 00:30:47', 0),
(253, 92, 0, 'books', '000', '000', 'elementary_books_fee', 0, 0, 40, 40, 'cash', 'Books', '2018-09-08', '', '2018-10-26 00:31:01', '2018-10-26 00:31:01', 0),
(254, 92, 0, 'tuition', 'monthly', '000', '000', 0, 0, 80, 80, 'cash', 'Sep Tuition', '2018-09-08', '', '2018-10-26 00:31:21', '2018-10-26 00:31:21', 0),
(255, 93, 0, 'registration_fee', '000', '000', '000', 0, 0, 30, 30, 'cash', 'Reg Fee', '2018-09-08', '', '2018-10-26 00:31:41', '2018-10-26 00:31:41', 0),
(256, 93, 0, 'books', '000', '000', 'elementary_books_fee', 0, 0, 40, 40, 'cash', 'Books', '2018-09-08', '', '2018-10-26 00:31:55', '2018-10-26 00:31:55', 0),
(257, 93, 0, 'tuition', 'monthly', '000', '000', 0, 0, 75, 75, 'cash', 'Sep Tuition', '2018-09-08', '', '2018-10-26 00:32:14', '2018-10-26 00:32:14', 0),
(258, 93, 0, 'custom_payment', '000', '000', '000', 0, 0, 5, 5, 'cash', 'DONATION', '2018-09-08', '', '2018-10-26 00:33:16', '2018-10-26 00:33:16', 0),
(259, 91, 0, 'registration_fee', '000', '000', '000', 0, 0, 30, 30, 'cash', 'Reg Fee', '2018-09-08', '', '2018-10-26 00:34:14', '2018-10-26 00:34:14', 0),
(260, 91, 0, 'books', '000', '000', 'elementary_books_fee', 0, 0, 40, 40, 'cash', 'Books', '2018-09-08', '', '2018-10-26 00:34:28', '2018-10-26 00:34:28', 0),
(261, 91, 0, 'tuition', 'monthly', '000', '000', 0, 0, 80, 80, 'cash', 'Sep Tuition', '2018-09-08', '', '2018-10-26 00:34:45', '2018-10-26 00:34:45', 0),
(262, 164, 0, 'registration_fee', '000', '000', '000', 0, 0, 30, 30, 'cash', 'Reg Fee', '2018-09-08', '', '2018-10-26 00:35:31', '2018-10-26 00:35:31', 0),
(263, 164, 0, 'books', '000', '000', 'pre_kinder_books_fee', 0, 0, 55, 55, 'cash', 'Books', '2018-09-08', '', '2018-10-26 00:35:45', '2018-10-26 00:35:45', 0),
(264, 164, 0, 'tuition', 'monthly', '000', '000', 0, 0, 80, 80, 'cash', 'Sep Tuition', '2018-09-08', '', '2018-10-26 00:36:05', '2018-10-26 00:36:05', 0),
(265, 366, 0, 'registration_fee', '000', '000', '000', 0, 0, 30, 30, 'cash', 'Reg Fee', '2018-09-08', '', '2018-10-26 00:37:49', '2018-10-26 00:37:49', 0),
(266, 366, 0, 'books', '000', '000', 'elementary_books_fee', 0, 0, 55, 55, 'cash', 'Books', '2018-09-08', '', '2018-10-26 00:38:02', '2018-10-26 00:38:02', 0),
(267, 366, 0, 'tuition', 'monthly', '000', '000', 0, 0, 75, 75, 'cash', 'Sep Tuition', '2018-09-08', '', '2018-10-26 00:38:19', '2018-10-26 00:38:19', 0),
(268, 166, 0, 'registration_fee', '000', '000', '000', 0, 0, 30, 30, 'check', '#208', '2018-09-08', '', '2018-10-26 00:48:32', '2018-10-26 00:48:32', 0),
(269, 166, 0, 'books', '000', '000', 'elementary_books_fee', 0, 0, 55, 55, 'check', '#208', '2018-09-08', '', '2018-10-26 00:48:46', '2018-10-26 00:48:46', 0),
(270, 166, 0, 'tuition', 'monthly', '000', '000', 0, 0, 80, 80, 'check', '#208', '2018-09-08', '', '2018-10-26 00:49:06', '2018-10-26 00:49:06', 0),
(271, 272, 0, 'registration_fee', '000', '000', '000', 0, 0, 30, 30, 'check', '#208', '2018-09-08', '', '2018-10-26 00:49:28', '2018-10-26 00:49:28', 0),
(272, 272, 0, 'tuition', 'monthly', '000', '000', 0, 0, 75, 75, 'check', '#208', '2018-09-08', '', '2018-10-26 00:49:46', '2018-10-26 00:49:46', 0),
(273, 272, 0, 'books', '000', '000', 'pre_kinder_books_fee', 0, 0, 55, 55, 'check', '#208', '2018-09-08', '', '2018-10-26 00:50:02', '2018-10-26 00:50:02', 0),
(274, 167, 0, 'registration_fee', '000', '000', '000', 0, 0, 30, 30, 'check', '#208', '2018-09-08', '', '2018-10-26 00:50:25', '2018-10-26 00:50:25', 0),
(275, 167, 0, 'books', '000', '000', 'elementary_books_fee', 0, 0, 40, 40, 'check', '#208', '2018-09-08', '', '2018-10-26 00:50:42', '2018-10-26 00:50:42', 0),
(276, 167, 0, 'tuition', 'monthly', '000', '000', 0, 0, 70, 70, 'check', '#208', '2018-09-08', '', '2018-10-26 00:51:01', '2018-10-26 00:51:01', 0),
(277, 141, 0, 'registration_fee', '000', '000', '000', 0, 0, 30, 30, 'check', '#299', '2018-09-08', '', '2018-10-26 00:53:00', '2018-10-26 00:53:00', 0),
(278, 141, 0, 'books', '000', '000', 'pre_kinder_books_fee', 0, 0, 55, 55, 'check', '#299', '2018-09-08', '', '2018-10-26 00:53:13', '2018-10-26 00:53:13', 0),
(279, 141, 0, 'tuition', 'monthly', '000', '000', 0, 0, 80, 80, 'check', '#299', '2018-09-08', '', '2018-10-26 00:53:28', '2018-10-26 00:53:28', 0),
(280, 313, 0, 'registration_fee', '000', '000', '000', 0, 0, 30, 30, 'check', '#1044', '2018-09-08', '', '2018-10-26 19:16:58', '2018-10-26 19:16:58', 0),
(281, 313, 0, 'books', '000', '000', 'elementary_books_fee', 0, 0, 55, 55, 'check', '#1044', '2018-09-08', '', '2018-10-26 19:17:14', '2018-10-26 19:17:14', 0),
(282, 313, 0, 'tuition', 'monthly', '000', '000', 0, 0, 80, 80, 'check', '#1044', '2018-09-08', '', '2018-10-26 19:17:30', '2018-10-26 19:17:30', 0),
(283, 264, 0, 'custom_payment', '000', '000', '000', 0, 0, 20, 20, 'check', '#1044\r\nONE DAY TRIAL', '2018-09-08', '', '2018-10-26 19:18:42', '2018-11-02 20:39:55', 0),
(284, 358, 0, 'registration_fee', '000', '000', '000', 0, 0, 30, 30, 'check', '#399', '2018-09-08', '', '2018-10-26 19:19:36', '2018-10-26 19:19:36', 0),
(285, 358, 0, 'books', '000', '000', 'elementary_books_fee', 0, 0, 40, 40, 'check', '#399', '2018-09-08', '', '2018-10-26 19:19:49', '2018-10-26 19:19:49', 0),
(286, 358, 0, 'tuition', 'monthly', '000', '000', 0, 0, 80, 80, 'check', '#399', '2018-09-08', '', '2018-10-26 19:20:06', '2018-10-26 19:20:06', 0),
(287, 308, 0, 'registration_fee', '000', '000', '000', 0, 0, 30, 30, 'check', '#399', '2018-09-08', '', '2018-10-26 19:20:24', '2018-10-26 19:20:24', 0),
(288, 308, 0, 'books', '000', '000', 'elementary_books_fee', 0, 0, 40, 40, 'check', '#399', '2018-09-08', '', '2018-10-26 19:20:45', '2018-10-26 19:20:45', 0),
(289, 308, 0, 'tuition', 'monthly', '000', '000', 0, 0, 75, 75, 'check', '#399', '2018-09-08', '', '2018-10-26 19:21:02', '2018-10-26 19:21:02', 0),
(290, 277, 0, 'registration_fee', '000', '000', '000', 0, 0, 30, 30, 'check', '#399', '2018-09-08', '', '2018-10-26 19:21:42', '2018-10-26 19:21:42', 0),
(292, 277, 0, 'tuition', 'monthly', '000', '000', 0, 0, 70, 70, 'check', '#399', '2018-09-08', '', '2018-10-26 19:22:17', '2018-10-26 19:22:17', 0),
(293, 256, 0, 'registration_fee', '000', '000', '000', 0, 0, 30, 30, 'check', '#136', '2018-09-08', '', '2018-10-26 19:24:07', '2018-10-26 19:24:07', 0),
(294, 256, 0, 'books', '000', '000', 'elementary_books_fee', 0, 0, 55, 55, 'check', '#136', '2018-09-08', '', '2018-10-26 19:24:22', '2018-10-26 19:24:22', 0),
(295, 256, 0, 'tuition', 'monthly', '000', '000', 0, 0, 80, 80, 'check', '#136', '2018-09-08', '', '2018-10-26 19:24:41', '2018-10-26 19:24:41', 0),
(296, 257, 0, 'registration_fee', '000', '000', '000', 0, 0, 30, 30, 'check', '#136', '2018-09-08', '', '2018-10-26 19:24:59', '2018-10-26 19:24:59', 0),
(297, 257, 0, 'books', '000', '000', 'elementary_books_fee', 0, 0, 55, 55, 'check', '#136', '2018-09-08', '', '2018-10-26 19:25:16', '2018-10-26 19:25:16', 0),
(298, 257, 0, 'tuition', 'monthly', '000', '000', 0, 0, 75, 75, 'check', '#136', '2018-09-08', '', '2018-10-26 19:25:38', '2018-10-26 19:25:38', 0),
(299, 247, 0, 'custom_payment', '000', '000', '000', 0, 0, 20, 20, 'cash', 'ONE DAY TRIAL', '2018-09-08', '', '2018-10-26 19:26:40', '2018-11-02 20:41:05', 0),
(303, 263, 0, 'custom_payment', '000', '000', '000', 0, 0, 20, 20, 'cash', 'ONE DAY TRIAL', '2018-09-08', '', '2018-10-26 19:28:55', '2018-11-02 20:47:50', 0),
(304, 239, 0, 'registration_fee', '000', '000', '000', 0, 0, 40, 40, 'cash', 'Reg Fee Youth Group', '2018-09-08', '', '2018-10-26 19:31:21', '2018-10-26 19:31:21', 0),
(305, 239, 0, 'tuition', 'monthly', '000', '000', 0, 0, 80, 80, 'cash', 'Sep Tuition', '2018-09-08', '', '2018-10-26 19:31:42', '2018-10-26 19:31:42', 0),
(306, 221, 0, 'registration_fee', '000', '000', '000', 0, 0, 30, 30, 'cash', 'Reg Fee', '2018-09-08', '', '2018-10-26 19:33:20', '2018-10-26 19:33:20', 0),
(307, 221, 0, 'books', '000', '000', 'elementary_books_fee', 0, 0, 40, 40, 'cash', 'Books', '2018-09-08', '', '2018-10-26 19:33:33', '2018-10-26 19:33:33', 0),
(308, 221, 0, 'tuition', 'monthly', '000', '000', 0, 0, 80, 80, 'cash', 'Sep Tuition', '2018-09-08', '', '2018-10-26 19:33:54', '2018-10-26 19:33:54', 0),
(309, 221, 0, 'custom_payment', '000', '000', '000', 0, 0, 20, 20, 'cash', 'ONE DAY TRIAL\r\nSister: Heyam Zaid', '2018-09-08', '', '2018-10-26 19:34:26', '2018-10-26 19:34:26', 0),
(310, 94, 0, 'registration_fee', '000', '000', '000', 0, 0, 30, 30, 'cash', 'Reg Fee', '2018-09-08', '', '2018-10-26 19:35:58', '2018-10-26 19:35:58', 0),
(311, 94, 0, 'books', '000', '000', 'elementary_books_fee', 0, 0, 55, 40, 'cash', 'Books', '2018-09-08', '', '2018-10-26 19:36:18', '2018-12-20 16:12:09', 0),
(312, 94, 0, 'tuition', 'monthly', '000', '000', 0, 0, 80, 80, 'cash', 'Sep Tuition', '2018-09-08', '', '2018-10-26 19:36:37', '2018-10-26 19:36:37', 0),
(313, 95, 0, 'registration_fee', '000', '000', '000', 0, 0, 30, 30, 'cash', 'Reg Fee', '2018-09-08', '', '2018-10-26 19:36:52', '2018-10-26 19:36:52', 0),
(314, 95, 0, 'books', '000', '000', 'elementary_books_fee', 0, 0, 55, 40, 'cash', 'Books', '2018-09-08', '', '2018-10-26 19:37:09', '2018-12-20 16:12:18', 0),
(315, 95, 0, 'tuition', 'monthly', '000', '000', 0, 0, 75, 75, 'cash', 'Sep Tuition', '2018-09-08', '', '2018-10-26 19:37:29', '2018-10-26 19:37:29', 0),
(316, 261, 0, 'registration_fee', '000', '000', '000', 0, 0, 30, 30, 'cash', 'Reg Fee', '2018-09-08', '', '2018-10-26 19:38:49', '2018-10-26 19:38:49', 0),
(317, 261, 0, 'books', '000', '000', 'pre_kinder_books_fee', 0, 0, 55, 55, 'cash', 'Books', '2018-09-08', '', '2018-10-26 19:39:04', '2018-10-26 19:39:04', 0),
(318, 261, 0, 'tuition', 'monthly', '000', '000', 0, 0, 80, 80, 'cash', 'Sep Tuition', '2018-09-08', '', '2018-10-26 19:39:27', '2018-10-26 19:39:27', 0),
(319, 120, 0, 'registration_fee', '000', '000', '000', 0, 0, 30, 30, 'cash', 'Reg Fee', '2018-09-08', '', '2018-10-26 19:39:44', '2018-10-26 19:39:44', 0),
(320, 120, 0, 'books', '000', '000', 'elementary_books_fee', 0, 0, 55, 55, 'cash', 'Books', '2018-09-08', '', '2018-10-26 19:40:02', '2018-10-26 19:40:02', 0),
(321, 120, 0, 'tuition', 'monthly', '000', '000', 0, 0, 75, 75, 'cash', 'Sep Tuition', '2018-09-08', '', '2018-10-26 19:40:22', '2018-10-26 19:40:22', 0),
(322, 307, 0, 'registration_fee', '000', '000', '000', 0, 0, 30, 30, 'cash', 'Reg Fee', '2018-09-08', '', '2018-10-26 19:43:51', '2018-10-26 19:43:51', 0),
(323, 307, 0, 'books', '000', '000', 'elementary_books_fee', 0, 0, 55, 55, 'cash', 'Books', '2018-09-08', '', '2018-10-26 19:44:08', '2018-10-26 19:44:08', 0),
(324, 307, 0, 'tuition', 'monthly', '000', '000', 0, 0, 80, 80, 'cash', 'Sep Tuition', '2018-09-08', '', '2018-10-26 19:44:30', '2018-10-26 19:44:30', 0),
(325, 270, 0, 'registration_fee', '000', '000', '000', 0, 0, 30, 30, 'check', '#1007', '2018-09-08', '', '2018-10-26 19:45:12', '2018-10-26 19:45:12', 0),
(326, 270, 0, 'books', '000', '000', 'pre_kinder_books_fee', 0, 0, 55, 55, 'check', '#1007', '2018-09-08', '', '2018-10-26 19:45:30', '2018-10-26 19:45:30', 0),
(327, 270, 0, 'tuition', 'monthly', '000', '000', 0, 0, 80, 80, 'check', '#1007', '2018-09-08', '', '2018-10-26 19:45:48', '2018-10-26 19:45:48', 0),
(328, 297, 0, 'custom_payment', '000', '000', '000', 0, 0, 20, 20, 'cash', 'ONE DAY TRIAL', '2018-09-08', '', '2018-10-26 19:46:42', '2018-11-03 03:08:11', 0),
(329, 215, 0, 'registration_fee', '000', '000', '000', 0, 0, 30, 30, 'cash', 'Reg Fee', '2018-09-08', '', '2018-10-26 19:47:50', '2018-10-26 19:47:50', 0),
(330, 215, 0, 'books', '000', '000', 'pre_kinder_books_fee', 0, 0, 55, 55, 'cash', 'Books', '2018-09-08', '', '2018-10-26 19:48:21', '2018-10-26 19:48:21', 0),
(331, 215, 0, 'tuition', 'monthly', '000', '000', 0, 0, 80, 80, 'cash', 'Sep Tuition', '2018-09-08', '', '2018-10-26 19:48:46', '2018-10-26 19:48:46', 0),
(332, 359, 0, 'registration_fee', '000', '000', '000', 0, 0, 30, 30, 'cash', 'Reg Fee', '2018-09-08', '', '2018-10-26 19:49:14', '2018-10-26 19:49:14', 0),
(333, 359, 0, 'books', '000', '000', 'elementary_books_fee', 0, 0, 55, 40, 'cash', 'Books', '2018-09-08', '', '2018-10-26 19:49:38', '2018-10-26 19:50:57', 0),
(334, 359, 0, 'tuition', 'monthly', '000', '000', 0, 0, 75, 75, 'cash', 'Sep Tuition', '2018-09-08', '', '2018-10-26 19:50:00', '2018-10-26 19:50:00', 0),
(335, 360, 0, 'registration_fee', '000', '000', '000', 0, 0, 30, 30, 'cash', 'Reg Fee', '2018-09-08', '', '2018-11-01 20:44:50', '2018-11-01 20:44:50', 0),
(336, 360, 0, 'books', '000', '000', 'pre_kinder_books_fee', 0, 0, 55, 40, 'cash', 'Elementary Books', '2018-09-08', '', '2018-11-01 20:45:43', '2018-11-01 20:45:43', 0),
(337, 87, 0, 'registration_fee', '000', '000', '000', 0, 0, 30, 30, 'cash', 'Reg Fee', '2018-09-08', '', '2018-11-02 18:02:45', '2018-11-02 18:02:45', 0),
(338, 87, 0, 'books', '000', '000', 'elementary_books_fee', 0, 0, 40, 40, 'cash', 'Books ', '2018-09-08', '', '2018-11-02 18:03:03', '2018-11-02 18:03:03', 0),
(339, 87, 0, 'tuition', 'monthly', '000', '000', 0, 0, 75, 75, 'cash', 'Sep Tuition', '2018-09-08', '', '2018-11-02 18:03:24', '2018-11-02 18:03:24', 0),
(340, 295, 0, 'registration_fee', '000', '000', '000', 0, 0, 30, 30, 'cash', 'Reg Fee', '2018-09-08', '', '2018-11-02 18:03:48', '2018-11-02 18:03:48', 0),
(341, 295, 0, 'books', '000', '000', 'pre_kinder_books_fee', 0, 0, 55, 55, 'cash', 'Books', '2018-09-08', '', '2018-11-02 18:04:05', '2018-11-02 18:04:05', 0),
(342, 295, 0, 'tuition', 'monthly', '000', '000', 0, 0, 70, 70, 'cash', 'Sep Tuition', '2018-09-08', '', '2018-11-02 18:04:25', '2018-11-02 18:04:25', 0),
(343, 86, 0, 'registration_fee', '000', '000', '000', 0, 0, 30, 30, 'cash', 'Reg Fee', '2018-09-08', '', '2018-11-02 18:04:49', '2018-11-02 18:04:49', 0),
(344, 86, 0, 'books', '000', '000', 'elementary_books_fee', 0, 0, 40, 40, 'cash', 'Books', '2018-09-08', '', '2018-11-02 18:05:13', '2018-11-02 18:05:13', 0),
(345, 86, 0, 'tuition', 'monthly', '000', '000', 0, 0, 80, 80, 'cash', 'Sep Tuition', '2018-09-08', '', '2018-11-02 18:05:29', '2018-11-02 18:05:29', 0),
(346, 171, 0, 'tuition', 'full_year', '000', '000', 0, 0, 655, 655, 'cash', 'Full Year Tuition\r\nDISCOUNT INCLUDED', '2018-08-25', '', '2018-11-02 18:08:47', '2018-11-02 20:22:53', 0),
(347, 170, 0, 'tuition', 'full_year', '000', '000', 0, 0, 700, 700, 'cash', 'Full Year Tuition\r\nDISCOUNT INCLUDED', '2018-08-25', '', '2018-11-02 18:09:36', '2018-11-02 20:23:06', 0),
(348, 171, 0, 'custom_payment', '000', '000', '000', 0, 0, 10, 10, 'cash', 'DONATION', '2018-08-25', '', '2018-11-02 18:10:13', '2018-11-02 18:10:13', 0),
(349, 128, 0, 'tuition', 'full_year', '000', '000', 0, 0, 700, 700, 'check', '#3012\r\nDISCOUNT INCLUDED', '2018-08-25', '', '2018-11-02 20:25:38', '2018-11-02 20:25:49', 0),
(350, 226, 0, 'custom_payment', '000', '000', '000', 0, 0, 20, 20, 'cash', 'ONE DAY TRIAL', '2018-09-08', '', '2018-11-02 20:35:04', '2018-11-02 20:35:04', 0),
(351, 285, 0, 'custom_payment', '000', '000', '000', 0, 0, 20, 20, 'cash', 'ONE DAY TRIAL', '2018-09-08', '', '2018-11-02 20:47:13', '2018-11-02 20:47:13', 0),
(352, 243, 0, 'custom_payment', '000', '000', '000', 0, 0, 20, 20, 'cash', 'ONE DAY TRIAL', '2018-09-08', '', '2018-11-02 20:47:37', '2018-11-02 20:47:37', 0),
(353, 363, 0, 'custom_payment', '000', '000', '000', 0, 0, 20, 20, 'cash', 'ONE DAY TRIAL\r\nPAID BY MANAL TAHA', '2018-09-08', '', '2018-11-02 20:48:55', '2018-11-02 20:48:55', 0),
(354, 277, 0, 'books', '000', '000', 'pre_kinder_books_fee', 0, 0, 55, 40, 'check', '#399\r\nELEMENTARY BOOKS', '2018-09-08', '', '2018-11-02 20:50:54', '2018-11-02 20:50:54', 0),
(355, 385, 0, 'registration_fee', '000', '000', '000', 0, 0, 30, 30, 'cash', 'Reg Fee', '2018-08-25', 'Hemat Aly made payment', '2018-11-03 19:29:51', '2018-11-03 19:29:51', 0),
(356, 385, 0, 'custom_payment', '000', '000', '000', 0, 0, 47, 47, 'cash', 'Books $47', '2018-08-25', 'Hemat Aly made payment', '2018-11-03 19:30:20', '2018-11-03 19:30:20', 0),
(357, 385, 0, 'tuition', 'monthly', '000', '000', 0, 0, 80, 80, 'cash', 'Sep Tuition', '2018-08-25', 'Hemat Aly made payment', '2018-11-03 19:30:45', '2018-11-03 19:30:45', 0),
(358, 153, 0, 'registration_fee', '000', '000', '000', 0, 0, 30, 30, 'cash', 'Reg Fee', '2018-09-08', '', '2018-11-08 23:02:18', '2018-11-08 23:02:18', 0);
INSERT INTO `students_payments` (`id`, `student_record_id`, `payment_item_id`, `payment_item_type`, `tuition_type`, `late_fee_type`, `books_payment_type`, `full_year_discount`, `teacher_child_discount`, `invoice`, `payment`, `check_or_cash`, `student_payment_description`, `student_payment_date`, `student_payment_notes`, `created_at`, `updated_at`, `deleted`) VALUES
(359, 153, 0, 'books', '000', '000', 'pre_kinder_books_fee', 0, 0, 55, 55, 'cash', 'Books', '2018-09-08', '', '2018-11-08 23:02:42', '2018-11-08 23:02:42', 0),
(360, 153, 0, 'tuition', 'monthly', '000', '000', 0, 0, 80, 80, 'cash', 'Sep Tuition', '2018-09-08', '', '2018-11-08 23:03:04', '2018-11-08 23:03:04', 0),
(361, 180, 0, 'registration_fee', '000', '000', '000', 0, 0, 30, 30, 'check', '#153', '2018-09-08', '', '2018-11-08 23:04:10', '2018-11-08 23:04:36', 0),
(362, 180, 0, 'books', '000', '000', 'pre_kinder_books_fee', 0, 0, 55, 55, 'check', '#153', '2018-09-08', '', '2018-11-08 23:04:28', '2018-11-08 23:04:28', 0),
(363, 180, 0, 'tuition', 'monthly', '000', '000', 0, 0, 75, 75, 'check', '#153', '2018-09-08', '', '2018-11-08 23:04:58', '2018-11-08 23:04:58', 0),
(364, 179, 0, 'registration_fee', '000', '000', '000', 0, 0, 30, 30, 'check', '#153', '2018-09-08', '', '2018-11-08 23:05:18', '2018-11-08 23:05:18', 0),
(365, 179, 0, 'books', '000', '000', 'pre_kinder_books_fee', 0, 0, 55, 55, 'check', '#153\r\nELEMENTARY BOOKS', '2018-09-08', 'ELEMENTARY BOOKS', '2018-11-08 23:07:09', '2018-11-08 23:07:09', 0),
(366, 179, 0, 'tuition', 'monthly', '000', '000', 0, 0, 80, 80, 'check', '#153', '2018-09-08', '', '2018-11-08 23:07:23', '2018-11-08 23:07:23', 0),
(367, 131, 0, 'registration_fee', '000', '000', '000', 0, 0, 30, 30, 'cash', 'Reg Fee', '2018-09-08', '', '2018-11-08 23:08:18', '2018-11-08 23:08:18', 0),
(368, 131, 0, 'books', '000', '000', 'pre_kinder_books_fee', 0, 0, 55, 55, 'cash', 'Books Fee', '2018-09-08', '', '2018-11-08 23:08:34', '2018-11-08 23:08:34', 0),
(369, 131, 0, 'tuition', 'monthly', '000', '000', 0, 0, 80, 80, 'cash', 'Sep Tuition', '2018-09-08', '', '2018-11-08 23:09:05', '2018-11-08 23:09:05', 0),
(370, 386, 0, 'registration_fee', '000', '000', '000', 0, 0, 30, 30, 'cash', 'Reg Fee', '2018-09-08', '', '2018-11-08 23:10:23', '2018-11-08 23:10:31', 0),
(371, 386, 0, 'books', '000', '000', 'pre_kinder_books_fee', 0, 0, 55, 40, 'cash', 'ELEMENTARY BOOKS', '2018-09-08', '', '2018-11-08 23:11:22', '2018-11-08 23:11:22', 0),
(372, 386, 0, 'tuition', 'monthly', '000', '000', 0, 0, 80, 80, 'cash', 'Sep Tuition', '2018-09-08', '', '2018-11-08 23:11:43', '2018-11-08 23:11:43', 0),
(373, 387, 0, 'registration_fee', '000', '000', '000', 0, 0, 30, 30, 'cash', 'Reg Fee', '2018-09-08', '', '2018-11-08 23:11:58', '2018-11-08 23:11:58', 0),
(374, 387, 0, 'books', '000', '000', 'pre_kinder_books_fee', 0, 0, 55, 55, 'cash', 'ELEMENTARY BOOKS', '2018-09-08', '', '2018-11-08 23:12:15', '2018-11-08 23:12:15', 0),
(375, 387, 0, 'tuition', 'monthly', '000', '000', 0, 0, 75, 75, 'cash', 'Sep Tuition', '2018-09-08', '', '2018-11-08 23:13:01', '2018-11-08 23:13:01', 0),
(376, 386, 0, 'custom_payment', '000', '000', '000', 0, 0, 10, 10, 'cash', 'DONATION', '2018-09-08', '', '2018-11-08 23:13:33', '2018-11-30 20:09:13', 0),
(377, 208, 0, 'registration_fee', '000', '000', '000', 0, 0, 30, 30, 'cash', 'Reg Fee', '2018-09-08', '', '2018-11-08 23:16:05', '2018-11-08 23:16:05', 0),
(378, 208, 0, 'books', '000', '000', 'pre_kinder_books_fee', 0, 0, 55, 55, 'cash', 'Books ', '2018-09-08', '', '2018-11-08 23:16:18', '2018-11-08 23:16:18', 0),
(379, 208, 0, 'tuition', 'monthly', '000', '000', 0, 0, 80, 80, 'cash', 'Sep Tuition', '2018-09-08', '', '2018-11-08 23:16:36', '2018-11-08 23:16:36', 0),
(380, 188, 0, 'registration_fee', '000', '000', '000', 0, 0, 30, 30, 'cash', 'Reg Fee', '2018-09-08', '', '2018-11-08 23:19:16', '2018-11-08 23:19:16', 0),
(381, 188, 0, 'books', '000', '000', 'elementary_books_fee', 0, 0, 40, 40, 'cash', 'Books', '2018-09-08', '', '2018-11-08 23:19:31', '2018-11-08 23:19:31', 0),
(382, 188, 0, 'tuition', 'monthly', '000', '000', 0, 0, 75, 75, 'cash', 'Sep Tuition', '2018-09-08', '', '2018-11-08 23:19:51', '2018-11-08 23:19:51', 0),
(383, 316, 0, 'registration_fee', '000', '000', '000', 0, 0, 30, 30, 'cash', 'Reg Fee', '2018-09-08', '', '2018-11-08 23:20:07', '2018-11-08 23:20:07', 0),
(384, 316, 0, 'books', '000', '000', 'pre_kinder_books_fee', 0, 0, 55, 55, 'cash', 'ELEMENTARY BOOKS', '2018-09-08', '', '2018-11-08 23:20:24', '2018-11-08 23:20:24', 0),
(385, 316, 0, 'tuition', 'monthly', '000', '000', 0, 0, 80, 80, 'cash', 'Sep Tuition', '2018-09-08', '', '2018-11-08 23:20:43', '2018-11-08 23:20:43', 0),
(386, 100, 0, 'registration_fee', '000', '000', '000', 0, 0, 30, 30, 'cash', '#1126', '2018-09-08', '', '2018-11-08 23:21:33', '2018-11-08 23:21:33', 0),
(387, 100, 0, 'books', '000', '000', 'pre_kinder_books_fee', 0, 0, 55, 40, 'check', '#1126\r\nELEMENTARY BOOKS', '2018-09-08', '', '2018-11-08 23:22:02', '2018-11-08 23:22:02', 0),
(388, 100, 0, 'tuition', 'monthly', '000', '000', 0, 0, 80, 80, 'check', '#1126', '2018-09-08', '', '2018-11-08 23:22:19', '2018-11-08 23:22:19', 0),
(389, 258, 0, 'registration_fee', '000', '000', '000', 0, 0, 30, 30, 'check', '#139', '2018-09-08', '', '2018-11-08 23:23:45', '2018-11-08 23:23:45', 0),
(390, 258, 0, 'books', '000', '000', 'pre_kinder_books_fee', 0, 0, 55, 40, 'check', '#139\r\nELEMENTARY BOOKS', '2018-09-08', '', '2018-11-08 23:24:10', '2018-11-08 23:24:10', 0),
(391, 258, 0, 'tuition', 'monthly', '000', '000', 0, 0, 80, 80, 'check', '#139', '2018-09-08', '', '2018-11-08 23:24:25', '2018-11-08 23:24:25', 0),
(392, 103, 0, 'registration_fee', '000', '000', '000', 0, 0, 30, 30, 'cash', 'Reg Fee', '2018-09-08', '', '2018-11-08 23:25:17', '2018-11-08 23:25:17', 0),
(393, 103, 0, 'books', '000', '000', 'pre_kinder_books_fee', 0, 0, 55, 40, 'cash', 'ELEMENTARY BOOKS', '2018-09-08', '', '2018-11-08 23:25:37', '2018-11-08 23:25:37', 0),
(394, 103, 0, 'tuition', 'monthly', '000', '000', 0, 0, 80, 80, 'cash', 'Sep Tuition', '2018-09-08', '', '2018-11-08 23:25:59', '2018-11-08 23:25:59', 0),
(395, 388, 0, 'registration_fee', '000', '000', '000', 0, 0, 30, 30, 'cash', 'Reg Fee', '2018-09-08', '', '2018-11-08 23:27:22', '2018-11-08 23:27:22', 0),
(396, 388, 0, 'books', '000', '000', 'pre_kinder_books_fee', 0, 0, 55, 55, 'cash', 'ELEMENTARY BOOKS', '2018-09-08', '', '2018-11-08 23:27:41', '2018-11-08 23:27:41', 0),
(398, 362, 0, 'registration_fee', '000', '000', '000', 0, 0, 30, 30, 'cash', 'Reg Fee', '2018-09-08', '', '2018-11-08 23:28:18', '2018-11-08 23:28:18', 0),
(399, 362, 0, 'books', '000', '000', 'pre_kinder_books_fee', 0, 0, 55, 55, 'cash', 'Books', '2018-09-08', '', '2018-11-08 23:28:33', '2018-11-08 23:28:33', 0),
(400, 362, 0, 'tuition', 'monthly', '000', '000', 0, 0, 70, 70, 'cash', 'Sep Tuition', '2018-09-08', '', '2018-11-08 23:29:12', '2018-11-08 23:29:12', 0),
(401, 355, 0, 'registration_fee', '000', '000', '000', 0, 0, 30, 30, 'cash', 'Reg Fee', '2018-09-08', '', '2018-11-08 23:29:30', '2018-11-08 23:29:30', 0),
(402, 355, 0, 'books', '000', '000', 'elementary_books_fee', 0, 0, 40, 40, 'cash', 'Books', '2018-09-08', '', '2018-11-08 23:29:50', '2018-11-08 23:29:50', 0),
(403, 355, 0, 'tuition', 'monthly', '000', '000', 0, 0, 75, 75, 'cash', 'Sep Tuition', '2018-09-08', '', '2018-11-08 23:30:13', '2018-11-08 23:30:13', 0),
(404, 388, 0, 'tuition', 'monthly', '000', '000', 0, 0, 80, 80, 'cash', 'Sep Tuition', '2018-09-08', '', '2018-11-08 23:30:56', '2018-11-30 20:16:39', 0),
(405, 196, 0, 'custom_payment', '000', '000', '000', 0, 0, 40, 40, 'check', ' #1127\r\nYouth Group Reg Fee', '2018-09-08', '', '2018-11-08 23:33:16', '2018-11-08 23:33:16', 0),
(406, 196, 0, 'tuition', 'monthly', '000', '000', 0, 0, 70, 70, 'check', ' #1127', '2018-09-08', '', '2018-11-08 23:33:32', '2018-11-08 23:33:32', 0),
(407, 225, 0, 'registration_fee', '000', '000', '000', 0, 0, 30, 30, 'check', '#651', '2018-09-08', '', '2018-11-08 23:34:31', '2018-11-08 23:34:31', 0),
(408, 225, 0, 'books', '000', '000', 'pre_kinder_books_fee', 0, 0, 55, 55, 'check', '#651', '2018-09-08', '', '2018-11-08 23:34:43', '2018-11-08 23:34:43', 0),
(409, 225, 0, 'tuition', 'monthly', '000', '000', 0, 0, 80, 80, 'check', '#651', '2018-09-08', '', '2018-11-08 23:34:59', '2018-11-08 23:34:59', 0),
(410, 315, 0, 'registration_fee', '000', '000', '000', 0, 0, 30, 30, 'cash', 'Reg Fee', '2018-09-08', '', '2018-11-08 23:36:04', '2018-11-08 23:36:04', 0),
(411, 315, 0, 'books', '000', '000', 'pre_kinder_books_fee', 0, 0, 55, 55, 'cash', 'ELEMENTARY BOOKS', '2018-09-08', '', '2018-11-08 23:36:20', '2018-11-08 23:36:20', 0),
(412, 315, 0, 'tuition', 'monthly', '000', '000', 0, 0, 80, 80, 'cash', 'Books', '2018-09-08', '', '2018-11-08 23:36:40', '2018-11-08 23:36:40', 0),
(413, 275, 0, 'registration_fee', '000', '000', '000', 0, 0, 30, 30, 'cash', 'Reg Fee', '2018-09-08', '', '2018-11-08 23:37:19', '2018-11-08 23:37:19', 0),
(414, 275, 0, 'books', '000', '000', 'pre_kinder_books_fee', 0, 0, 55, 55, 'cash', 'ELEMENTARY BOOKS', '2018-09-08', '', '2018-11-08 23:37:39', '2018-11-08 23:37:39', 0),
(415, 275, 0, 'tuition', 'monthly', '000', '000', 0, 0, 80, 80, 'cash', 'Sep Tuition', '2018-09-08', '', '2018-11-08 23:38:00', '2018-11-08 23:38:00', 0),
(416, 230, 0, 'registration_fee', '000', '000', '000', 0, 0, 30, 30, 'cash', 'Reg Fee', '2018-09-08', '', '2018-11-08 23:39:11', '2018-11-08 23:39:11', 0),
(417, 230, 0, 'books', '000', '000', 'pre_kinder_books_fee', 0, 0, 55, 40, 'cash', 'ELEMENTARY BOOKS', '2018-09-08', '', '2018-11-08 23:39:29', '2018-11-08 23:39:29', 0),
(418, 230, 0, 'tuition', 'monthly', '000', '000', 0, 0, 80, 80, 'cash', 'Sep Tuition', '2018-09-08', '', '2018-11-08 23:39:56', '2018-11-08 23:39:56', 0),
(419, 231, 0, 'registration_fee', '000', '000', '000', 0, 0, 30, 30, 'cash', 'Reg Fee', '2018-09-08', '', '2018-11-08 23:40:10', '2018-11-08 23:40:10', 0),
(420, 231, 0, 'books', '000', '000', 'pre_kinder_books_fee', 0, 0, 55, 55, 'cash', 'Books', '2018-09-08', '', '2018-11-08 23:40:26', '2018-11-08 23:40:26', 0),
(421, 231, 0, 'tuition', 'monthly', '000', '000', 0, 0, 75, 75, 'cash', 'Sep Tuition', '2018-09-08', '', '2018-11-08 23:40:44', '2018-11-08 23:40:44', 0),
(422, 377, 0, 'registration_fee', '000', '000', '000', 0, 0, 30, 30, 'check', '#1567', '2018-09-08', '', '2018-11-08 23:41:39', '2018-11-08 23:41:39', 0),
(423, 377, 0, 'books', '000', '000', 'pre_kinder_books_fee', 0, 0, 55, 40, 'check', '#1567\r\nELEMENTARY BOOKS', '2018-09-08', '', '2018-11-08 23:41:56', '2018-11-08 23:43:34', 0),
(424, 377, 0, 'tuition', 'monthly', '000', '000', 0, 0, 75, 75, 'check', '#1567', '2018-09-08', '', '2018-11-08 23:42:13', '2018-11-08 23:42:13', 0),
(425, 376, 0, 'registration_fee', '000', '000', '000', 0, 0, 30, 30, 'check', '#1567', '2018-09-08', '', '2018-11-08 23:42:28', '2018-11-08 23:42:28', 0),
(426, 376, 0, 'books', '000', '000', 'pre_kinder_books_fee', 0, 0, 55, 55, 'check', '#1567\r\nELEMENTARY BOOKS', '2018-09-08', '', '2018-11-08 23:42:49', '2018-11-08 23:42:49', 0),
(427, 376, 0, 'tuition', 'monthly', '000', '000', 0, 0, 80, 80, 'check', '#1567', '2018-09-08', '', '2018-11-08 23:43:05', '2018-11-08 23:43:05', 0),
(428, 234, 0, 'tuition', 'monthly', '000', '000', 0, 0, 10, 10, 'cash', 'Book Club Tuition', '2018-09-08', '', '2018-11-08 23:45:38', '2018-11-08 23:45:38', 0),
(429, 296, 0, 'tuition', 'monthly', '000', '000', 0, 0, 10, 10, 'cash', 'Book Club Tuition', '2018-09-08', '', '2018-11-08 23:46:05', '2018-11-08 23:46:05', 0),
(430, 233, 0, 'tuition', 'monthly', '000', '000', 0, 0, 10, 10, 'cash', 'Book Club Tuition', '2018-09-08', '', '2018-11-08 23:46:32', '2018-11-08 23:46:32', 0),
(431, 226, 0, 'registration_fee', '000', '000', '000', 0, 0, 30, 30, 'cash', 'Reg Fee', '2018-09-08', '', '2018-11-08 23:47:19', '2018-11-08 23:47:19', 0),
(432, 226, 0, 'books', '000', '000', 'pre_kinder_books_fee', 0, 0, 55, 55, 'cash', 'Books', '2018-09-08', '', '2018-11-08 23:47:38', '2018-11-08 23:47:38', 0),
(433, 226, 0, 'custom_payment', '000', '000', '000', 0, 0, 60, 60, 'cash', 'Sep Tuition\r\n(minus $20 from one day trial)', '2018-09-08', '', '2018-11-08 23:48:09', '2018-11-08 23:48:09', 0),
(434, 178, 0, 'registration_fee', '000', '000', '000', 0, 0, 30, 30, 'check', '#021', '2018-09-08', '', '2018-11-09 21:03:00', '2018-11-09 21:03:00', 0),
(435, 178, 0, 'books', '000', '000', 'pre_kinder_books_fee', 0, 0, 55, 55, 'check', '#021', '2018-09-08', '', '2018-11-09 21:03:13', '2018-11-09 21:03:13', 0),
(436, 178, 0, 'tuition', 'monthly', '000', '000', 0, 0, 80, 80, 'check', '#021', '2018-09-08', '', '2018-11-09 21:03:28', '2018-11-09 21:03:28', 0),
(437, 255, 0, 'registration_fee', '000', '000', '000', 0, 0, 30, 30, 'cash', 'Reg Fee', '2018-09-08', '', '2018-11-09 21:04:27', '2018-11-09 21:04:27', 0),
(438, 255, 0, 'books', '000', '000', 'pre_kinder_books_fee', 0, 0, 55, 55, 'cash', 'ELEMENTARY BOOKS', '2018-09-08', '', '2018-11-09 21:04:52', '2018-11-09 21:04:52', 0),
(439, 255, 0, 'tuition', 'monthly', '000', '000', 0, 0, 80, 80, 'cash', 'Sep Tuition', '2018-09-08', '', '2018-11-09 21:05:09', '2018-11-09 21:05:09', 0),
(440, 255, 0, 'custom_payment', '000', '000', '000', 0, 0, 700, 700, 'cash', 'PENDING FEES FROM 2017-2018 SCHOOL YEAR', '2018-09-08', '', '2018-11-09 21:05:37', '2018-11-09 21:05:37', 0),
(441, 191, 0, 'registration_fee', '000', '000', '000', 0, 0, 40, 40, 'cash', '#3231', '2018-09-08', '', '2018-11-09 21:07:34', '2018-11-09 21:07:34', 0),
(442, 191, 0, 'tuition', 'monthly', '000', '000', 0, 0, 70, 70, 'check', '#3231', '2018-09-08', '', '2018-11-09 21:07:51', '2018-11-09 21:07:51', 0),
(443, 264, 0, 'registration_fee', '000', '000', '000', 0, 0, 30, 30, 'check', '#1045', '2018-09-08', '', '2018-11-09 21:10:01', '2018-11-09 21:10:01', 0),
(444, 264, 0, 'books', '000', '000', 'pre_kinder_books_fee', 0, 0, 55, 55, 'check', '#1045', '2018-09-08', '', '2018-11-09 21:10:19', '2018-11-09 21:10:19', 0),
(445, 264, 0, 'custom_payment', '000', '000', '000', 0, 0, 55, 55, 'check', '#1045\r\nSEP TUITION\r\nRemainder of month; paid ', '2018-09-08', '#1045\r\nSEP TUITION\r\nRemainder of month; paid for one day trial', '2018-11-09 21:11:32', '2018-11-10 02:15:02', 0),
(446, 392, 0, 'tuition', 'monthly', '000', '000', 0, 0, 10, 10, 'cash', 'Sep Tuition Book Club', '2018-09-08', '', '2018-11-09 21:14:37', '2018-11-09 21:14:37', 0),
(447, 393, 0, 'tuition', 'monthly', '000', '000', 0, 0, 10, 10, 'cash', 'Book Club Tuition ', '2018-09-08', '', '2018-11-09 21:17:16', '2018-11-09 21:17:16', 0),
(448, 312, 0, 'registration_fee', '000', '000', '000', 0, 0, 30, 30, 'cash', 'Reg Fee', '2018-09-08', '', '2018-11-09 21:32:20', '2018-11-09 21:32:20', 0),
(449, 312, 0, 'books', '000', '000', 'pre_kinder_books_fee', 0, 0, 55, 55, 'cash', 'ELEMENTARY BOOKS', '2018-09-08', '', '2018-11-09 21:32:36', '2018-11-09 21:32:36', 0),
(450, 312, 0, 'tuition', 'monthly', '000', '000', 0, 0, 80, 85, 'cash', 'Sep Tuition', '2018-09-08', '', '2018-11-09 21:33:37', '2018-11-25 06:46:01', 0),
(451, 246, 0, 'registration_fee', '000', '000', '000', 0, 0, 30, 30, 'cash', 'Reg Fee', '2018-09-15', '', '2018-11-10 02:00:45', '2018-11-10 02:00:45', 0),
(452, 246, 0, 'books', '000', '000', 'pre_kinder_books_fee', 0, 0, 55, 55, 'cash', 'Books', '2018-09-15', '', '2018-11-10 02:01:06', '2018-11-10 02:01:06', 0),
(453, 246, 0, 'tuition', 'monthly', '000', '000', 0, 0, 75, 75, 'cash', 'Sep Tuition', '2018-09-15', '', '2018-11-10 02:01:23', '2018-11-10 02:01:23', 0),
(454, 245, 0, 'registration_fee', '000', '000', '000', 0, 0, 30, 30, 'cash', 'Reg Fee', '2018-09-15', '', '2018-11-10 02:01:38', '2018-11-10 02:01:38', 0),
(455, 245, 0, 'books', '000', '000', 'pre_kinder_books_fee', 0, 0, 55, 55, 'cash', 'Books', '2018-09-15', '', '2018-11-10 02:01:54', '2018-11-10 02:01:54', 0),
(456, 245, 0, 'tuition', 'monthly', '000', '000', 0, 0, 80, 80, 'cash', 'Sep Tuition', '2018-09-15', '', '2018-11-10 02:02:12', '2018-11-10 02:02:12', 0),
(457, 285, 0, 'registration_fee', '000', '000', '000', 0, 0, 30, 30, 'check', '#1605', '2018-09-15', '', '2018-11-10 02:03:51', '2018-11-10 02:03:51', 0),
(458, 285, 0, 'books', '000', '000', 'pre_kinder_books_fee', 0, 0, 55, 55, 'check', ' #1605\r\nELEMENTARY BOOKS', '2018-09-15', '', '2018-11-10 02:04:20', '2018-11-10 02:04:20', 0),
(459, 285, 0, 'custom_payment', 'monthly', '000', '000', 0, 0, 60, 60, 'check', ' #1605\r\nSEP TUITION\r\nPAID FOR ONE DAY TRIAL (', '2018-09-15', '', '2018-11-10 02:05:14', '2018-11-10 02:13:35', 0),
(460, 243, 0, 'registration_fee', '000', '000', '000', 0, 0, 30, 30, 'check', ' #1605', '2018-09-15', '', '2018-11-10 02:05:31', '2018-11-10 02:05:31', 0),
(461, 243, 0, 'books', '000', '000', 'pre_kinder_books_fee', 0, 0, 55, 55, 'check', ' #1605', '2018-09-15', '', '2018-11-10 02:05:45', '2018-11-10 02:05:45', 0),
(462, 243, 0, 'custom_payment', '000', '000', '000', 0, 0, 55, 55, 'check', ' #1605\r\nSEP TUITION\r\nPAID FOR ONE DAY TRIAL (', '2018-09-15', '', '2018-11-10 02:06:32', '2018-11-10 02:14:03', 0),
(463, 263, 0, 'registration_fee', '000', '000', '000', 0, 0, 30, 30, 'check', ' #1605', '2018-09-15', '', '2018-11-10 02:06:48', '2018-11-10 02:06:48', 0),
(464, 263, 0, 'books', '000', '000', 'pre_kinder_books_fee', 0, 0, 55, 55, 'check', ' #1605\r\nELEMENTARY BOOKS', '2018-09-15', '', '2018-11-10 02:07:04', '2018-11-10 02:07:04', 0),
(465, 263, 0, 'custom_payment', '000', '000', '000', 0, 0, 50, 50, 'check', ' #1605\r\nSEP TUITION\r\nPAID FOR ONE DAY TRIAL (', '2018-09-15', '', '2018-11-10 02:07:38', '2018-11-10 02:14:20', 0),
(466, 244, 0, 'registration_fee', '000', '000', '000', 0, 0, 30, 30, 'check', ' #1605', '2018-09-15', '', '2018-11-10 02:08:08', '2018-11-10 02:08:08', 0),
(467, 244, 0, 'books', '000', '000', 'pre_kinder_books_fee', 0, 0, 55, 55, 'check', ' #1605', '2018-09-15', '', '2018-11-10 02:08:22', '2018-11-10 02:08:22', 0),
(468, 244, 0, 'tuition', 'monthly', '000', '000', 0, 0, 70, 70, 'check', ' #1605\r\nDID NOT DO ONE DAY TRIAL LIKE SIBLING', '2018-09-15', '', '2018-11-10 02:08:52', '2018-11-10 02:08:52', 0),
(469, 232, 0, 'registration_fee', '000', '000', '000', 0, 0, 30, 30, 'cash', 'Reg fee', '2018-09-15', '', '2018-11-10 02:10:34', '2018-11-10 02:10:34', 0),
(470, 232, 0, 'books', '000', '000', 'pre_kinder_books_fee', 0, 0, 55, 55, 'cash', 'Books', '2018-09-15', '', '2018-11-10 02:10:48', '2018-11-10 02:10:48', 0),
(471, 232, 0, 'custom_payment', '000', '000', '000', 0, 0, 70, 70, 'cash', 'SPECIAL: Considered third child of Alhenn, so', '2018-09-15', '', '2018-11-10 02:11:24', '2018-11-10 02:11:24', 0),
(472, 363, 0, 'registration_fee', '000', '000', '000', 0, 0, 30, 30, 'cash', 'Reg Fee', '2018-09-15', '', '2018-11-10 02:12:13', '2018-11-10 02:12:13', 0),
(473, 363, 0, 'books', '000', '000', 'pre_kinder_books_fee', 0, 0, 55, 55, 'cash', 'ELEMENTARY BOOKS', '2018-09-15', '', '2018-11-10 02:12:31', '2018-11-10 02:12:31', 0),
(474, 363, 0, 'custom_payment', '000', '000', '000', 0, 0, 60, 60, 'cash', 'SEP TUITION\r\nONE DAY TRIAL ($20)', '2018-09-15', '', '2018-11-10 02:13:00', '2018-11-10 02:13:00', 0),
(475, 283, 0, 'registration_fee', '000', '000', '000', 0, 0, 30, 30, 'check', '#649', '2018-09-15', '', '2018-11-10 02:20:39', '2018-11-10 02:20:39', 0),
(476, 283, 0, 'books', '000', '000', 'pre_kinder_books_fee', 0, 0, 55, 55, 'check', '#649\r\nELEMENTARY BOOKS', '2018-09-15', '', '2018-11-10 02:20:54', '2018-11-10 02:20:54', 0),
(477, 283, 0, 'tuition', 'monthly', '000', '000', 0, 0, 80, 80, 'check', '#649', '2018-09-15', '', '2018-11-10 02:21:14', '2018-11-10 02:21:14', 0),
(478, 238, 0, 'registration_fee', '000', '000', '000', 0, 0, 40, 40, 'check', '#649', '2018-09-15', '', '2018-11-10 02:21:34', '2018-11-10 02:21:34', 0),
(479, 238, 0, 'tuition', 'monthly', '000', '000', 0, 0, 75, 75, 'check', '#649', '2018-09-15', '', '2018-11-10 02:22:27', '2018-11-10 02:22:27', 0),
(480, 357, 0, 'registration_fee', '000', '000', '000', 0, 0, 30, 30, 'check', '#649', '2018-09-15', '', '2018-11-10 02:23:23', '2018-11-10 02:23:23', 0),
(481, 357, 0, 'books', '000', '000', 'elementary_books_fee', 0, 0, 40, 40, 'check', '#649', '2018-09-15', '', '2018-11-10 02:23:43', '2018-11-10 02:23:43', 0),
(482, 357, 0, 'tuition', 'monthly', '000', '000', 0, 0, 80, 80, 'check', '#649', '2018-09-15', '', '2018-11-10 02:23:57', '2018-11-10 02:23:57', 0),
(483, 247, 0, 'registration_fee', '000', '000', '000', 0, 0, 30, 30, 'check', '#315', '2018-09-15', '', '2018-11-10 02:24:40', '2018-11-10 02:24:40', 0),
(484, 247, 0, 'books', '000', '000', 'pre_kinder_books_fee', 0, 0, 55, 55, 'cash', '#315\r\nELEMENTARY BOOKS', '2018-09-15', '', '2018-11-10 02:25:08', '2018-11-10 02:25:08', 0),
(485, 247, 0, 'custom_payment', '000', '000', '000', 0, 0, 60, 60, 'check', '#315', '2018-09-15', 'ONE DAY TRIAL (-$20)\r\nSEP TUITION', '2018-11-10 02:25:41', '2018-11-10 02:25:41', 0),
(486, 251, 0, 'registration_fee', '000', '000', '000', 0, 0, 40, 40, 'cash', 'Reg Fee', '2018-09-15', '', '2018-11-10 02:26:33', '2018-11-10 02:26:33', 0),
(487, 251, 0, 'tuition', 'monthly', '000', '000', 0, 0, 80, 80, 'cash', 'Sep Tuition', '2018-09-15', '', '2018-11-10 02:27:00', '2018-11-10 02:27:00', 0),
(488, 326, 0, 'custom_payment', '000', '000', '000', 0, 0, 20, 20, 'cash', 'ONE DAY TRIAL', '2018-09-15', '', '2018-11-10 02:27:46', '2018-11-10 02:27:46', 0),
(489, 253, 0, 'registration_fee', '000', '000', '000', 0, 0, 30, 30, 'cash', 'Reg Fee', '2018-09-15', '', '2018-11-10 02:35:41', '2018-11-10 02:35:41', 0),
(490, 253, 0, 'books', '000', '000', 'pre_kinder_books_fee', 0, 0, 55, 55, 'cash', 'Books', '2018-09-15', '', '2018-11-10 02:35:57', '2018-11-10 02:35:57', 0),
(491, 253, 0, 'custom_payment', '000', '000', '000', 0, 0, 55, 55, 'cash', 'ONE DAY TRIAL (-$20)\r\nSEP TUITION', '2018-09-15', '', '2018-11-10 02:36:26', '2018-11-10 02:36:26', 0),
(492, 143, 0, 'registration_fee', '000', '000', '000', 0, 0, 30, 30, 'cash', 'Reg Fee', '2018-09-15', '', '2018-11-10 02:37:44', '2018-11-10 02:37:44', 0),
(493, 143, 0, 'books', '000', '000', 'elementary_books_fee', 0, 0, 40, 40, 'cash', 'Books', '2018-09-15', '', '2018-11-10 02:37:57', '2018-11-10 02:37:57', 0),
(494, 143, 0, 'tuition', 'monthly', '000', '000', 0, 0, 80, 80, 'cash', 'Sep Tuition', '2018-09-15', '', '2018-11-10 02:38:15', '2018-11-10 02:38:15', 0),
(495, 250, 0, 'registration_fee', '000', '000', '000', 0, 0, 30, 30, 'cash', 'Reg Fee', '2018-09-15', '', '2018-11-10 02:39:06', '2018-11-10 02:39:06', 0),
(496, 297, 0, 'custom_payment', '000', '000', '000', 0, 0, 20, 20, 'cash', 'SECOND ONE DAY TRIAL\r\n**EXCEPTION', '2018-09-15', '', '2018-11-10 02:39:52', '2018-11-10 02:39:52', 0),
(497, 293, 0, 'registration_fee', '000', '000', '000', 0, 0, 30, 30, 'check', '#10201', '2018-09-15', '', '2018-11-10 02:45:07', '2018-11-10 02:45:07', 0),
(498, 293, 0, 'books', '000', '000', 'pre_kinder_books_fee', 0, 0, 55, 55, 'check', '#10201', '2018-09-15', '', '2018-11-10 02:45:21', '2018-11-10 02:45:21', 0),
(499, 293, 0, 'tuition', 'monthly', '000', '000', 0, 0, 75, 75, 'check', '#10201', '2018-09-15', '', '2018-11-10 02:45:35', '2018-11-10 02:45:35', 0),
(500, 294, 0, 'registration_fee', '000', '000', '000', 0, 0, 30, 30, 'check', '#10201', '2018-09-15', '', '2018-11-10 02:45:48', '2018-11-10 02:45:48', 0),
(501, 294, 0, 'books', '000', '000', 'pre_kinder_books_fee', 0, 0, 55, 55, 'check', '#10201', '2018-09-15', '', '2018-11-10 02:46:04', '2018-11-10 02:46:04', 0),
(502, 294, 0, 'tuition', 'monthly', '000', '000', 0, 0, 80, 80, 'check', '#10201', '2018-09-15', '', '2018-11-10 02:46:17', '2018-11-10 02:46:17', 0),
(503, 297, 0, 'registration_fee', '000', '000', '000', 0, 0, 30, 30, 'cash', 'Reg Fee', '2018-09-15', '', '2018-11-10 02:46:59', '2018-11-10 02:46:59', 0),
(504, 297, 0, 'books', '000', '000', 'pre_kinder_books_fee', 0, 0, 55, 55, 'cash', 'Books', '2018-09-15', '', '2018-11-10 02:47:13', '2018-11-10 02:47:13', 0),
(505, 297, 0, 'custom_payment', '000', '000', '000', 0, 0, 40, 40, 'cash', 'Sep Tuition\r\nTWO ONE DAY TRIALS (-$40)', '2018-09-15', '', '2018-11-10 02:47:39', '2018-11-10 02:47:39', 0),
(506, 226, 0, 'custom_payment', '000', '000', '000', 0, 0, 10, 10, 'cash', 'DONATION', '2018-09-15', '', '2018-11-10 02:48:53', '2018-11-10 02:48:53', 0),
(507, 220, 0, 'registration_fee', '000', '000', '000', 0, 0, 30, 30, 'cash', 'Reg Fee', '2018-09-29', '', '2018-11-13 15:51:33', '2018-11-13 15:52:50', 0),
(508, 220, 0, 'books', '000', '000', 'pre_kinder_books_fee', 0, 0, 55, 55, 'cash', 'Books', '2018-09-29', '', '2018-11-13 15:51:51', '2018-11-13 15:51:51', 0),
(509, 220, 0, 'tuition', 'monthly', '000', '000', 0, 0, 80, 80, 'cash', 'Sep Tuition', '2018-09-29', '', '2018-11-13 15:52:09', '2018-11-13 15:52:09', 0),
(510, 371, 0, 'custom_payment', '000', '000', '000', 0, 0, 20, 20, 'check', ' #182\r\nONE DAY TRIAL', '2018-09-29', '', '2018-11-13 15:54:07', '2018-11-13 15:54:07', 0),
(511, 298, 0, 'custom_payment', '000', '000', '000', 0, 0, 20, 20, 'cash', 'ONE DAY TRIAL', '2018-09-29', '', '2018-11-13 15:54:49', '2018-11-13 15:54:49', 0),
(512, 281, 0, 'custom_payment', '000', '000', '000', 0, 0, 20, 20, 'check', ' #1237\r\nONE DAY TRIAL', '2018-09-29', '', '2018-11-13 15:55:51', '2018-11-13 15:55:51', 0),
(513, 280, 0, 'custom_payment', '000', '000', '000', 0, 0, 20, 20, 'check', ' #1237\r\nONE DAY TRIAL', '2018-09-29', '', '2018-11-13 15:56:11', '2018-11-13 15:56:11', 0),
(514, 282, 0, 'custom_payment', '000', '000', '000', 0, 0, 20, 20, 'check', ' #1237\r\nONE DAY TRIAL', '2018-09-29', '', '2018-11-13 15:56:29', '2018-11-13 15:56:29', 0),
(515, 317, 0, 'custom_payment', '000', '000', '000', 0, 0, 20, 20, 'check', '#1238\r\nONE DAY TRIAL', '2018-09-29', 'PAID FOR BY SHOUMAN FAMILY', '2018-11-13 15:57:24', '2018-11-13 15:57:24', 0),
(516, 250, 0, 'books', '000', '000', 'pre_kinder_books_fee', 0, 0, 55, 40, 'check', ' #184\r\nSECOND GRADE BOOKS', '2018-09-29', '', '2018-11-13 15:59:27', '2018-11-13 15:59:27', 0),
(517, 250, 0, 'tuition', 'monthly', '000', '000', 0, 0, 40, 40, 'check', ' #184\r\nSPECIAL DISCOUNT (-50% TUITION)', '2018-09-29', '', '2018-11-13 16:00:19', '2018-11-13 16:00:27', 0),
(518, 371, 0, 'registration_fee', '000', '000', '000', 0, 0, 30, 30, 'check', ' #184', '2018-09-29', '', '2018-11-13 16:01:04', '2018-11-13 16:01:04', 0),
(519, 371, 0, 'books', '000', '000', 'elementary_books_fee', 0, 0, 40, 40, 'check', ' #184', '2018-09-29', '', '2018-11-13 16:01:17', '2018-11-13 16:01:17', 0),
(520, 371, 0, 'tuition', 'monthly', '000', '000', 0, 0, 37.5, 37.5, 'check', ' #184\r\nSPECIAL DISCOUNT (-50% TUITION)', '2018-09-29', 'Omar began to attend in October, and not in September like his brother..', '2018-11-13 16:02:29', '2018-12-21 16:50:15', 0),
(521, 250, 0, 'tuition', 'monthly', '000', '000', 0, 0, 40, 40, 'check', '#186\r\nSPECIAL DISCOUNT (-50% TUITION)', '2018-09-29', '', '2018-11-13 16:03:58', '2018-11-13 16:04:07', 0),
(522, 397, 0, 'tuition', 'monthly', '000', '000', 0, 0, 10, 10, 'cash', 'Book Club Sep', '2018-09-29', '', '2018-11-13 16:07:35', '2018-11-13 16:07:35', 0),
(523, 398, 0, 'tuition', 'monthly', '000', '000', 0, 0, 10, 10, 'cash', 'Book Club Sep', '2018-09-29', '', '2018-11-13 16:08:06', '2018-11-13 16:08:06', 0),
(524, 92, 0, 'tuition', 'monthly', '000', '000', 0, 0, 80, 80, 'cash', 'October Tuition', '2018-09-29', '', '2018-11-13 16:08:57', '2018-11-13 16:08:57', 0),
(525, 93, 0, 'tuition', 'monthly', '000', '000', 0, 0, 75, 75, 'cash', 'October Tuition', '2018-09-29', '', '2018-11-13 16:09:27', '2018-11-13 16:09:27', 0),
(526, 93, 0, 'custom_payment', '000', '000', '000', 0, 0, 5, 5, 'cash', 'DONATION', '2018-09-29', '', '2018-11-13 16:09:50', '2018-11-13 16:09:50', 0),
(527, 132, 0, 'tuition', 'bimonthly', '000', '000', 0, 0, 160, 160, 'check', '#070', '2018-09-29', '', '2018-11-13 16:10:52', '2018-11-13 16:10:52', 0),
(528, 138, 0, 'tuition', 'full_year', '000', '000', 0, 0, 620, 620, 'check', '#1752\r\nREMAINDER OF YEAR IN FULL', '2018-09-29', 'Remainder is $640, -$20 for full year discount', '2018-11-13 16:11:58', '2018-11-13 16:12:32', 0),
(529, 196, 0, 'tuition', 'monthly', '000', '000', 0, 0, 70, 70, 'check', ' #1139', '2018-09-29', '', '2018-11-13 16:13:41', '2018-11-13 16:13:41', 0),
(530, 298, 0, 'registration_fee', '000', '000', '000', 0, 0, 30, 30, 'check', ' #117', '2018-09-29', '', '2018-11-13 16:14:58', '2018-11-13 16:14:58', 0),
(531, 298, 0, 'books', '000', '000', 'pre_kinder_books_fee', 0, 0, 55, 55, 'check', ' #117', '2018-09-29', '', '2018-11-13 16:15:13', '2018-11-13 16:15:13', 0),
(532, 298, 0, 'tuition', 'monthly', '000', '000', 0, 0, 80, 80, 'check', ' #117', '2018-09-29', '', '2018-11-13 16:15:34', '2018-11-13 16:15:34', 0),
(533, 399, 0, 'tuition', 'monthly', '000', '000', 0, 0, 10, 15, 'cash', 'Book Club October', '2018-09-29', '', '2018-11-13 16:17:19', '2018-11-25 16:35:24', 0),
(534, 281, 0, 'custom_payment', '000', '000', '000', 0, 0, 20, 20, 'cash', 'ONE DAY TRIAL \r\n(SEC ABSENT)', '2018-09-22', '', '2018-11-13 16:18:30', '2018-11-13 16:18:43', 0),
(535, 280, 0, 'custom_payment', '000', '000', '000', 0, 0, 20, 20, 'cash', 'ONE DAY TRIAL \r\n(SEC ABSENT)', '2018-09-22', '', '2018-11-13 16:19:08', '2018-11-13 16:19:08', 0),
(536, 282, 0, 'custom_payment', '000', '000', '000', 0, 0, 20, 20, 'cash', 'ONE DAY TRIAL \r\n(SEC ABSENT)', '2018-09-22', '', '2018-11-13 16:19:28', '2018-11-13 16:19:28', 0),
(537, 317, 0, 'custom_payment', '000', '000', '000', 0, 0, 20, 20, 'cash', 'ONE DAY TRIAL\r\n', '2018-09-22', 'PAID FOR BY SHOUMAN FAMILY', '2018-11-14 19:31:48', '2018-11-14 19:31:48', 0),
(538, 324, 0, 'custom_payment', '000', '000', '000', 0, 0, 20, 20, 'cash', 'ONE DAY TRIAL', '2018-09-22', 'Possible payment on 10.06.18?', '2018-11-14 19:32:52', '2018-11-21 21:31:48', 0),
(539, 323, 0, 'custom_payment', '000', '000', '000', 0, 0, 20, 20, 'cash', 'ONE DAY TRIAL', '2018-09-22', 'Possible payment on 10.06.18?', '2018-11-14 19:33:12', '2018-11-21 21:31:37', 0),
(540, 109, 0, 'tuition', 'bimonthly', '000', '000', 0, 0, 160, 160, 'cash', 'Oct-Nov Tuition', '2018-10-13', '', '2018-11-14 19:34:42', '2018-11-14 19:34:42', 0),
(541, 261, 0, 'tuition', 'bimonthly', '000', '000', 0, 0, 150, 150, 'cash', 'Oct-Nov Tuition', '2018-10-13', '', '2018-11-14 19:35:35', '2018-11-14 19:35:35', 0),
(542, 120, 0, 'tuition', 'bimonthly', '000', '000', 0, 0, 160, 160, 'cash', 'Oct-Nov Tuition', '2018-10-13', '', '2018-11-14 19:35:59', '2018-11-14 19:35:59', 0),
(543, 369, 0, 'custom_payment', '000', '000', '000', 0, 0, 20, 20, 'cash', 'ONE DAY TRIAL', '2018-10-13', '', '2018-11-14 19:37:16', '2018-11-14 19:37:16', 0),
(544, 271, 0, 'tuition', 'bimonthly', '000', '000', 0, 0, 150, 150, 'cash', 'Oct-Nov Tuition', '2018-10-13', '', '2018-11-14 19:38:57', '2018-11-14 19:38:57', 0),
(545, 292, 0, 'tuition', 'bimonthly', '000', '000', 0, 0, 160, 160, 'cash', 'Oct-Nov Tuition', '2018-10-13', '', '2018-11-14 19:39:19', '2018-11-14 19:39:19', 0),
(546, 137, 0, 'tuition', 'bimonthly', '000', '000', 0, 0, 160, 165, 'check', 'Money Order #1090221311 ', '2018-10-13', '', '2018-11-14 19:47:36', '2019-01-06 22:47:51', 0),
(547, 239, 0, 'tuition', 'bimonthly', '000', '000', 0, 0, 160, 160, 'cash', 'Oct-Nov Tuition', '2018-10-13', '', '2018-11-14 19:48:43', '2018-11-14 19:48:43', 0),
(548, 221, 0, 'tuition', 'bimonthly', '000', '000', 0, 0, 160, 160, 'cash', 'Oct-Nov Tuition', '2018-10-13', '', '2018-11-14 19:50:03', '2018-11-14 19:50:03', 0),
(549, 136, 0, 'tuition', 'bimonthly', '000', '000', 0, 0, 150, 150, 'cash', 'Oct-Nov Tuition', '2018-10-13', '', '2018-11-14 19:52:24', '2018-11-14 19:52:24', 0),
(550, 135, 0, 'tuition', 'bimonthly', '000', '000', 0, 0, 160, 160, 'cash', 'Oct-Nov Tuition', '2018-10-13', '', '2018-11-14 19:53:10', '2018-11-14 19:53:10', 0),
(551, 87, 0, 'tuition', 'bimonthly', '000', '000', 0, 0, 150, 150, 'cash', 'Oct-Nov Tuiton', '2018-10-13', '', '2018-11-14 19:56:16', '2018-11-14 19:56:16', 0),
(552, 295, 0, 'tuition', 'bimonthly', '000', '000', 0, 0, 140, 140, 'cash', 'Oct-Nov Tuiton', '2018-10-13', '', '2018-11-14 19:56:41', '2018-11-14 19:56:41', 0),
(553, 86, 0, 'tuition', 'bimonthly', '000', '000', 0, 0, 160, 160, 'cash', 'Oct-Nov Tuiton', '2018-10-13', '', '2018-11-14 19:57:02', '2018-11-14 19:57:02', 0),
(554, 357, 0, 'tuition', 'bimonthly', '000', '000', 0, 0, 160, 160, 'cash', 'Oct-Nov Tuiton', '2018-10-13', '', '2018-11-14 20:01:40', '2018-11-14 20:01:40', 0),
(555, 162, 0, 'tuition', 'bimonthly', '000', '000', 0, 0, 150, 150, 'cash', 'Oct-Nov Tuiton', '2018-10-13', '', '2018-11-14 20:02:54', '2018-11-14 20:02:54', 0),
(556, 161, 0, 'tuition', 'bimonthly', '000', '000', 0, 0, 160, 160, 'cash', 'Oct-Nov Tuiton', '2018-10-13', '', '2018-11-14 20:03:17', '2018-11-14 20:03:17', 0),
(557, 290, 0, 'tuition', 'bimonthly', '000', '000', 0, 0, 160, 160, 'cash', 'Oct-Nov Tuiton', '2018-10-13', '', '2018-11-14 20:04:18', '2018-11-14 20:04:18', 0),
(558, 91, 0, 'tuition', 'bimonthly', '000', '000', 0, 0, 160, 160, 'cash', 'Oct-Nov Tuiton', '2018-10-13', '', '2018-11-14 20:04:56', '2018-11-14 20:04:56', 0),
(559, 107, 0, 'tuition', 'bimonthly', '000', '000', 0, 0, 150, 150, 'check', '#3938', '2018-10-13', '', '2018-11-14 20:05:59', '2018-11-14 20:05:59', 0),
(560, 106, 0, 'tuition', 'bimonthly', '000', '000', 0, 0, 160, 160, 'check', '#3938', '2018-10-13', '', '2018-11-14 20:06:21', '2018-11-14 20:06:21', 0),
(561, 108, 0, 'tuition', 'bimonthly', '000', '000', 0, 0, 140, 140, 'check', '#3938', '2018-10-13', '', '2018-11-14 20:06:47', '2018-11-14 20:06:47', 0),
(562, 245, 0, 'tuition', 'bimonthly', '000', '000', 0, 0, 160, 160, 'cash', 'Oct-Nov Tuition ', '2018-10-13', '', '2018-11-14 20:57:33', '2018-11-14 20:57:33', 0),
(563, 246, 0, 'tuition', 'bimonthly', '000', '000', 0, 0, 150, 150, 'cash', 'Oct-Nov Tuition ', '2018-10-13', '', '2018-11-14 20:57:57', '2018-11-14 20:57:57', 0),
(566, 275, 0, 'tuition', 'monthly', '000', '000', 0, 0, 80, 95, 'cash', 'October Tuition', '2018-10-13', '', '2018-11-14 20:59:42', '2018-12-21 23:35:22', 0),
(567, 270, 0, 'tuition', 'monthly', '000', '000', 0, 0, 80, 80, 'cash', '#1010', '2018-10-13', '', '2018-11-14 21:00:37', '2018-11-14 21:00:37', 0),
(568, 96, 0, 'tuition', 'bimonthly', '000', '000', 0, 0, 160, 160, 'cash', 'Oct-Nov Tuition', '2018-10-13', '', '2018-11-14 21:01:27', '2018-11-14 21:01:27', 0),
(569, 131, 0, 'tuition', 'bimonthly', '000', '000', 0, 0, 160, 160, 'cash', 'Oct-Nov Tuition', '2018-10-13', '', '2018-11-14 21:02:43', '2018-11-14 21:02:43', 0),
(570, 293, 0, 'tuition', 'monthly', '000', '000', 0, 0, 75, 75, 'cash', 'Oct-Nov Tuition', '2018-10-13', '', '2018-11-14 21:03:23', '2018-11-14 21:03:23', 0),
(571, 294, 0, 'tuition', 'monthly', '000', '000', 0, 0, 80, 80, 'cash', 'Oct-Nov Tuition', '2018-10-13', '', '2018-11-14 21:03:46', '2018-11-14 21:03:46', 0),
(572, 116, 0, 'tuition', 'monthly', '000', '000', 0, 0, 80, 80, 'check', '#386', '2018-10-13', '', '2018-11-14 21:04:38', '2018-11-14 21:04:38', 0),
(573, 308, 0, 'tuition', 'bimonthly', '000', '000', 0, 0, 150, 150, 'check', '#403', '2018-10-13', '', '2018-11-14 21:05:37', '2018-11-14 21:05:37', 0),
(574, 358, 0, 'tuition', 'bimonthly', '000', '000', 0, 0, 140, 140, 'check', '#403', '2018-10-13', '', '2018-11-14 21:06:00', '2018-11-14 21:06:00', 0),
(575, 277, 0, 'tuition', 'bimonthly', '000', '000', 0, 0, 160, 160, 'check', '#403', '2018-10-13', '', '2018-11-14 21:06:25', '2018-11-14 21:06:25', 0),
(576, 277, 0, 'books', '000', '000', 'islamic_textbook', 0, 0, 30, 30, 'check', '#403', '2018-10-13', '', '2018-11-14 21:07:27', '2018-11-14 21:07:27', 0),
(577, 368, 0, 'custom_payment', '000', '000', '000', 0, 0, 20, 20, 'check', 'ONE DAY TRIAL\r\n#156', '2018-10-20', 'SUPPOSED TO BE 10.06.18', '2018-11-14 21:11:37', '2018-11-30 20:26:07', 0),
(578, 368, 0, 'registration_fee', '000', '000', '000', 0, 0, 30, 30, 'check', '#157', '2018-10-13', '', '2018-11-14 21:11:57', '2018-11-14 21:11:57', 0),
(580, 367, 0, 'custom_payment', '000', '000', '000', 0, 0, 20, 20, 'check', 'ONE DAY TRAIL\r\n#156', '2018-10-20', 'SUPPOSED TO BE 10.06.18', '2018-11-14 21:13:43', '2018-11-30 20:26:16', 0),
(581, 367, 0, 'registration_fee', '000', '000', '000', 0, 0, 30, 30, 'check', '#157', '2018-10-13', '', '2018-11-14 21:14:06', '2018-11-14 21:14:06', 0),
(582, 368, 0, 'books', '000', '000', 'pre_kinder_books_fee', 0, 0, 55, 55, 'check', '#157', '2018-10-13', '', '2018-11-14 21:14:26', '2018-11-14 21:14:26', 0),
(583, 367, 0, 'books', '000', '000', 'pre_kinder_books_fee', 0, 0, 55, 55, 'check', '#157\r\nELEMENTARY BOOKS', '2018-10-13', '', '2018-11-14 21:14:45', '2018-11-14 21:14:45', 0),
(586, 178, 0, 'tuition', 'monthly', '000', '000', 0, 0, 80, 80, 'check', 'PAID HALF IN CASH AND HALF IN CHECK\r\n(#020)', '2018-10-13', '', '2018-11-14 21:17:47', '2018-11-14 21:17:47', 0),
(587, 207, 0, 'tuition', 'bimonthly', '000', '000', 0, 0, 160, 160, 'check', '#201', '2018-10-13', '', '2018-11-16 20:06:48', '2018-11-16 20:06:48', 0),
(588, 143, 0, 'tuition', 'bimonthly', '000', '000', 0, 0, 160, 160, 'cash', 'Oct-Nov Tuition', '2018-10-13', '', '2018-11-16 20:07:29', '2018-11-16 20:07:29', 0),
(589, 289, 0, 'tuition', 'monthly', '000', '000', 0, 0, 80, 80, 'check', '#1077', '2018-10-13', '', '2018-11-16 20:08:24', '2018-11-16 20:08:24', 0),
(590, 363, 0, 'tuition', 'bimonthly', '000', '000', 0, 0, 160, 160, 'cash', 'Oct-Nov Tuition', '2018-10-13', '', '2018-11-16 20:09:08', '2018-11-16 20:09:08', 0),
(591, 124, 0, 'tuition', 'bimonthly', '000', '000', 0, 0, 160, 160, 'cash', 'Oct-Nov Tuition', '2018-10-13', '', '2018-11-16 20:09:53', '2018-11-16 20:09:53', 0),
(592, 125, 0, 'tuition', 'bimonthly', '000', '000', 0, 0, 150, 150, 'cash', 'Oct-Nov Tuition', '2018-10-13', '', '2018-11-16 20:10:13', '2018-11-16 20:10:13', 0),
(593, 320, 0, 'registration_fee', '000', '000', '000', 0, 0, 30, 30, 'cash', 'Reg Fee', '2018-10-13', '', '2018-11-16 20:12:03', '2018-11-16 20:12:03', 0),
(594, 318, 0, 'registration_fee', '000', '000', '000', 0, 0, 30, 30, 'cash', 'Reg Fee', '2018-10-13', '', '2018-11-16 20:12:18', '2018-11-16 20:12:18', 0),
(595, 321, 0, 'registration_fee', '000', '000', '000', 0, 0, 30, 30, 'cash', 'Reg Fee', '2018-10-13', '', '2018-11-16 20:12:36', '2018-11-16 20:12:36', 0),
(596, 319, 0, 'registration_fee', '000', '000', '000', 0, 0, 30, 30, 'cash', 'Reg Fee', '2018-10-13', '', '2018-11-16 20:12:52', '2018-11-16 20:12:52', 0),
(597, 264, 0, 'tuition', 'bimonthly', '000', '000', 0, 0, 150, 150, 'check', ' #1046', '2018-10-13', '', '2018-11-16 20:14:22', '2018-11-16 20:14:22', 0),
(598, 313, 0, 'tuition', 'bimonthly', '000', '000', 0, 0, 160, 160, 'check', ' #1046', '2018-10-13', '', '2018-11-16 20:14:42', '2018-11-16 20:14:42', 0),
(599, 238, 0, 'tuition', 'bimonthly', '000', '000', 0, 0, 150, 150, 'check', '#654', '2018-10-13', '', '2018-11-16 20:15:40', '2018-11-16 20:15:40', 0),
(600, 283, 0, 'tuition', 'bimonthly', '000', '000', 0, 0, 160, 160, 'check', '#654', '2018-11-13', '', '2018-11-16 20:16:11', '2018-11-16 20:16:11', 0),
(601, 287, 0, 'tuition', 'bimonthly', '000', '000', 0, 0, 160, 160, 'check', '#1030', '2018-10-13', '', '2018-11-21 21:13:06', '2018-11-21 21:13:06', 0),
(602, 190, 0, 'tuition', 'monthly', '000', '000', 0, 0, 75, 75, 'cash', 'Oct Tuition', '2018-10-13', '', '2018-11-21 21:16:13', '2018-11-21 21:16:13', 0),
(603, 189, 0, 'tuition', 'monthly', '000', '000', 0, 0, 80, 80, 'cash', 'Oct Tuition', '2018-10-13', '', '2018-11-21 21:16:51', '2018-11-21 21:16:51', 0),
(604, 113, 0, 'tuition', 'bimonthly', '000', '000', 0, 0, 160, 160, 'check', '#413', '2018-10-13', '', '2018-11-21 21:20:15', '2018-11-21 21:20:15', 0),
(605, 243, 0, 'tuition', 'bimonthly', '000', '000', 0, 0, 140, 140, 'check', ' #1614', '2018-10-13', '', '2018-11-21 21:21:58', '2018-11-21 21:21:58', 0),
(606, 244, 0, 'tuition', 'bimonthly', '000', '000', 0, 0, 140, 140, 'check', ' #1614', '2018-10-13', '', '2018-11-21 21:22:45', '2018-11-21 21:22:45', 0),
(607, 285, 0, 'tuition', 'bimonthly', '000', '000', 0, 0, 150, 150, 'check', ' #1614', '2018-10-13', '', '2018-11-21 21:23:21', '2018-11-21 21:23:21', 0),
(608, 263, 0, 'tuition', 'bimonthly', '000', '000', 0, 0, 160, 160, 'check', ' #1614', '2018-10-13', '', '2018-11-21 21:23:43', '2018-11-21 21:23:43', 0),
(610, 256, 0, 'tuition', 'bimonthly', '000', '000', 0, 0, 150, 150, 'check', ' #138', '2018-10-13', '', '2018-11-21 21:26:07', '2018-11-21 21:26:07', 0),
(611, 257, 0, 'tuition', 'bimonthly', '000', '000', 0, 0, 160, 160, 'check', ' #138', '2018-10-13', '', '2018-11-21 21:26:49', '2018-11-21 21:26:49', 0),
(612, 101, 0, 'tuition', 'bimonthly', '000', '000', 0, 0, 160, 160, 'cash', 'Oct-Nov Tuition', '2018-10-13', '', '2018-11-21 21:28:00', '2018-11-21 21:28:00', 0),
(614, 323, 0, 'tuition', 'monthly', '000', '000', 0, 0, 60, 60, 'cash', 'Oct Tuition\r\nONE DAY TRIAL (-$20)', '2018-10-13', '', '2018-11-21 21:33:30', '2018-11-21 21:33:38', 0),
(615, 324, 0, 'tuition', 'monthly', '000', '000', 0, 0, 55, 55, 'cash', 'Oct Tuition\r\nONE DAY TRIAL (-$20)', '2018-10-13', '', '2018-11-21 21:34:36', '2018-11-25 16:45:17', 0),
(616, 217, 0, 'tuition', 'monthly', '000', '000', 0, 0, 80, 80, 'cash', 'Oct Tuition', '2018-10-13', '', '2018-11-21 21:36:40', '2018-11-21 21:36:40', 0),
(617, 269, 0, 'tuition', 'monthly', '000', '000', 0, 0, 75, 75, 'cash', 'Oct Tuition', '2018-10-13', '', '2018-11-21 21:37:01', '2018-11-21 21:37:01', 0),
(618, 237, 0, 'tuition', 'monthly', '000', '000', 0, 0, 10, 10, 'cash', 'Book Club Oct Tuition', '2018-10-13', '', '2018-11-21 21:37:35', '2018-11-21 21:37:35', 0),
(619, 236, 0, 'tuition', 'monthly', '000', '000', 0, 0, 10, 10, 'cash', 'Book Club Oct Tuition', '2018-10-13', '', '2018-11-21 21:37:56', '2018-11-21 21:37:56', 0),
(620, 326, 0, 'tuition', 'monthly', '000', '000', 0, 0, 60, 60, 'check', '#1089\r\nOCT TUITION', '2018-10-13', 'ONE DAY TRIAL (-$20)', '2018-11-21 21:40:38', '2018-11-21 21:40:45', 0),
(621, 326, 0, 'registration_fee', '000', '000', '000', 0, 0, 40, 40, 'check', '#1089', '2018-10-13', '', '2018-11-21 21:41:32', '2018-11-21 21:41:32', 0),
(622, 326, 0, 'books', '000', '000', 'elementary_books_fee', 0, 0, 0, 40, 'check', '#1089', '2018-10-13', 'SHE DID NOT NEED TO PAY FOR THIS', '2018-11-21 21:42:03', '2019-01-06 23:08:09', 0),
(623, 327, 0, 'tuition', 'monthly', '000', '000', 0, 0, 10, 10, 'check', '#1089', '2018-10-13', '', '2018-11-21 21:42:37', '2018-11-21 21:42:37', 0),
(624, 360, 0, 'tuition', 'monthly', '000', '000', 0, 0, 70, 70, 'check', '#1089', '2018-10-13', '', '2018-11-21 21:43:33', '2018-11-21 21:43:33', 0),
(625, 372, 0, 'tuition', 'monthly', '000', '000', 0, 0, 10, 10, 'check', '#1089', '2018-10-13', '', '2018-11-21 21:43:53', '2018-11-21 21:43:53', 0),
(626, 230, 0, 'tuition', 'bimonthly', '000', '000', 0, 0, 160, 160, 'cash', 'Oct-Nov Tuition', '2018-10-13', '', '2018-11-25 06:30:08', '2018-11-25 06:30:08', 0),
(627, 231, 0, 'tuition', 'bimonthly', '000', '000', 0, 0, 150, 150, 'cash', 'Oct-Nov Tuition', '2018-10-13', '', '2018-11-25 06:30:33', '2018-11-25 06:30:33', 0),
(628, 328, 0, 'tuition', 'monthly', '000', '000', 0, 0, 10, 10, 'cash', 'Oct Book Club Tuition\r\n*square says used $10 ', '2018-10-13', '', '2018-11-25 06:31:52', '2018-11-25 06:31:52', 0),
(629, 329, 0, 'tuition', 'monthly', '000', '000', 0, 0, 10, 10, 'cash', 'Oct Book Club', '2018-10-13', '', '2018-11-25 06:32:12', '2018-11-25 06:32:12', 0),
(630, 159, 0, 'tuition', 'bimonthly', '000', '000', 0, 0, 160, 160, 'cash', 'Oct-Nov Tuition', '2018-10-13', '', '2018-11-25 06:33:16', '2018-11-25 06:33:16', 0),
(631, 299, 0, 'registration_fee', '000', '000', '000', 0, 0, 30, 30, 'cash', 'Reg Fee', '2018-10-13', '', '2018-11-25 06:34:10', '2018-11-25 06:34:10', 0),
(632, 314, 0, 'registration_fee', '000', '000', '000', 0, 0, 30, 30, 'cash', 'Reg Fee', '2018-10-13', '', '2018-11-25 06:34:29', '2018-11-25 06:34:29', 0),
(633, 299, 0, 'books', '000', '000', 'pre_kinder_books_fee', 0, 0, 55, 55, 'cash', 'ELEMENTARY BOOKS', '2018-10-13', '', '2018-11-25 06:35:13', '2018-11-25 06:35:13', 0),
(634, 314, 0, 'books', '000', '000', 'pre_kinder_books_fee', 0, 0, 55, 55, 'cash', 'ELEMENTARY BOOKS', '2018-10-13', '', '2018-11-25 06:35:36', '2018-11-25 06:35:36', 0),
(635, 299, 0, 'tuition', 'monthly', '000', '000', 0, 50, 40, 40, 'cash', 'Sep Tuition\r\n*Teacher Discount included', '2018-10-13', '', '2018-11-25 06:36:17', '2018-11-25 06:36:17', 0),
(636, 314, 0, 'tuition', 'monthly', '000', '000', 0, 50, 37.5, 37, 'cash', 'Sep Tuition\r\n*Teacher Discount included', '2018-10-13', '', '2018-11-25 06:37:14', '2018-11-25 06:37:14', 0),
(637, 299, 0, 'tuition', 'bimonthly', '000', '000', 0, 50, 80, 80, 'cash', 'Oct-Nov Tuition\r\n*Teacher Discount included', '2018-10-13', '', '2018-11-25 06:37:43', '2018-11-25 06:37:43', 0),
(638, 314, 0, 'tuition', 'bimonthly', '000', '000', 0, 50, 75, 75, 'cash', 'Oct-Nov Tuition\r\n*Teacher Discount included', '2018-10-13', '', '2018-11-25 06:38:04', '2018-11-25 06:38:04', 0),
(639, 146, 0, 'tuition', 'bimonthly', '000', '000', 0, 0, 160, 160, 'cash', 'Oct-Nov Tuition', '2018-10-13', '', '2018-11-25 06:39:37', '2018-11-25 06:39:37', 0),
(640, 147, 0, 'tuition', 'bimonthly', '000', '000', 0, 0, 150, 150, 'cash', 'Oct-Nov Tuition', '2018-10-13', '', '2018-11-25 06:39:57', '2018-11-25 06:39:57', 0),
(641, 148, 0, 'tuition', 'bimonthly', '000', '000', 0, 0, 140, 140, 'cash', 'Oct-Nov Tuition', '2018-10-13', '', '2018-11-25 06:40:18', '2018-11-25 06:40:18', 0),
(642, 253, 0, 'tuition', 'bimonthly', '000', '000', 20, 0, 150, 150, 'check', '#0197', '2018-10-13', '', '2018-11-25 06:41:22', '2018-11-25 06:41:22', 0),
(643, 154, 0, 'tuition', 'bimonthly', '000', '000', 0, 0, 160, 160, 'check', '#0197', '2018-10-13', '', '2018-11-25 06:41:44', '2018-11-25 06:41:44', 0),
(644, 114, 0, 'tuition', 'bimonthly', '000', '000', 0, 0, 160, 160, 'cash', 'Oct-Nov Tuition ', '2018-10-13', '', '2018-11-25 06:42:28', '2018-11-25 06:42:28', 0),
(645, 208, 0, 'tuition', 'bimonthly', '000', '000', 0, 0, 160, 160, 'cash', 'Oct-Nov Tuition ', '2018-10-13', '', '2018-11-25 06:43:03', '2018-11-25 06:43:03', 0),
(646, 140, 0, 'tuition', 'bimonthly', '000', '000', 0, 0, 150, 150, 'cash', 'Oct-Nov Tuition ', '2018-10-13', '', '2018-11-25 06:44:06', '2018-11-25 06:44:06', 0),
(647, 139, 0, 'tuition', 'bimonthly', '000', '000', 0, 0, 160, 160, 'cash', 'Oct-Nov Tuition ', '2018-10-13', '', '2018-11-25 06:44:27', '2018-11-25 06:44:27', 0),
(648, 140, 0, 'custom_payment', '000', '000', '000', 0, 0, 37, 37, 'cash', 'DONATION', '2018-10-13', '', '2018-11-25 06:45:05', '2018-11-25 06:45:05', 0),
(649, 140, 0, 'custom_payment', '000', '000', '000', 0, 0, 37, 37, 'cash', 'DONATION', '2018-10-13', '', '2018-11-25 06:45:05', '2018-11-25 06:45:05', 0),
(650, 312, 0, 'tuition', 'bimonthly', '000', '000', 0, 0, 160, 155, 'cash', 'Oct-Nov Tuition \r\n*Used $5 credit', '2018-10-13', '', '2018-11-25 06:46:32', '2018-11-25 06:46:32', 0),
(654, 355, 0, 'tuition', 'bimonthly', '000', '000', 0, 0, 150, 150, 'cash', 'Oct-Nov Tuition ', '2018-10-13', '', '2018-11-25 06:48:44', '2018-11-25 06:48:44', 0),
(655, 388, 0, 'tuition', 'bimonthly', '000', '000', 0, 0, 140, 140, 'cash', 'Oct-Nov Tuition ', '2018-10-13', '', '2018-11-25 06:49:02', '2018-11-25 06:49:02', 0),
(656, 362, 0, 'tuition', 'bimonthly', '000', '000', 0, 0, 160, 160, 'cash', 'Oct-Nov Tuition ', '2018-10-13', '', '2018-11-25 06:49:18', '2018-11-25 06:49:25', 0),
(657, 317, 0, 'tuition', 'bimonthly', '000', '000', 0, 0, 160, 160, 'check', ' #233\r\n*SAME CHECK AS SHOUMAN', '2018-10-13', 'PAID BY RAHIMEH', '2018-11-25 06:50:40', '2018-11-25 06:50:40', 0),
(658, 281, 0, 'tuition', 'bimonthly', '000', '000', 0, 0, 150, 150, 'check', ' #233\r\n*SAME CHECK AS RAHIMEH', '2018-10-13', 'PAID BY RAHIMEH', '2018-11-25 06:51:28', '2018-11-25 06:51:28', 0),
(659, 280, 0, 'tuition', 'bimonthly', '000', '000', 0, 0, 160, 160, 'check', ' #233\r\n*SAME CHECK AS RAHIMEH', '2018-10-13', 'PAID BY RAHIMEH', '2018-11-25 06:51:53', '2018-11-25 06:51:53', 0),
(660, 282, 0, 'tuition', 'bimonthly', '000', '000', 20, 0, 140, 140, 'check', ' #233\r\n*SAME CHECK AS RAHIMEH', '2018-10-13', 'PAID BY RAHIMEH', '2018-11-25 06:52:17', '2018-11-25 06:52:17', 0),
(661, 354, 0, 'custom_payment', '000', '000', '000', 0, 0, 20, 20, 'cash', 'ONE DAY TRIAL', '2018-10-13', '', '2018-11-25 06:53:30', '2018-11-25 06:53:30', 0),
(662, 354, 0, 'registration_fee', '000', '000', '000', 0, 0, 30, 30, 'cash', 'Reg fee', '2018-10-13', '', '2018-11-25 06:53:58', '2018-11-25 06:53:58', 0),
(663, 354, 0, 'books', '000', '000', 'pre_kinder_books_fee', 0, 0, 55, 55, 'cash', 'ELEMENTARY BOOKS', '2018-10-13', '', '2018-11-25 06:54:22', '2018-11-25 06:54:22', 0),
(664, 354, 0, 'tuition', 'monthly', '000', '000', 0, 0, 60, 60, 'cash', 'OCT TUITION\r\n(-$20; TAKEN FROM ONE DAY TRIAL)', '2018-10-13', '', '2018-11-25 06:55:03', '2018-11-25 06:55:11', 0),
(665, 366, 0, 'tuition', 'bimonthly', '000', '000', 0, 0, 150, 150, 'cash', 'Oct-Nov Tuition', '2018-10-13', '', '2018-11-25 06:56:19', '2018-11-25 06:56:19', 0),
(666, 164, 0, 'tuition', 'bimonthly', '000', '000', 0, 0, 160, 160, 'cash', 'Oct-Nov Tuition', '2018-10-13', '', '2018-11-25 06:56:35', '2018-11-25 06:56:35', 0),
(667, 115, 0, 'tuition', 'bimonthly', '000', '000', 20, 0, 160, 160, 'check', '#1244', '2018-10-13', '', '2018-11-25 06:57:22', '2018-11-25 06:57:22', 0),
(668, 179, 0, 'tuition', 'monthly', '000', '000', 0, 0, 80, 80, 'check', '#152', '2018-10-13', '', '2018-11-25 06:58:13', '2018-11-25 06:58:13', 0),
(669, 180, 0, 'tuition', 'monthly', '000', '000', 0, 0, 75, 75, 'check', '#152', '2018-10-13', '', '2018-11-25 06:58:30', '2018-11-25 06:58:30', 0),
(670, 381, 0, 'registration_fee', '000', '000', '000', 0, 0, 30, 30, 'cash', 'Reg Fee', '2018-10-13', '', '2018-11-25 06:59:17', '2018-11-25 06:59:17', 0),
(671, 381, 0, 'books', '000', '000', 'elementary_books_fee', 0, 0, 40, 40, 'cash', 'Books', '2018-10-13', '', '2018-11-25 06:59:35', '2018-11-25 06:59:35', 0),
(672, 381, 0, 'tuition', 'monthly', '000', '000', 0, 50, 40, 40, 'cash', 'Sep Tuition\r\n*Teacher Discount included', '2018-10-13', '', '2018-11-25 07:00:09', '2018-11-25 07:00:09', 0),
(673, 307, 0, 'tuition', 'monthly', '000', '000', 0, 0, 80, 80, 'cash', 'Oct Tuition', '2018-10-13', '', '2018-11-25 07:01:05', '2018-11-25 07:01:05', 0),
(674, 213, 0, 'tuition', 'bimonthly', '000', '000', 0, 0, 150, 150, 'check', '#1010', '2018-10-13', '', '2018-11-25 07:02:09', '2018-11-25 07:02:09', 0),
(675, 212, 0, 'tuition', 'bimonthly', '000', '000', 0, 0, 160, 160, 'check', '#1010', '2018-10-13', '', '2018-11-25 07:02:27', '2018-11-25 07:02:27', 0);
INSERT INTO `students_payments` (`id`, `student_record_id`, `payment_item_id`, `payment_item_type`, `tuition_type`, `late_fee_type`, `books_payment_type`, `full_year_discount`, `teacher_child_discount`, `invoice`, `payment`, `check_or_cash`, `student_payment_description`, `student_payment_date`, `student_payment_notes`, `created_at`, `updated_at`, `deleted`) VALUES
(676, 145, 0, 'tuition', 'bimonthly', '000', '000', 0, 0, 150, 150, 'check', '#3186', '2018-10-13', '', '2018-11-25 07:03:20', '2018-11-25 07:03:20', 0),
(677, 144, 0, 'tuition', 'bimonthly', '000', '000', 0, 0, 160, 160, 'check', '#3186', '2018-10-13', '', '2018-11-25 07:03:41', '2018-11-25 07:03:41', 0),
(678, 216, 0, 'tuition', 'bimonthly', '000', '000', 0, 0, 160, 160, 'check', '#3222', '2018-10-13', '', '2018-11-25 07:04:58', '2018-11-25 07:04:58', 0),
(679, 153, 0, 'tuition', 'bimonthly', '000', '000', 0, 0, 160, 160, 'check', ' #1080', '2018-10-13', '', '2018-11-25 07:06:14', '2018-11-25 07:06:14', 0),
(680, 122, 0, 'tuition', 'bimonthly', '000', '000', 0, 0, 150, 150, 'check', '#1704', '2018-10-13', '', '2018-11-25 07:16:39', '2018-11-25 07:16:39', 0),
(681, 121, 0, 'tuition', 'bimonthly', '000', '000', 0, 0, 160, 160, 'check', '#1704', '2018-10-13', '', '2018-11-25 07:16:59', '2018-11-25 07:16:59', 0),
(682, 123, 0, 'tuition', 'bimonthly', '000', '000', 0, 0, 140, 140, 'check', '#1704', '2018-10-13', '', '2018-11-25 07:17:21', '2018-11-25 07:17:21', 0),
(683, 258, 0, 'tuition', 'bimonthly', '000', '000', 0, 0, 160, 160, 'check', '#141', '2018-10-13', '', '2018-11-25 07:20:17', '2018-11-25 07:20:17', 0),
(684, 297, 0, 'tuition', 'bimonthly', '000', '000', 0, 0, 160, 160, 'check', '#123', '2018-10-13', '', '2018-11-25 07:20:59', '2018-11-25 07:20:59', 0),
(685, 368, 0, 'tuition', 'monthly', '000', '000', 0, 0, 55, 55, 'check', '#157\r\nOctober Tuition (-$20 one day trial)', '2018-10-13', '', '2018-11-25 07:23:43', '2018-11-25 07:24:42', 0),
(686, 367, 0, 'tuition', 'monthly', '000', '000', 0, 0, 60, 60, 'check', '#157\r\nOctober Tuition (-$20 one day trial)', '2018-10-13', '', '2018-11-25 07:24:16', '2018-11-25 07:24:34', 0),
(687, 127, 0, 'tuition', 'bimonthly', '000', '000', 0, 0, 150, 150, 'cash', 'Oct-Nov Tuition', '2018-10-13', '', '2018-11-25 07:25:52', '2018-11-25 07:25:52', 0),
(688, 126, 0, 'tuition', 'bimonthly', '000', '000', 0, 0, 160, 160, 'cash', 'Oct-Nov Tuition', '2018-10-13', '', '2018-11-25 07:26:10', '2018-11-25 07:26:10', 0),
(689, 188, 0, 'tuition', 'bimonthly', '000', '000', 0, 0, 150, 140, 'cash', 'Oct-Nov Tuition', '2018-10-13', '*$10 Less', '2018-11-25 07:28:29', '2018-11-25 07:28:29', 0),
(690, 316, 0, 'tuition', 'bimonthly', '000', '000', 0, 0, 160, 160, 'cash', 'Oct-Nov Tuition', '2018-10-13', '', '2018-11-25 07:28:46', '2018-11-25 07:28:46', 0),
(691, 134, 0, 'tuition', 'bimonthly', '000', '000', 0, 0, 150, 150, 'check', '#1316', '2018-10-13', '', '2018-11-25 07:30:00', '2018-11-25 07:30:00', 0),
(692, 284, 0, 'tuition', 'bimonthly', '000', '000', 0, 0, 160, 160, 'check', '#1316', '2018-10-13', '', '2018-11-25 07:30:22', '2018-11-25 07:30:22', 0),
(693, 226, 0, 'tuition', 'bimonthly', '000', '000', 0, 0, 160, 160, 'check', '#114', '2018-10-13', '', '2018-11-25 07:31:01', '2018-11-25 07:31:01', 0),
(694, 141, 0, 'tuition', 'bimonthly', '000', '000', 0, 0, 160, 160, 'check', 'MO #35-21943576', '2018-10-13', '', '2018-11-25 07:31:42', '2018-11-25 07:31:42', 0),
(695, 315, 0, 'tuition', 'bimonthly', '000', '000', 0, 0, 160, 165, 'cash', 'Oct-Nov Tuition\r\n', '2018-10-20', '$5 credit', '2018-11-25 07:33:03', '2018-11-25 07:33:03', 0),
(696, 315, 0, 'late_fee', '000', 'late_payment_fee', '000', 0, 0, 15, 15, 'cash', 'Late Fee', '2018-10-20', '', '2018-11-25 07:33:22', '2018-11-25 07:33:22', 0),
(697, 383, 0, 'custom_payment', '000', '000', '000', 0, 0, 20, 20, 'cash', 'ONE DAY TRIAL', '2018-10-20', '', '2018-11-25 07:34:06', '2018-11-25 07:34:06', 0),
(698, 382, 0, 'custom_payment', '000', '000', '000', 0, 0, 20, 20, 'cash', 'ONE DAY TRIAL', '2018-10-20', '', '2018-11-25 07:34:19', '2018-11-25 07:34:19', 0),
(699, 167, 0, 'tuition', 'bimonthly', '000', '000', 0, 0, 140, 140, 'check', ' #210', '2018-10-13', '', '2018-11-25 07:35:14', '2018-11-25 07:35:14', 0),
(700, 166, 0, 'tuition', 'bimonthly', '000', '000', 0, 0, 150, 150, 'check', ' #210', '2018-10-20', '', '2018-11-25 07:35:35', '2018-11-25 07:35:35', 0),
(701, 272, 0, 'tuition', 'bimonthly', '000', '000', 0, 0, 160, 160, 'check', ' #210', '2018-10-20', '', '2018-11-25 07:35:55', '2018-11-25 07:35:55', 0),
(702, 272, 0, 'late_fee', '000', 'late_payment_fee', '000', 0, 0, 15, 15, 'check', ' #210', '2018-10-20', '', '2018-11-25 07:36:12', '2018-11-25 07:36:12', 0),
(703, 373, 0, 'custom_payment', '000', '000', '000', 0, 0, 20, 20, 'cash', 'ONE DAY TRIAL', '2018-10-20', '', '2018-11-25 07:37:03', '2018-11-25 07:37:03', 0),
(704, 374, 0, 'custom_payment', '000', '000', '000', 0, 0, 20, 20, 'cash', 'ONE DAY TRIAL', '2018-10-20', '', '2018-11-25 07:37:19', '2018-11-25 07:37:19', 0),
(705, 94, 0, 'tuition', 'bimonthly', '000', '000', 0, 0, 160, 160, 'cash', 'Oct-Nov Tuition', '2018-10-20', '', '2018-11-25 07:39:29', '2018-11-25 07:39:29', 0),
(706, 95, 0, 'tuition', 'bimonthly', '000', '000', 0, 0, 150, 150, 'cash', 'Oct-Nov Tuition', '2018-10-20', '', '2018-11-25 07:39:51', '2018-11-25 07:39:51', 0),
(707, 225, 0, 'tuition', 'bimonthly', '000', '000', 0, 0, 160, 160, 'check', '#682', '2018-10-20', '', '2018-11-25 07:42:04', '2018-11-25 07:42:04', 0),
(708, 385, 0, 'tuition', 'bimonthly', '000', '000', 0, 0, 160, 160, 'cash', 'Oct-Nov Tuition', '2018-10-20', '', '2018-11-25 16:33:50', '2018-11-25 16:33:50', 0),
(709, 232, 0, 'tuition', 'monthly', '000', '000', 0, 0, 80, 75, 'cash', 'Oct Tuition\r\n*used $5 credit', '2018-10-20', '', '2018-11-25 16:36:03', '2018-11-25 16:36:03', 0),
(710, 369, 0, 'registration_fee', '000', '000', '000', 0, 0, 30, 30, 'cash', 'Reg Fee', '2018-10-20', '', '2018-11-25 16:36:55', '2018-11-25 16:36:55', 0),
(711, 369, 0, 'books', '000', '000', 'pre_kinder_books_fee', 0, 0, 55, 55, 'cash', 'Books', '2018-10-20', '', '2018-11-25 16:37:12', '2018-11-25 16:37:12', 0),
(712, 369, 0, 'custom_payment', '000', '000', '000', 0, 0, 40, 40, 'cash', 'Remaining of Month October (two days left)\r\n', '2018-10-20', '', '2018-11-25 16:38:05', '2018-12-22 20:15:22', 0),
(713, 322, 0, 'registration_fee', '000', '000', '000', 0, 0, 30, 30, 'cash', 'Reg Fee', '2018-10-20', '', '2018-11-25 16:41:58', '2018-11-25 16:41:58', 0),
(714, 322, 0, 'books', '000', '000', 'elementary_books_fee', 0, 0, 40, 40, 'cash', 'Books', '2018-10-20', '', '2018-11-25 16:42:17', '2018-11-25 16:42:17', 0),
(715, 322, 0, 'tuition', 'monthly', '000', '000', 0, 50, 40, 40, 'cash', 'Sep Tuition\r\n*Teacher Discount included', '2018-10-20', '', '2018-11-25 16:42:42', '2018-11-25 16:42:42', 0),
(716, 322, 0, 'tuition', 'bimonthly', '000', '000', 0, 50, 80, 80, 'cash', 'Oct-Nov Tuition\r\n*Teacher Discount included', '2018-10-20', '', '2018-11-25 16:43:10', '2018-11-25 16:43:10', 0),
(717, 323, 0, 'custom_payment', '000', '000', '000', 0, 0, 20, 20, 'cash', 'ONE DAY TRIAL', '2018-10-06', '', '2018-11-25 16:46:10', '2018-11-25 16:46:10', 0),
(718, 324, 0, 'custom_payment', '000', '000', '000', 0, 0, 20, 20, 'cash', 'ONE DAY TRIAL', '2018-10-06', '', '2018-11-25 16:46:32', '2018-11-25 16:46:32', 0),
(719, 320, 0, 'custom_payment', '000', '000', '000', 0, 0, 20, 20, 'cash', 'ONE DAY TRIAL', '2018-10-06', '', '2018-11-25 16:47:50', '2018-11-25 16:47:50', 0),
(720, 318, 0, 'custom_payment', '000', '000', '000', 0, 0, 20, 20, 'cash', 'ONE DAY TRIAL', '2018-10-06', '', '2018-11-25 16:48:06', '2018-11-25 16:48:06', 0),
(721, 321, 0, 'custom_payment', '000', '000', '000', 0, 0, 20, 20, 'cash', 'ONE DAY TRIAL', '2018-10-06', '', '2018-11-25 16:48:24', '2018-11-25 16:48:24', 0),
(722, 319, 0, 'custom_payment', '000', '000', '000', 0, 0, 20, 20, 'cash', 'ONE DAY TRIAL', '2018-10-06', '', '2018-11-25 16:48:39', '2018-11-25 16:48:39', 0),
(723, 326, 0, 'custom_payment', '000', '000', '000', 0, 0, 20, 20, 'cash', 'ONE DAY TRIAL', '2018-10-06', '', '2018-11-25 16:50:55', '2018-11-25 16:51:03', 0),
(724, 375, 0, 'custom_payment', '000', '000', '000', 0, 0, 20, 20, 'cash', 'ONE DAY TRIAL\r\nPAID BY MANEJA RAHMATEE', '2018-10-20', '', '2018-11-25 16:51:59', '2018-11-25 16:51:59', 0),
(725, 220, 0, 'tuition', 'bimonthly', '000', '000', 0, 0, 160, 160, 'cash', 'Oct-Nov Tuition', '2018-10-20', '', '2018-11-25 16:52:41', '2018-11-25 16:52:41', 0),
(726, 157, 0, 'tuition', 'monthly', '000', '000', 0, 0, 33.33, 33.33, 'cash', 'Oct Tuition\r\n*FAMILY DISCOUNT: $100 TOTAL/MON', '2018-10-27', '', '2018-11-25 16:56:07', '2018-11-25 16:56:17', 0),
(727, 325, 0, 'tuition', 'monthly', '000', '000', 0, 0, 33.33, 33.33, 'cash', 'Oct Tuition\r\n*FAMILY DISCOUNT: $100 TOTAL/MON', '2018-10-27', '', '2018-11-25 16:56:44', '2018-11-25 16:56:52', 0),
(728, 274, 0, 'tuition', 'monthly', '000', '000', 0, 0, 33.33, 33.33, 'cash', 'Oct Tuition\r\n*FAMILY DISCOUNT: $100 TOTAL/MON', '2018-10-27', '', '2018-11-25 16:57:06', '2018-11-25 16:57:13', 0),
(729, 375, 0, 'registration_fee', '000', '000', '000', 0, 0, 30, 30, 'cash', 'Reg Fee', '2018-10-27', '', '2018-11-25 16:58:35', '2018-11-25 16:58:35', 0),
(730, 375, 0, 'books', '000', '000', 'pre_kinder_books_fee', 0, 0, 55, 55, 'cash', 'Books', '2018-10-27', '', '2018-11-25 16:58:49', '2018-11-25 16:58:49', 0),
(731, 375, 0, 'custom_payment', '000', '000', '000', 0, 0, 20, 20, 'cash', 'Paid for remainder of month (10.27.18)', '2018-10-27', '', '2018-11-25 16:59:22', '2018-11-25 16:59:22', 0),
(732, 375, 0, 'tuition', 'monthly', '000', '000', 0, 0, 80, 80, 'cash', 'Nov Tuition', '2018-10-27', '', '2018-11-25 16:59:43', '2018-11-25 16:59:43', 0),
(733, 251, 0, 'tuition', 'bimonthly', '000', '000', 0, 0, 160, 160, 'check', '#1217', '2018-10-27', '', '2018-11-25 17:00:34', '2018-11-25 17:00:34', 0),
(734, 169, 0, 'tuition', 'bimonthly', '000', '000', 0, 0, 150, 150, 'check', '#256', '2018-10-27', '', '2018-11-25 17:01:31', '2018-11-25 17:01:31', 0),
(735, 168, 0, 'tuition', 'bimonthly', '000', '000', 0, 0, 160, 160, 'check', '#256', '2018-10-27', '', '2018-11-25 17:01:53', '2018-11-25 17:01:53', 0),
(736, 168, 0, 'late_fee', '000', 'late_payment_fee', '000', 0, 0, 15, 15, 'check', '#256', '2018-10-27', '', '2018-11-25 17:02:09', '2018-11-25 17:02:09', 0),
(737, 304, 0, 'registration_fee', '000', '000', '000', 0, 0, 30, 30, 'check', '#1329', '2018-10-27', '', '2018-11-25 17:03:04', '2018-11-25 17:03:04', 0),
(738, 305, 0, 'registration_fee', '000', '000', '000', 0, 0, 30, 30, 'check', '#1329', '2018-10-27', '', '2018-11-25 17:03:20', '2018-11-25 17:03:20', 0),
(739, 305, 0, 'books', '000', '000', 'pre_kinder_books_fee', 0, 0, 55, 55, 'check', '#1329\r\nELEMENTARY BOOKS', '2018-10-27', '', '2018-11-25 17:03:42', '2018-11-25 17:03:42', 0),
(740, 304, 0, 'books', '000', '000', 'pre_kinder_books_fee', 0, 0, 55, 55, 'check', '#1329', '2018-10-27', '', '2018-11-25 17:03:57', '2018-11-25 17:03:57', 0),
(741, 304, 0, 'tuition', 'monthly', '000', '000', 0, 50, 40, 40, 'check', '#1329\r\nSep Tuition', '2018-10-27', '*Teacher Discount included', '2018-11-25 17:08:03', '2018-11-25 17:08:03', 0),
(742, 305, 0, 'tuition', 'monthly', '000', '000', 0, 50, 37.5, 37.5, 'check', '#1329\r\nSep Tuition', '2018-10-27', '*Teacher Discount included', '2018-11-25 17:08:36', '2018-11-25 17:08:36', 0),
(743, 304, 0, 'tuition', 'bimonthly', '000', '000', 0, 50, 80, 80, 'check', '#1329\r\n*Teacher Discount included', '2018-10-27', '', '2018-11-25 17:09:12', '2018-11-25 17:09:12', 0),
(744, 305, 0, 'tuition', 'bimonthly', '000', '000', 0, 50, 75, 75, 'check', '#1329\r\n*Teacher Discount included', '2018-10-27', '', '2018-11-25 17:09:34', '2018-11-25 17:09:34', 0),
(745, 404, 0, 'tuition', 'monthly', '000', '000', 0, 0, 10, 10, 'check', '#1329\r\n', '2018-10-27', '', '2018-11-25 17:12:20', '2018-11-25 17:12:20', 0),
(746, 404, 0, 'tuition', 'bimonthly', '000', '000', 0, 0, 20, 20, 'check', '#1329\r\n', '2018-10-27', '', '2018-11-25 17:12:46', '2018-11-25 17:12:53', 0),
(747, 405, 0, 'tuition', 'monthly', '000', '000', 0, 0, 10, 10, 'check', '#1329\r\n', '2018-10-27', '', '2018-11-25 17:13:13', '2018-11-25 17:13:13', 0),
(748, 405, 0, 'tuition', 'bimonthly', '000', '000', 0, 0, 20, 20, 'check', '#1329\r\n', '2018-10-27', '', '2018-11-25 17:13:29', '2018-11-25 17:13:35', 0),
(749, 378, 0, 'registration_fee', '000', '000', '000', 0, 0, 30, 30, 'cash', 'Reg Fee', '2018-10-27', '', '2018-11-25 17:14:54', '2018-11-25 17:14:54', 0),
(750, 378, 0, 'books', '000', '000', 'pre_kinder_books_fee', 0, 0, 55, 55, 'cash', 'Books', '2018-10-27', '', '2018-11-25 17:15:05', '2018-11-25 17:15:05', 0),
(751, 378, 0, 'tuition', 'monthly', '000', '000', 0, 50, 40, 40, 'cash', 'Sep Tuition\r\n*Teacher Discount included', '2018-10-27', '', '2018-11-25 17:15:53', '2018-11-25 17:15:53', 0),
(752, 378, 0, 'tuition', 'monthly', '000', '000', 0, 50, 40, 40, 'cash', 'Oct Tuition\r\n*Teacher Discount included', '2018-10-27', '', '2018-11-25 17:16:17', '2018-11-25 17:16:17', 0),
(753, 380, 0, 'registration_fee', '000', '000', '000', 0, 0, 30, 30, 'cash', 'Reg Fee', '2018-10-27', '', '2018-11-25 17:17:00', '2018-11-25 17:17:00', 0),
(754, 379, 0, 'registration_fee', '000', '000', '000', 0, 0, 30, 30, 'cash', 'Reg Fee', '2018-10-27', '', '2018-11-25 17:17:16', '2018-11-25 17:17:16', 0),
(755, 380, 0, 'books', '000', '000', 'elementary_books_fee', 0, 0, 40, 40, 'cash', 'Books', '2018-10-27', '', '2018-11-25 17:17:33', '2018-11-25 17:17:33', 0),
(756, 379, 0, 'books', '000', '000', 'elementary_books_fee', 0, 0, 40, 40, 'cash', 'Books', '2018-10-27', '', '2018-11-25 17:17:55', '2018-11-25 17:17:55', 0),
(757, 380, 0, 'tuition', 'monthly', '000', '000', 0, 50, 37.5, 37.5, 'cash', 'Sep Tuition\r\n*Teacher Discount included', '2018-10-27', '', '2018-11-25 17:18:40', '2018-11-25 17:18:40', 0),
(758, 379, 0, 'tuition', 'monthly', '000', '000', 0, 50, 40, 40, 'cash', 'Sep Tuition\r\n*Teacher Discount included', '2018-10-27', '', '2018-11-25 17:19:01', '2018-11-25 17:19:01', 0),
(759, 380, 0, 'tuition', 'bimonthly', '000', '000', 0, 50, 75, 75, 'cash', 'Oct-Nov Tuition\r\n*Teacher Discount included', '2018-10-27', '', '2018-11-25 17:19:32', '2018-11-25 17:19:32', 0),
(760, 379, 0, 'tuition', 'bimonthly', '000', '000', 0, 50, 80, 80, 'cash', 'Oct-Nov Tuition\r\n*Teacher Discount included', '2018-10-27', '', '2018-11-25 17:19:49', '2018-11-25 17:19:49', 0),
(761, 373, 0, 'registration_fee', '000', '000', '000', 0, 0, 30, 30, 'cash', 'Reg Fee', '2018-10-27', '', '2018-11-25 17:20:48', '2018-11-25 17:20:48', 0),
(762, 374, 0, 'registration_fee', '000', '000', '000', 0, 0, 30, 30, 'cash', 'Reg Fee', '2018-10-27', '', '2018-11-25 17:21:02', '2018-11-25 17:21:02', 0),
(763, 373, 0, 'books', '000', '000', 'pre_kinder_books_fee', 0, 0, 55, 55, 'cash', 'Books', '2018-10-27', '', '2018-11-25 17:21:17', '2018-11-25 17:21:17', 0),
(764, 374, 0, 'books', '000', '000', 'pre_kinder_books_fee', 0, 0, 55, 55, 'cash', 'Books', '2018-10-27', '', '2018-11-25 17:21:31', '2018-11-25 17:21:31', 0),
(765, 374, 0, 'custom_payment', '000', '000', '000', 0, 0, 20, 20, 'cash', 'Remainder of Month\r\n10.27.18', '2018-10-27', '', '2018-11-25 17:22:04', '2018-11-25 17:22:04', 0),
(766, 373, 0, 'custom_payment', '000', '000', '000', 0, 0, 20, 20, 'cash', 'Remainder of Month\r\n10.27.18', '2018-10-27', '', '2018-11-25 17:22:18', '2018-11-25 17:22:18', 0),
(767, 374, 0, 'tuition', 'monthly', '000', '000', 0, 0, 75, 75, 'cash', 'Nov Tuition', '2018-10-27', '', '2018-11-25 17:22:40', '2018-11-25 17:22:40', 0),
(768, 373, 0, 'tuition', 'monthly', '000', '000', 0, 0, 80, 80, 'cash', 'Nov Tuition', '2018-10-27', '', '2018-11-25 17:23:01', '2018-11-25 17:23:01', 0),
(769, 112, 0, 'tuition', 'bimonthly', '000', '000', 0, 0, 150, 150, 'check', '#1154', '2018-10-27', '', '2018-11-25 17:25:02', '2018-11-25 17:25:02', 0),
(770, 286, 0, 'tuition', 'bimonthly', '000', '000', 0, 0, 160, 160, 'check', '#1154', '2018-10-27', '', '2018-11-25 17:25:22', '2018-11-25 17:25:22', 0),
(771, 196, 0, 'tuition', 'monthly', '000', '000', 0, 0, 70, 70, 'check', '#1154', '2018-10-27', '', '2018-11-25 17:25:41', '2018-11-25 17:25:41', 0),
(772, 382, 0, 'registration_fee', '000', '000', '000', 0, 0, 30, 30, 'cash', 'Reg Fee', '2018-10-27', '', '2018-11-25 17:26:30', '2018-11-25 17:26:30', 0),
(773, 383, 0, 'registration_fee', '000', '000', '000', 0, 0, 30, 30, 'cash', 'Reg Fee', '2018-10-27', '', '2018-11-25 17:26:45', '2018-11-25 17:26:45', 0),
(774, 382, 0, 'books', '000', '000', 'pre_kinder_books_fee', 0, 0, 55, 55, 'cash', 'ELEMENTARY BOOKS', '2018-10-27', '', '2018-11-25 17:27:05', '2018-11-25 17:27:05', 0),
(775, 383, 0, 'books', '000', '000', 'pre_kinder_books_fee', 0, 0, 55, 55, 'cash', 'ELEMENTARY BOOKS', '2018-10-27', '', '2018-11-25 17:27:22', '2018-11-25 17:27:22', 0),
(776, 382, 0, 'custom_payment', '000', '000', '000', 0, 0, 20, 20, 'cash', 'Remainder of month\r\n10.27.18', '2018-10-27', '', '2018-11-25 17:27:50', '2018-11-25 17:27:50', 0),
(777, 383, 0, 'custom_payment', '000', '000', '000', 0, 0, 20, 20, 'cash', 'Remainder of month\r\n10.27.18', '2018-10-27', '', '2018-11-25 17:28:03', '2018-11-25 17:28:03', 0),
(778, 382, 0, 'tuition', 'monthly', '000', '000', 0, 0, 80, 80, 'cash', 'Nov Tuition', '2018-10-27', '', '2018-11-25 17:28:31', '2018-11-25 17:28:31', 0),
(779, 383, 0, 'tuition', 'monthly', '000', '000', 0, 0, 75, 75, 'cash', 'Nov Tuition', '2018-10-27', '', '2018-11-25 17:28:45', '2018-11-25 17:28:45', 0),
(780, 171, 0, 'custom_payment', '000', '000', '000', 0, 0, 5000, 5000, 'cash', 'DONATION\r\naugust 25/18?', '2018-08-25', '', '2018-11-25 17:30:11', '2018-11-25 17:30:11', 0),
(781, 298, 0, 'tuition', 'monthly', '000', '000', 0, 0, 80, 80, 'cash', 'Nov Tuition', '2018-11-03', '', '2018-11-25 18:50:50', '2018-11-25 18:50:50', 0),
(782, 86, 0, 'tuition', 'monthly', '000', '000', 0, 0, 80, 80, 'cash', 'Nov Tuition', '2018-11-03', '', '2018-11-25 18:52:01', '2018-11-25 18:52:01', 0),
(783, 87, 0, 'tuition', 'monthly', '000', '000', 0, 0, 75, 75, 'cash', 'Nov Tuition', '2018-11-03', '', '2018-11-25 18:52:30', '2018-11-25 18:52:30', 0),
(784, 295, 0, 'tuition', 'monthly', '000', '000', 0, 0, 70, 70, 'cash', 'Nov Tuition', '2018-11-03', '', '2018-11-25 18:52:45', '2018-11-25 18:52:45', 0),
(785, 296, 0, 'tuition', 'monthly', '000', '000', 0, 0, 10, 15, 'cash', 'Nov Book Club Tuition\r\n$5 Credit', '2018-11-03', '', '2018-11-25 18:53:32', '2018-11-25 18:53:32', 0),
(786, 234, 0, 'tuition', 'monthly', '000', '000', 0, 0, 10, 10, 'cash', 'Nov Book Club Tuition', '2018-11-03', '', '2018-11-25 18:54:05', '2018-11-25 18:54:05', 0),
(788, 233, 0, 'tuition', 'monthly', '000', '000', 0, 0, 10, 10, 'cash', 'Nov Book Club Tuition', '2018-11-03', '', '2018-11-25 18:54:33', '2018-11-25 18:54:33', 0),
(789, 116, 0, 'tuition', 'monthly', '000', '000', 0, 0, 80, 80, 'check', '#389', '2018-11-03', '', '2018-11-25 18:55:33', '2018-11-25 18:55:33', 0),
(790, 318, 0, 'books', '000', '000', 'pre_kinder_books_fee', 0, 0, 55, 55, 'cash', 'ELEMENTARY BOOKS', '2018-11-03', '', '2018-11-25 18:57:19', '2018-11-25 18:57:19', 0),
(791, 320, 0, 'tuition', 'monthly', '000', '000', 0, 0, 37.5, 37.5, 'cash', 'Nov Tuition\r\n*FAMILY DISCOUNT: $150 FOR ALL/M', '2018-11-03', '', '2018-11-25 18:58:12', '2018-11-25 18:58:21', 0),
(792, 318, 0, 'tuition', 'monthly', '000', '000', 0, 0, 37.5, 37.5, 'cash', 'Nov Tuition\r\n*FAMILY DISCOUNT: $150 FOR ALL/M', '2018-11-03', '', '2018-11-25 18:58:40', '2018-11-25 18:58:50', 0),
(793, 321, 0, 'tuition', 'monthly', '000', '000', 0, 0, 37.5, 37.5, 'cash', 'Nov Tuition\r\n*FAMILY DISCOUNT: $150 FOR ALL/M', '2018-11-03', '', '2018-11-25 18:59:05', '2018-11-25 18:59:13', 0),
(794, 319, 0, 'tuition', 'monthly', '000', '000', 0, 0, 37.5, 37.5, 'cash', 'Nov Tuition\r\n*FAMILY DISCOUNT: $150 FOR ALL/M', '2018-11-03', '', '2018-11-25 18:59:29', '2018-11-25 18:59:39', 0),
(795, 289, 0, 'tuition', 'monthly', '000', '000', 0, 0, 80, 80, 'cash', 'Nov Tuition\r\n', '2018-11-03', '', '2018-11-25 19:03:50', '2018-11-25 19:03:50', 0),
(796, 391, 0, 'tuition', 'monthly', '000', '000', 0, 0, 10, 10, 'cash', 'Nov Book Tuition\r\n', '2018-11-03', '', '2018-11-25 19:04:32', '2018-11-25 19:04:32', 0),
(797, 390, 0, 'tuition', 'monthly', '000', '000', 0, 0, 10, 10, 'cash', 'Nov Book Tuition\r\n', '2018-11-03', '', '2018-11-25 19:04:51', '2018-11-25 19:04:51', 0),
(798, 324, 0, 'tuition', 'monthly', '000', '000', 0, 0, 75, 75, 'check', ' #369', '2018-11-03', '', '2018-11-25 19:05:52', '2018-11-25 19:05:52', 0),
(799, 323, 0, 'tuition', 'monthly', '000', '000', 0, 0, 80, 80, 'check', ' #369', '2018-11-03', '', '2018-11-25 19:06:11', '2018-11-25 19:06:11', 0),
(800, 394, 0, 'custom_payment', '000', '000', '000', 0, 0, 20, 20, 'cash', 'ONE DAY TRIAL', '2018-11-03', '', '2018-11-25 19:06:47', '2018-11-25 19:06:47', 0),
(801, 386, 0, 'tuition', 'bimonthly', '000', '000', 0, 0, 160, 160, 'cash', 'Oct-Nov Tuition', '2018-11-03', '', '2018-11-25 19:07:31', '2018-11-25 19:07:31', 0),
(802, 387, 0, 'tuition', 'bimonthly', '000', '000', 0, 0, 150, 150, 'cash', 'Oct-Nov Tuition', '2018-11-03', '', '2018-11-25 19:07:47', '2018-11-25 19:07:47', 0),
(803, 270, 0, 'tuition', 'monthly', '000', '000', 0, 0, 80, 80, 'cash', 'Nov Tuition', '2018-11-03', '', '2018-11-25 19:08:27', '2018-11-25 19:08:27', 0),
(804, 180, 0, 'tuition', 'monthly', '000', '000', 0, 0, 75, 75, 'check', '#154', '2018-11-03', '', '2018-11-25 19:09:08', '2018-11-25 19:09:08', 0),
(805, 179, 0, 'tuition', 'monthly', '000', '000', 0, 0, 80, 80, 'check', '#154', '2018-11-03', '', '2018-11-25 19:09:36', '2018-11-25 19:09:36', 0),
(806, 303, 0, 'registration_fee', '000', '000', '000', 0, 0, 30, 31, 'cash', 'Reg Fee\r\n$1 Credit', '2018-11-03', '', '2018-11-25 19:10:22', '2018-11-25 19:11:45', 0),
(807, 303, 0, 'books', '000', '000', 'pre_kinder_books_fee', 0, 0, 55, 55, 'cash', 'ELEMENTARY BOOKS', '2018-11-03', '', '2018-11-25 19:10:40', '2018-11-25 19:10:40', 0),
(808, 303, 0, 'tuition', 'monthly', '000', '000', 0, 50, 40, 40, 'cash', 'Sep Tuition\r\n*Teacher Discount included', '2018-11-03', '', '2018-11-25 19:11:12', '2018-11-25 19:11:12', 0),
(809, 303, 0, 'tuition', 'bimonthly', '000', '000', 0, 0, 80, 80, 'cash', 'Oct-Nov Tuition\r\n*Teacher Discount included', '2018-11-03', '', '2018-11-25 19:11:27', '2018-11-25 19:14:55', 0),
(810, 217, 0, 'tuition', 'monthly', '000', '000', 0, 0, 80, 80, 'cash', 'Nov Tuition\r\n', '2018-11-10', '', '2018-11-25 19:14:09', '2018-11-25 19:14:09', 0),
(811, 269, 0, 'tuition', 'monthly', '000', '000', 0, 0, 75, 75, 'cash', 'Nov Tuition\r\n', '2018-11-10', '', '2018-11-25 19:14:26', '2018-11-25 19:14:26', 0),
(812, 354, 0, 'tuition', 'monthly', '000', '000', 0, 0, 80, 80, 'cash', 'Nov Tuition\r\n', '2018-11-10', '', '2018-11-25 19:15:28', '2018-11-25 19:15:28', 0),
(813, 394, 0, 'registration_fee', '000', '000', '000', 0, 0, 40, 40, 'cash', 'Reg Fee', '2018-11-10', '', '2018-11-25 19:16:06', '2018-11-25 19:16:06', 0),
(814, 394, 0, 'tuition', 'monthly', '000', '000', 0, 0, 50, 60, 'cash', 'Nov Tuition\r\nONE DAY TRIAL (-$20) and 3rd chi', '2018-11-10', '', '2018-11-25 19:16:51', '2018-11-25 19:16:58', 0),
(815, 377, 0, 'tuition', 'bimonthly', '000', '000', 0, 0, 150, 150, 'cash', 'Oct-Nov Tuition\r\n', '2018-11-10', '', '2018-11-25 20:53:27', '2018-11-25 20:53:39', 0),
(816, 376, 0, 'tuition', 'bimonthly', '000', '000', 0, 0, 160, 160, 'cash', 'Oct-Nov Tuition\r\n', '2018-11-10', '', '2018-11-25 20:54:01', '2018-11-25 20:54:01', 0),
(817, 369, 0, 'tuition', 'monthly', '000', '000', 0, 0, 80, 80, 'cash', 'Nov Tuition', '2018-11-10', '', '2018-11-25 20:55:05', '2018-11-25 20:55:05', 0),
(818, 92, 0, 'tuition', 'bimonthly', '000', '000', 0, 0, 160, 160, 'cash', 'Oct-Nov Tuition\r\n', '2018-11-10', '', '2018-11-25 20:56:03', '2018-12-29 22:04:17', 0),
(819, 93, 0, 'tuition', 'bimonthly', '000', '000', 0, 0, 150, 150, 'cash', 'Nov-Dec Tuition\r\n', '2018-11-10', '', '2018-11-25 20:56:21', '2018-12-29 22:03:52', 0),
(820, 397, 0, 'tuition', 'bimonthly', '000', '000', 0, 0, 20, 20, 'cash', 'Oct-Nov Book Club Tuition\r\n*On Square says No', '2018-11-10', '', '2018-11-25 20:57:28', '2018-11-25 20:57:37', 0),
(821, 398, 0, 'tuition', 'bimonthly', '000', '000', 0, 0, 10, 20, 'cash', 'Oct-Nov Book Club Tuition\r\n*On Square says No', '2018-11-10', '', '2018-11-25 20:58:25', '2018-11-25 20:58:25', 0),
(822, 395, 0, 'registration_fee', '000', '000', '000', 0, 0, 30, 30, 'cash', 'Reg Fee', '2018-11-10', '', '2018-11-25 20:59:26', '2018-11-25 20:59:26', 0),
(823, 395, 0, 'books', '000', '000', 'pre_kinder_books_fee', 0, 0, 55, 55, 'cash', 'ELEMENTARY BOOKS', '2018-11-10', '', '2018-11-25 20:59:45', '2018-11-25 20:59:45', 0),
(824, 395, 0, 'tuition', 'monthly', '000', '000', 0, 0, 80, 80, 'cash', 'Nov Tuition', '2018-11-10', '', '2018-11-25 21:00:06', '2018-11-25 21:00:06', 0),
(825, 396, 0, 'custom_payment', '000', '000', '000', 0, 0, 20, 20, 'cash', 'ONE DAY TRIAL', '2018-11-10', '', '2018-11-25 21:00:49', '2018-11-25 21:00:49', 0),
(826, 396, 0, 'registration_fee', '000', '000', '000', 0, 0, 30, 30, 'cash', 'Reg Fee', '2018-11-10', '', '2018-11-25 21:01:22', '2018-11-25 21:01:22', 0),
(827, 396, 0, 'books', '000', '000', 'pre_kinder_books_fee', 0, 0, 55, 55, 'cash', 'Books', '2018-11-10', '', '2018-11-25 21:01:34', '2018-11-25 21:01:34', 0),
(828, 396, 0, 'tuition', 'monthly', '000', '000', 0, 0, 60, 60, 'cash', 'Nov Tuition\r\nONE DAY TRIAL (-$20)', '2018-11-10', '', '2018-11-25 21:02:19', '2018-11-25 21:02:40', 0),
(829, 326, 0, 'tuition', 'monthly', '000', '000', 0, 0, 80, 80, 'check', '#1090', '2018-11-10', '', '2018-11-25 21:03:45', '2018-11-25 21:03:45', 0),
(830, 327, 0, 'tuition', 'monthly', '000', '000', 0, 0, 10, 10, 'check', '#1090', '2018-11-10', '', '2018-11-25 21:04:20', '2018-11-25 21:04:20', 0),
(831, 360, 0, 'tuition', 'monthly', '000', '000', 0, 0, 75, 75, 'check', '#1090', '2018-11-10', '', '2018-11-25 21:05:42', '2018-11-25 21:05:48', 0),
(832, 372, 0, 'tuition', 'monthly', '000', '000', 0, 0, 10, 10, 'check', '#1090', '2018-11-10', '', '2018-11-25 21:06:07', '2018-11-25 21:06:07', 0),
(833, 275, 0, 'tuition', 'monthly', '000', '000', 0, 0, 80, 100, 'cash', 'Nov Tuition', '2018-11-17', '', '2018-11-25 21:06:58', '2018-11-25 21:06:58', 0),
(834, 402, 0, 'registration_fee', '000', '000', '000', 0, 0, 30, 30, 'cash', 'Reg Fee', '2018-11-17', '', '2018-11-25 21:08:36', '2018-11-25 21:08:36', 0),
(835, 401, 0, 'registration_fee', '000', '000', '000', 0, 0, 30, 30, 'cash', 'Reg Fee', '2018-11-17', '', '2018-11-25 21:08:47', '2018-11-25 21:08:47', 0),
(836, 401, 0, 'books', '000', '000', 'elementary_books_fee', 0, 0, 40, 40, 'cash', 'Books', '2018-11-17', '', '2018-11-25 21:09:17', '2018-11-25 21:09:17', 0),
(837, 402, 0, 'books', '000', '000', 'elementary_books_fee', 0, 0, 40, 40, 'cash', 'PAID LESS (NOT $55) BECAUSE SHE ALREADY HAS B', '2018-11-17', '', '2018-11-25 21:09:46', '2018-11-25 21:09:46', 0),
(838, 401, 0, 'tuition', 'monthly', '000', '000', 0, 50, 40, 40, 'cash', 'Sep Tuition\r\n*Teacher Discount included', '2018-11-17', '', '2018-11-25 21:10:47', '2018-11-25 21:10:47', 0),
(839, 402, 0, 'tuition', 'monthly', '000', '000', 0, 50, 37.5, 37.5, 'cash', 'Sep Tuition\r\n*Teacher Discount included', '2018-11-17', '', '2018-11-25 21:11:06', '2018-11-25 21:11:06', 0),
(840, 360, 0, 'tuition', 'monthly', '000', '000', 0, 0, 80, 80, 'cash', 'Sep Tuition', '2018-09-08', '', '2018-11-30 19:57:18', '2018-11-30 19:57:47', 0),
(841, 372, 0, 'tuition', 'monthly', '000', '000', 0, 0, 10, 10, 'cash', 'Book Club Tuition Sep', '2018-09-08', '', '2018-11-30 19:57:38', '2018-11-30 19:57:38', 0),
(845, 412, 0, 'custom_payment', '000', '000', '000', 0, 0, 20, 20, 'cash', 'One Day Trial', '2018-11-10', '', '2018-12-20 17:25:02', '2018-12-20 17:25:02', 0),
(846, 413, 0, 'custom_payment', '000', '000', '000', 0, 0, 20, 20, 'cash', 'ONE DAY TRIAL', '2018-10-06', '', '2018-12-20 17:43:35', '2018-12-20 17:43:35', 0),
(847, 413, 0, 'tuition', 'monthly', '000', '000', 0, 0, 60, 60, 'cash', 'October Tuition (-$20 One Day Trial)', '2018-10-20', '', '2018-12-20 17:44:55', '2018-12-20 17:45:03', 0),
(848, 413, 0, 'books', '000', '000', 'elementary_books_fee', 0, 0, 40, 40, 'cash', 'Elementary Books', '2018-10-20', '', '2018-12-20 17:45:46', '2018-12-20 17:45:46', 0),
(849, 413, 0, 'tuition', 'monthly', '000', '000', 0, 0, 80, 75, 'cash', 'Nov Tuition', '2018-11-10', '', '2018-12-20 17:47:15', '2018-12-20 17:47:15', 0),
(850, 217, 0, 'tuition', 'monthly', '000', '000', 0, 0, 80, 80, 'cash', 'Dec Tuition', '2018-12-01', '', '2018-12-21 16:09:26', '2018-12-21 16:09:26', 0),
(851, 269, 0, 'tuition', 'monthly', '000', '000', 0, 0, 75, 75, 'cash', 'Dec Tuition', '2018-12-01', '', '2018-12-21 16:09:48', '2018-12-21 16:09:48', 0),
(852, 408, 0, 'registration_fee', '000', '000', '000', 0, 0, 30, 30, 'check', ' #146', '2018-12-01', '', '2018-12-21 16:10:54', '2018-12-21 16:10:54', 0),
(853, 408, 0, 'books', '000', '000', 'pre_kinder_books_fee', 0, 0, 55, 55, 'check', ' #146\r\nELEMENTARY BOOKS', '2018-12-01', '', '2018-12-21 16:11:12', '2018-12-21 16:11:12', 0),
(854, 408, 0, 'tuition', 'monthly', '000', '000', 0, 0, 80, 80, 'check', ' #146', '2018-12-01', '', '2018-12-21 16:11:31', '2018-12-21 16:11:31', 0),
(855, 409, 0, 'registration_fee', '000', '000', '000', 0, 0, 30, 30, 'check', ' #146', '2018-12-01', '', '2018-12-21 16:11:54', '2018-12-21 16:11:54', 0),
(856, 409, 0, 'books', '000', '000', 'pre_kinder_books_fee', 0, 0, 55, 55, 'check', ' #146', '2018-12-01', '', '2018-12-21 16:12:10', '2018-12-21 16:12:10', 0),
(857, 409, 0, 'tuition', 'monthly', '000', '000', 0, 0, 75, 75, 'check', ' #146', '2018-12-01', '', '2018-12-21 16:12:27', '2018-12-21 16:12:27', 0),
(858, 292, 0, 'tuition', 'bimonthly', '000', '000', 0, 0, 160, 160, 'cash', 'Dec-Jan Tuition', '2018-12-01', '', '2018-12-21 16:13:26', '2018-12-21 16:13:26', 0),
(859, 271, 0, 'tuition', 'bimonthly', '000', '000', 0, 0, 150, 150, 'cash', 'Dec-Jan Tuition', '2018-12-01', '', '2018-12-21 16:14:21', '2018-12-21 16:14:21', 0),
(860, 290, 0, 'tuition', 'bimonthly', '000', '000', 0, 0, 160, 160, 'cash', 'Dec-Jan Tuition', '2018-12-01', '', '2018-12-21 16:15:11', '2018-12-21 16:15:11', 0),
(861, 132, 0, 'tuition', 'bimonthly', '000', '000', 0, 0, 160, 160, 'cash', 'Dec-Jan Tuition', '2018-12-01', '', '2018-12-21 16:15:54', '2018-12-21 16:15:54', 0),
(862, 125, 0, 'tuition', 'bimonthly', '000', '000', 0, 0, 150, 150, 'cash', 'Dec-Jan Tuition', '2018-12-01', '', '2018-12-21 16:16:34', '2018-12-21 16:16:34', 0),
(863, 124, 0, 'tuition', 'bimonthly', '000', '000', 0, 0, 160, 160, 'cash', 'Dec-Jan Tuition', '2018-12-01', '', '2018-12-21 16:16:56', '2018-12-21 16:16:56', 0),
(864, 157, 0, 'tuition', 'monthly', '000', '000', 0, 0, 33.33, 33.33, 'cash', 'Dec Tuition\r\n*FAMILY DISCOUNT: $100 TOTAL/MON', '2018-12-01', '', '2018-12-21 16:17:48', '2019-01-06 22:41:15', 0),
(865, 274, 0, 'tuition', 'monthly', '000', '000', 0, 0, 33.33, 33.33, 'cash', 'Dec Tuition\r\n*FAMILY DISCOUNT: $100 TOTAL/MON', '2018-12-01', '', '2018-12-21 16:18:16', '2019-01-06 22:41:39', 0),
(866, 325, 0, 'tuition', 'monthly', '000', '000', 0, 0, 33.33, 33.33, 'cash', 'Dec Tuition\r\n*FAMILY DISCOUNT: $100 TOTAL/MON', '2018-12-01', '', '2018-12-21 16:18:44', '2019-01-06 22:42:02', 0),
(867, 369, 0, 'tuition', 'bimonthly', '000', '000', 0, 0, 160, 160, 'cash', 'Dec-Jan Tuition', '2018-12-01', '', '2018-12-21 16:20:14', '2018-12-21 16:20:14', 0),
(868, 91, 0, 'tuition', 'bimonthly', '000', '000', 0, 0, 160, 160, 'cash', 'Dec-Jan Tuition', '2018-12-01', '', '2018-12-21 16:22:22', '2018-12-21 16:22:22', 0),
(869, 135, 0, 'tuition', 'bimonthly', '000', '000', 0, 0, 160, 160, 'check', '#155', '2018-12-01', '', '2018-12-21 16:23:08', '2018-12-21 16:23:08', 0),
(870, 136, 0, 'tuition', 'bimonthly', '000', '000', 0, 0, 150, 150, 'check', '#155', '2018-12-01', '', '2018-12-21 16:23:27', '2018-12-21 16:23:27', 0),
(871, 315, 0, 'tuition', 'bimonthly', '000', '000', 0, 0, 160, 160, 'cash', 'Dec-Jan Tuition', '2018-12-01', '', '2018-12-21 16:24:14', '2018-12-21 16:24:14', 0),
(872, 87, 0, 'tuition', 'monthly', '000', '000', 0, 0, 75, 75, 'cash', 'Dec Tuition', '2018-12-01', '', '2018-12-21 16:25:37', '2018-12-21 16:25:37', 0),
(873, 295, 0, 'tuition', 'monthly', '000', '000', 0, 0, 70, 65, 'cash', 'Dec Tuition', '2018-12-01', '*had $5 credit', '2018-12-21 16:25:55', '2018-12-21 16:26:12', 0),
(874, 86, 0, 'tuition', 'monthly', '000', '000', 0, 0, 80, 80, 'cash', 'Dec Tuition', '2018-12-01', '', '2018-12-21 16:26:35', '2018-12-21 16:26:35', 0),
(875, 234, 0, 'tuition', 'monthly', '000', '000', 0, 0, 10, 10, 'cash', 'Book Club Dec Tuition', '2018-12-01', '', '2018-12-21 16:27:09', '2018-12-21 16:27:09', 0),
(876, 296, 0, 'tuition', 'monthly', '000', '000', 0, 0, 10, 10, 'cash', 'Book Club Dec Tuition', '2018-12-01', '', '2018-12-21 16:27:34', '2018-12-21 16:27:34', 0),
(877, 233, 0, 'tuition', 'monthly', '000', '000', 0, 0, 10, 10, 'cash', 'Book Club Dec Tuition', '2018-12-01', '', '2018-12-21 16:27:56', '2018-12-21 16:27:56', 0),
(878, 140, 0, 'tuition', 'bimonthly', '000', '000', 0, 0, 150, 150, 'cash', 'Dec-Jan Tuition', '2018-12-01', '', '2018-12-21 16:29:08', '2018-12-21 16:29:08', 0),
(879, 139, 0, 'tuition', 'bimonthly', '000', '000', 0, 0, 160, 160, 'cash', 'Dec-Jan Tuition', '2018-12-01', '', '2018-12-21 16:29:25', '2018-12-21 16:29:25', 0),
(880, 108, 0, 'tuition', 'bimonthly', '000', '000', 0, 0, 140, 140, 'check', '#3963', '2018-12-01', '', '2018-12-21 16:30:24', '2018-12-21 16:30:24', 0),
(881, 107, 0, 'tuition', 'bimonthly', '000', '000', 0, 0, 150, 150, 'check', '#3963', '2018-12-01', '', '2018-12-21 16:30:43', '2018-12-21 16:30:43', 0),
(882, 106, 0, 'tuition', 'bimonthly', '000', '000', 0, 0, 160, 160, 'check', '#3963', '2018-12-01', '', '2018-12-21 16:31:01', '2018-12-21 16:31:01', 0),
(883, 357, 0, 'tuition', 'bimonthly', '000', '000', 0, 0, 160, 160, 'cash', 'Dec-Jan Tuition', '2018-12-01', '', '2018-12-21 16:31:53', '2018-12-21 16:31:53', 0),
(884, 161, 0, 'tuition', 'bimonthly', '000', '000', 0, 0, 160, 160, 'cash', 'Dec-Jan Tuition', '2018-12-01', '', '2018-12-21 16:34:37', '2018-12-21 16:34:37', 0),
(885, 162, 0, 'tuition', 'bimonthly', '000', '000', 0, 0, 150, 150, 'cash', 'Dec-Jan Tuition', '2018-12-01', '', '2018-12-21 16:34:56', '2018-12-21 16:34:56', 0),
(886, 354, 0, 'tuition', 'bimonthly', '000', '000', 0, 0, 160, 140, 'cash', 'Dec-Jan Tuition', '2018-12-01', '', '2018-12-21 16:35:46', '2018-12-21 16:35:46', 0),
(887, 120, 0, 'tuition', 'bimonthly', '000', '000', 0, 0, 160, 160, 'cash', 'Dec-Jan Tuition', '2018-12-01', '', '2018-12-21 16:37:27', '2018-12-21 16:37:27', 0),
(888, 261, 0, 'tuition', 'bimonthly', '000', '000', 0, 0, 150, 150, 'cash', 'Dec-Jan Tuition', '2018-12-01', '', '2018-12-21 16:37:45', '2018-12-21 16:37:45', 0),
(889, 386, 0, 'tuition', 'bimonthly', '000', '000', 0, 0, 160, 160, 'cash', 'Dec-Jan Tuition', '2018-12-01', '', '2018-12-21 16:38:48', '2018-12-21 16:38:48', 0),
(890, 387, 0, 'tuition', 'bimonthly', '000', '000', 0, 0, 150, 150, 'cash', 'Dec-Jan Tuition', '2018-12-01', '', '2018-12-21 16:39:07', '2018-12-21 16:39:07', 0),
(891, 148, 0, 'tuition', 'bimonthly', '000', '000', 0, 0, 140, 140, 'cash', 'Dec-Jan Tuition', '2018-12-01', '', '2018-12-21 16:40:07', '2018-12-21 16:40:07', 0),
(892, 146, 0, 'tuition', 'bimonthly', '000', '000', 0, 0, 160, 160, 'cash', 'Dec-Jan Tuition', '2018-12-01', '', '2018-12-21 16:40:25', '2018-12-21 16:40:25', 0),
(893, 147, 0, 'tuition', 'bimonthly', '000', '000', 0, 0, 150, 150, 'cash', 'Dec-Jan Tuition', '2018-12-01', '', '2018-12-21 16:40:40', '2018-12-21 16:40:40', 0),
(894, 263, 0, 'tuition', 'bimonthly', '000', '000', 0, 0, 160, 160, 'check', '#1679', '2018-12-01', '', '2018-12-21 16:41:41', '2018-12-21 16:41:41', 0),
(895, 285, 0, 'tuition', 'bimonthly', '000', '000', 0, 0, 150, 150, 'check', '#1679', '2018-12-01', '', '2018-12-21 16:42:00', '2018-12-21 16:42:00', 0),
(896, 244, 0, 'tuition', 'bimonthly', '000', '000', 0, 0, 140, 140, 'check', '#1679', '2018-12-01', '', '2018-12-21 16:42:26', '2018-12-21 16:42:26', 0),
(897, 243, 0, 'tuition', 'bimonthly', '000', '000', 0, 0, 140, 140, 'check', '#1679', '2018-12-01', '', '2018-12-21 16:42:45', '2018-12-21 16:42:45', 0),
(898, 232, 0, 'tuition', 'monthly', '000', '000', 0, 0, 80, 80, 'cash', 'Dec Tuition', '2018-12-01', '', '2018-12-21 16:43:46', '2018-12-21 16:43:46', 0),
(899, 399, 0, 'tuition', 'monthly', '000', '000', 0, 0, 10, 10, 'cash', 'Book Club Dec Tuition', '2018-12-01', '', '2018-12-21 16:44:08', '2018-12-21 16:44:08', 0),
(900, 101, 0, 'tuition', 'bimonthly', '000', '000', 0, 0, 160, 160, 'cash', 'Dec-Jan Tuition', '2018-12-01', '', '2018-12-21 16:44:49', '2018-12-21 16:44:49', 0),
(901, 116, 0, 'tuition', 'monthly', '000', '000', 0, 0, 80, 80, 'check', '#627', '2018-12-01', '', '2018-12-21 16:45:44', '2018-12-21 16:45:44', 0),
(902, 289, 0, 'tuition', 'monthly', '000', '000', 0, 0, 80, 80, 'cash', 'Dec Tuition', '2018-12-01', '', '2018-12-21 16:46:34', '2018-12-21 16:46:34', 0),
(903, 246, 0, 'tuition', 'bimonthly', '000', '000', 0, 0, 150, 150, 'cash', 'Dec-Jan Tuition', '2018-12-01', '', '2018-12-21 16:47:23', '2018-12-21 16:47:23', 0),
(904, 245, 0, 'tuition', 'bimonthly', '000', '000', 0, 0, 160, 160, 'cash', 'Dec-Jan Tuition', '2018-12-01', '', '2018-12-21 16:47:40', '2018-12-21 16:47:40', 0),
(905, 207, 0, 'tuition', 'bimonthly', '000', '000', 0, 0, 160, 160, 'cash', 'Dec-Jan Tuition', '2018-12-01', '', '2018-12-21 16:48:49', '2018-12-21 16:48:49', 0),
(906, 371, 0, 'tuition', 'monthly', '000', '000', 0, 0, 37.5, 37.5, 'check', '#189\r\nSPECIAL DISCOUNT (-50% TUITION)', '2018-12-01', '', '2018-12-21 16:50:05', '2018-12-21 16:50:39', 0),
(907, 250, 0, 'tuition', 'monthly', '000', '000', 0, 0, 40, 40, 'check', '#189\r\nSPECIAL DISCOUNT (-50% TUITION)', '2018-12-01', '', '2018-12-21 16:51:03', '2018-12-21 16:51:31', 0),
(908, 371, 0, 'tuition', 'bimonthly', '000', '000', 0, 0, 75, 75, 'check', '#189\r\nSPECIAL DISCOUNT (-50% TUITION)', '2018-12-01', '', '2018-12-21 16:51:50', '2018-12-21 16:51:58', 0),
(909, 250, 0, 'tuition', 'bimonthly', '000', '000', 0, 0, 80, 80, 'check', '#189\r\nSPECIAL DISCOUNT (-50% TUITION)', '2018-12-01', '', '2018-12-21 16:52:21', '2018-12-21 16:52:30', 0),
(910, 355, 0, 'tuition', 'bimonthly', '000', '000', 0, 0, 150, 150, 'cash', 'Dec-Jan Tuition', '2018-12-01', '', '2018-12-21 16:55:17', '2018-12-21 16:55:17', 0),
(911, 388, 0, 'tuition', 'bimonthly', '000', '000', 0, 0, 140, 140, 'cash', 'Dec-Jan Tuition', '2018-12-01', '', '2018-12-21 16:55:42', '2018-12-21 16:55:42', 0),
(912, 362, 0, 'tuition', 'bimonthly', '000', '000', 0, 0, 160, 160, 'cash', 'Dec-Jan Tuition', '2018-12-01', '', '2018-12-21 16:56:20', '2018-12-21 16:56:27', 0),
(913, 103, 0, 'tuition', 'bimonthly', '000', '000', 0, 0, 160, 160, 'cash', 'Dec-Jan Tuition', '2018-12-01', '', '2018-12-21 16:57:18', '2018-12-21 16:57:18', 0),
(914, 189, 0, 'tuition', 'bimonthly', '000', '000', 0, 0, 160, 160, 'cash', 'Dec-Jan Tuition', '2018-12-01', '', '2018-12-21 16:58:26', '2018-12-21 16:58:26', 0),
(915, 190, 0, 'tuition', 'bimonthly', '000', '000', 0, 0, 150, 150, 'cash', 'Dec-Jan Tuition', '2018-12-01', '', '2018-12-21 16:58:42', '2018-12-21 16:58:42', 0),
(916, 393, 0, 'tuition', 'bimonthly', '000', '000', 0, 0, 20, 20, 'cash', 'Book Club Dec-Jan Tuition', '2018-12-01', '', '2018-12-21 16:59:09', '2018-12-21 16:59:22', 0),
(917, 392, 0, 'tuition', 'bimonthly', '000', '000', 0, 0, 20, 20, 'cash', 'Book Club Dec-Jan Tuition', '2018-12-01', '', '2018-12-21 16:59:41', '2018-12-21 16:59:51', 0),
(918, 412, 0, 'registration_fee', '000', '000', '000', 0, 0, 30, 30, 'cash', 'Reg Fee', '2018-12-01', '', '2018-12-21 17:00:53', '2018-12-21 17:00:53', 0),
(919, 412, 0, 'books', '000', '000', 'pre_kinder_books_fee', 0, 0, 55, 55, 'cash', 'ELEMENTARY BOOKS', '2018-12-01', '', '2018-12-21 17:01:08', '2018-12-21 17:01:08', 0),
(920, 412, 0, 'tuition', 'monthly', '000', '000', 0, 0, 80, 80, 'cash', 'Dec Tuition', '2018-12-01', '', '2018-12-21 17:01:29', '2018-12-21 17:01:29', 0),
(921, 396, 0, 'tuition', 'monthly', '000', '000', 0, 0, 80, 80, 'cash', 'Dec Tuition', '2018-12-01', '', '2018-12-21 17:02:38', '2018-12-21 17:02:38', 0),
(922, 159, 0, 'tuition', 'bimonthly', '000', '000', 0, 0, 160, 160, 'cash', 'Dec-Jan Tuition', '2018-12-01', '', '2018-12-21 17:03:16', '2018-12-21 17:03:16', 0),
(923, 141, 0, 'tuition', 'bimonthly', '000', '000', 0, 0, 160, 160, 'check', 'MO #35-23249771', '2018-12-01', '', '2018-12-21 17:04:03', '2018-12-21 17:04:03', 0),
(924, 287, 0, 'tuition', 'bimonthly', '000', '000', 0, 0, 160, 160, 'check', '#1034', '2018-12-01', '', '2018-12-21 17:04:57', '2018-12-21 17:04:57', 0),
(925, 238, 0, 'tuition', 'bimonthly', '000', '000', 0, 0, 150, 150, 'check', '#661', '2018-12-01', '', '2018-12-21 17:05:46', '2018-12-21 17:05:46', 0),
(926, 283, 0, 'tuition', 'bimonthly', '000', '000', 0, 0, 160, 160, 'check', '#661', '2018-12-01', '', '2018-12-21 17:06:03', '2018-12-21 17:06:03', 0),
(927, 400, 0, 'registration_fee', '000', '000', '000', 0, 0, 30, 30, 'check', '#1438', '2018-12-01', '', '2018-12-21 17:07:04', '2018-12-21 17:07:04', 0),
(928, 400, 0, 'books', '000', '000', 'pre_kinder_books_fee', 0, 0, 55, 40, 'check', '#1438', '2018-12-01', '', '2018-12-21 17:07:19', '2018-12-21 17:07:19', 0),
(929, 400, 0, 'tuition', 'bimonthly', '000', '000', 0, 0, 160, 160, 'check', '#1438', '2018-12-01', '', '2018-12-21 17:07:41', '2018-12-21 17:07:41', 0),
(930, 406, 0, 'registration_fee', '000', '000', '000', 0, 0, 30, 30, 'check', '#658', '2018-12-01', '', '2018-12-21 17:09:27', '2018-12-21 17:09:27', 0),
(931, 406, 0, 'books', '000', '000', 'elementary_books_fee', 0, 0, 40, 40, 'check', '#658', '2018-12-01', '', '2018-12-21 17:09:44', '2018-12-21 17:09:44', 0),
(932, 406, 0, 'tuition', 'monthly', '000', '000', 0, 0, 75, 75, 'check', '#658', '2018-12-01', '', '2018-12-21 17:10:04', '2018-12-21 17:10:04', 0),
(933, 225, 0, 'tuition', 'monthly', '000', '000', 0, 0, 80, 80, 'check', '#658', '2018-12-01', '', '2018-12-21 17:10:25', '2018-12-21 17:10:25', 0),
(934, 113, 0, 'tuition', 'bimonthly', '000', '000', 0, 0, 160, 160, 'check', ' #422', '2018-12-01', '', '2018-12-21 17:11:15', '2018-12-21 17:11:15', 0),
(935, 188, 0, 'tuition', 'bimonthly', '000', '000', 0, 0, 150, 150, 'check', ' #01- 0107', '2018-12-01', '', '2018-12-21 17:13:06', '2018-12-21 17:13:06', 0),
(936, 316, 0, 'tuition', 'bimonthly', '000', '000', 0, 0, 160, 160, 'check', ' #01- 0107', '2018-12-01', '', '2018-12-21 17:13:25', '2018-12-21 17:13:25', 0),
(937, 188, 0, 'custom_payment', '000', '000', '000', 0, 0, 0, 10, 'check', ' #01- 0107\r\n*Owes from last transaction', '2018-12-01', '', '2018-12-21 17:13:49', '2018-12-21 17:13:49', 0),
(938, 367, 0, 'tuition', 'bimonthly', '000', '000', 0, 0, 160, 160, 'check', ' #161', '2018-12-01', '', '2018-12-21 17:15:13', '2018-12-21 17:15:13', 0),
(939, 368, 0, 'tuition', 'bimonthly', '000', '000', 0, 0, 150, 150, 'check', ' #161', '2018-12-01', '', '2018-12-21 17:15:30', '2018-12-21 17:15:30', 0),
(940, 179, 0, 'tuition', 'monthly', '000', '000', 0, 0, 80, 80, 'check', '#155', '2018-12-01', '', '2018-12-21 17:16:56', '2018-12-21 17:16:56', 0),
(941, 180, 0, 'tuition', 'monthly', '000', '000', 0, 0, 75, 75, 'check', '#155', '2018-12-01', '', '2018-12-21 17:17:13', '2018-12-21 17:17:13', 0),
(942, 145, 0, 'tuition', 'bimonthly', '000', '000', 0, 0, 150, 150, 'check', '#3207', '2018-12-01', '', '2018-12-21 17:18:00', '2018-12-21 17:18:00', 0),
(943, 144, 0, 'tuition', 'bimonthly', '000', '000', 0, 0, 160, 160, 'check', '#3207', '2018-12-01', '', '2018-12-21 17:18:16', '2018-12-21 17:18:16', 0),
(944, 313, 0, 'tuition', 'bimonthly', '000', '000', 0, 0, 160, 160, 'check', '#1047', '2018-12-01', '', '2018-12-21 17:19:02', '2018-12-21 17:19:02', 0),
(945, 264, 0, 'tuition', 'bimonthly', '000', '000', 0, 0, 150, 150, 'check', '#1047', '2018-12-01', '', '2018-12-21 17:19:17', '2018-12-21 17:19:17', 0),
(946, 284, 0, 'tuition', 'bimonthly', '000', '000', 0, 0, 16000, 160000, 'check', '8uijhgfdgbnhmj', '2018-12-05', 'asdfghjkl;.', '2018-12-21 17:20:04', '2019-03-08 22:25:35', 0),
(947, 134, 0, 'tuition', 'bimonthly', '000', '000', 0, 0, 150, 150, 'check', '#1322', '2018-12-01', '', '2018-12-21 17:20:23', '2018-12-21 17:20:23', 0),
(948, 96, 0, 'tuition', 'bimonthly', '000', '000', 20, 0, 160, 160, 'check', '#153', '2018-12-01', '', '2018-12-21 17:21:11', '2018-12-21 17:21:11', 0),
(949, 154, 0, 'tuition', 'bimonthly', '000', '000', 0, 0, 160, 160, 'check', '#0200', '2018-12-01', '', '2018-12-21 17:21:51', '2018-12-21 17:21:51', 0),
(950, 253, 0, 'tuition', 'bimonthly', '000', '000', 0, 0, 150, 150, 'check', '#0200', '2018-12-01', '', '2018-12-21 17:22:11', '2018-12-21 17:22:11', 0),
(951, 257, 0, 'tuition', 'bimonthly', '000', '000', 0, 0, 160, 160, 'check', '#139', '2018-12-01', '', '2018-12-21 17:23:05', '2018-12-21 17:23:05', 0),
(952, 256, 0, 'tuition', 'bimonthly', '000', '000', 0, 0, 150, 150, 'check', '#139', '2018-12-01', '', '2018-12-21 17:23:21', '2018-12-21 17:23:21', 0),
(953, 270, 0, 'tuition', 'monthly', '000', '000', 0, 0, 80, 80, 'check', '#1013', '2018-12-01', '', '2018-12-21 17:24:04', '2018-12-21 17:24:04', 0),
(954, 258, 0, 'tuition', 'bimonthly', '000', '000', 0, 0, 160, 160, 'check', '#148', '2018-12-01', '', '2018-12-21 17:24:41', '2018-12-21 17:24:41', 0),
(955, 297, 0, 'tuition', 'bimonthly', '000', '000', 0, 0, 160, 160, 'check', '#146', '2018-12-01', '', '2018-12-21 17:25:46', '2018-12-21 17:25:46', 0),
(956, 382, 0, 'tuition', 'bimonthly', '000', '000', 0, 0, 160, 160, 'check', '#2052', '2018-12-01', '', '2018-12-21 17:26:39', '2018-12-21 17:26:39', 0),
(957, 383, 0, 'tuition', 'bimonthly', '000', '000', 0, 0, 150, 150, 'check', '#2052', '2018-12-01', '', '2018-12-21 17:26:56', '2018-12-21 17:26:56', 0),
(958, 278, 0, 'tuition', 'bimonthly', '000', '000', 0, 0, 150, 150, 'check', ' #3258', '2018-12-01', '', '2018-12-21 17:27:42', '2018-12-21 17:27:42', 0),
(959, 288, 0, 'tuition', 'bimonthly', '000', '000', 0, 0, 140, 140, 'check', ' #3258', '2018-12-01', '', '2018-12-21 17:27:58', '2018-12-21 17:27:58', 0),
(960, 353, 0, 'tuition', 'bimonthly', '000', '000', 0, 0, 160, 160, 'check', ' #3258', '2018-12-01', '', '2018-12-21 17:28:16', '2018-12-21 17:28:16', 0),
(961, 191, 0, 'tuition', 'bimonthly', '000', '000', 0, 0, 140, 140, 'check', ' #3258', '2018-12-01', '', '2018-12-21 17:28:33', '2018-12-21 17:28:33', 0),
(962, 122, 0, 'tuition', 'bimonthly', '000', '000', 0, 0, 150, 150, 'check', '#1707', '2018-12-01', '', '2018-12-21 17:29:20', '2018-12-21 17:29:20', 0),
(963, 121, 0, 'tuition', 'bimonthly', '000', '000', 0, 0, 160, 160, 'check', '#1707', '2018-12-01', '', '2018-12-21 17:29:37', '2018-12-21 17:29:37', 0),
(964, 123, 0, 'tuition', 'bimonthly', '000', '000', 0, 0, 140, 140, 'check', '#1707', '2018-12-01', '', '2018-12-21 17:29:57', '2018-12-21 17:29:57', 0),
(965, 381, 0, 'tuition', 'bimonthly', '000', '000', 0, 50, 80, 80, 'cash', 'Oct-Nov Tuition\r\n*Teacher Discount included', '2018-12-01', '', '2018-12-21 17:31:03', '2018-12-21 17:31:03', 0),
(966, 153, 0, 'tuition', 'bimonthly', '000', '000', 0, 0, 160, 160, 'check', '#1084', '2018-12-01', '', '2018-12-21 23:03:03', '2018-12-21 23:03:03', 0),
(967, 385, 0, 'tuition', 'bimonthly', '000', '000', 0, 0, 160, 160, 'cash', 'Dec-Jan Tuition\r\nPaid by Hemat Aly ', '2018-12-01', '', '2018-12-21 23:04:14', '2018-12-21 23:04:14', 0),
(968, 363, 0, 'tuition', 'bimonthly', '000', '000', 0, 0, 160, 160, 'cash', 'Dec-Jan Tuition', '2018-12-01', '', '2018-12-21 23:05:12', '2018-12-21 23:05:12', 0),
(969, 294, 0, 'tuition', 'monthly', '000', '000', 0, 0, 80, 80, 'check', '#201', '2018-12-01', '', '2018-12-21 23:05:54', '2018-12-21 23:05:54', 0),
(970, 293, 0, 'tuition', 'monthly', '000', '000', 0, 0, 75, 75, 'check', '#201', '2018-12-01', '', '2018-12-21 23:06:14', '2018-12-21 23:06:14', 0),
(971, 374, 0, 'tuition', 'monthly', '000', '000', 0, 0, 75, 75, 'cash', 'Dec Tuition', '2018-12-01', '', '2018-12-21 23:06:59', '2018-12-21 23:08:52', 0),
(972, 373, 0, 'tuition', 'monthly', '000', '000', 0, 0, 80, 80, 'cash', 'Dec Tuition', '2018-12-01', '', '2018-12-21 23:07:23', '2018-12-21 23:09:02', 0),
(973, 395, 0, 'tuition', 'monthly', '000', '000', 0, 0, 80, 80, 'cash', 'Dec Tuition', '2018-12-01', '', '2018-12-21 23:08:28', '2018-12-21 23:08:28', 0),
(974, 95, 0, 'custom_payment', '000', '000', '000', 0, 0, 20, 20, 'cash', 'Just for the day; December vacation', '2018-12-01', '', '2018-12-21 23:10:42', '2018-12-21 23:10:42', 0),
(975, 94, 0, 'custom_payment', '000', '000', '000', 0, 0, 20, 20, 'cash', 'Just for the day; December vacation', '2018-12-01', '', '2018-12-21 23:11:05', '2018-12-21 23:11:05', 0),
(976, 196, 0, 'tuition', 'bimonthly', '000', '000', 0, 0, 140, 140, 'check', '#1006', '2018-12-01', '', '2018-12-21 23:12:03', '2018-12-21 23:12:03', 0),
(977, 286, 0, 'tuition', 'bimonthly', '000', '000', 0, 0, 160, 160, 'check', '#1006', '2018-12-01', '', '2018-12-21 23:12:20', '2018-12-21 23:12:20', 0),
(978, 112, 0, 'tuition', 'bimonthly', '000', '000', 0, 0, 150, 160, 'check', '#1006', '2018-12-01', '', '2018-12-21 23:12:49', '2018-12-21 23:12:49', 0),
(979, 366, 0, 'tuition', 'bimonthly', '000', '000', 0, 0, 150, 150, 'check', '#278', '2018-12-01', '', '2018-12-21 23:13:36', '2018-12-21 23:13:36', 0),
(980, 164, 0, 'tuition', 'bimonthly', '000', '000', 0, 0, 160, 160, 'check', '#278', '2018-12-01', '', '2018-12-21 23:13:56', '2018-12-21 23:13:56', 0),
(981, 114, 0, 'tuition', 'bimonthly', '000', '000', 20, 0, 160, 160, 'check', '#218', '2018-12-01', '', '2018-12-21 23:14:54', '2018-12-21 23:14:54', 0),
(982, 221, 0, 'tuition', 'bimonthly', '000', '000', 0, 0, 160, 160, 'cash', 'Dec-Jan Tuition', '2018-12-01', '', '2018-12-21 23:15:41', '2018-12-21 23:15:41', 0),
(983, 317, 0, 'tuition', 'bimonthly', '000', '000', 0, 0, 160, 160, 'check', ' #229', '2018-12-01', '', '2018-12-21 23:16:17', '2018-12-21 23:16:17', 0),
(984, 251, 0, 'tuition', 'bimonthly', '000', '000', 0, 0, 160, 160, 'cash', 'Dec-Jan Tuition', '2018-12-01', '', '2018-12-21 23:16:59', '2018-12-21 23:16:59', 0),
(985, 400, 0, 'custom_payment', '000', '000', '000', 0, 0, 0, 15, 'cash', 'Remainder of Books', '2018-12-01', '', '2018-12-21 23:17:45', '2018-12-21 23:17:45', 0),
(986, 208, 0, 'tuition', 'bimonthly', '000', '000', 0, 0, 160, 160, 'cash', 'Dec-Jan Tuition', '2018-12-01', '', '2018-12-21 23:18:26', '2018-12-21 23:18:26', 0);
INSERT INTO `students_payments` (`id`, `student_record_id`, `payment_item_id`, `payment_item_type`, `tuition_type`, `late_fee_type`, `books_payment_type`, `full_year_discount`, `teacher_child_discount`, `invoice`, `payment`, `check_or_cash`, `student_payment_description`, `student_payment_date`, `student_payment_notes`, `created_at`, `updated_at`, `deleted`) VALUES
(987, 220, 0, 'tuition', 'bimonthly', '000', '000', 0, 0, 160, 160, 'cash', 'Dec-Jan Tuition', '2018-12-01', '', '2018-12-21 23:19:05', '2018-12-21 23:19:05', 0),
(988, 115, 0, 'tuition', 'bimonthly', '000', '000', 0, 0, 160, 160, 'check', ' #1247', '2018-12-01', '', '2018-12-21 23:19:40', '2018-12-21 23:19:40', 0),
(989, 307, 0, 'tuition', 'bimonthly', '000', '000', 0, 0, 160, 140, 'cash', 'Dec-Jan Tuition', '2018-12-01', '', '2018-12-21 23:20:47', '2018-12-21 23:20:47', 0),
(990, 109, 0, 'tuition', 'bimonthly', '000', '000', 0, 0, 160, 160, 'cash', 'Dec-Jan Tuition', '2018-12-01', '', '2018-12-21 23:22:30', '2018-12-21 23:22:30', 0),
(991, 216, 0, 'tuition', 'bimonthly', '000', '000', 0, 0, 160, 160, 'check', ' #3216', '2018-12-01', '', '2018-12-21 23:23:13', '2018-12-21 23:23:13', 0),
(992, 212, 0, 'tuition', 'bimonthly', '000', '000', 0, 0, 160, 160, 'check', '#1020', '2018-12-01', '', '2018-12-21 23:24:20', '2018-12-21 23:24:20', 0),
(993, 213, 0, 'tuition', 'bimonthly', '000', '000', 0, 0, 150, 150, 'check', '#1020', '2018-12-01', '', '2018-12-21 23:24:38', '2018-12-21 23:24:38', 0),
(994, 326, 0, 'tuition', 'monthly', '000', '000', 0, 0, 80, 80, 'check', '#1092', '2018-12-01', '', '2018-12-21 23:25:23', '2018-12-21 23:25:23', 0),
(995, 360, 0, 'tuition', 'monthly', '000', '000', 0, 0, 75, 75, 'check', '#1092', '2018-12-01', '', '2018-12-21 23:25:40', '2018-12-21 23:25:48', 0),
(996, 327, 0, 'tuition', 'monthly', '000', '000', 0, 0, 10, 10, 'check', '#1092', '2018-12-01', '', '2018-12-21 23:26:11', '2018-12-21 23:26:11', 0),
(997, 372, 0, 'tuition', 'monthly', '000', '000', 0, 0, 10, 10, 'check', '#1092', '2018-12-01', '', '2018-12-21 23:26:25', '2018-12-21 23:26:25', 0),
(998, 226, 0, 'tuition', 'bimonthly', '000', '000', 0, 0, 160, 160, 'check', '#116', '2018-12-08', '', '2018-12-21 23:27:21', '2018-12-21 23:27:21', 0),
(999, 226, 0, 'late_fee', '000', 'late_payment_fee', '000', 0, 0, 15, 15, 'cash', 'Dec-Jan Tuition Late Payment Fee', '2018-12-08', '', '2018-12-21 23:27:41', '2018-12-21 23:27:41', 0),
(1000, 376, 0, 'tuition', 'bimonthly', '000', '000', 0, 0, 160, 160, 'check', '#1585', '2018-12-08', '', '2018-12-21 23:28:34', '2018-12-21 23:28:34', 0),
(1001, 376, 0, 'late_fee', '000', 'late_payment_fee', '000', 0, 0, 15, 15, 'check', '#1585', '2018-12-08', '', '2018-12-21 23:28:48', '2018-12-21 23:28:48', 0),
(1002, 377, 0, 'tuition', 'bimonthly', '000', '000', 0, 0, 150, 150, 'check', '#1585\r\n*Late Fee under sister\'s account', '2018-12-08', '', '2018-12-21 23:29:13', '2018-12-21 23:29:13', 0),
(1003, 126, 0, 'tuition', 'bimonthly', '000', '000', 0, 0, 160, 160, 'check', '#2068', '2018-12-08', '', '2018-12-21 23:30:06', '2018-12-21 23:30:06', 0),
(1004, 127, 0, 'tuition', 'bimonthly', '000', '000', 0, 0, 150, 150, 'check', '#2068', '2018-12-08', '', '2018-12-21 23:30:27', '2018-12-21 23:30:27', 0),
(1005, 277, 0, 'tuition', 'bimonthly', '000', '000', 0, 0, 160, 160, 'check', '#416', '2018-12-08', '', '2018-12-21 23:31:35', '2018-12-21 23:31:35', 0),
(1006, 277, 0, 'late_fee', '000', 'late_payment_fee', '000', 0, 0, 15, 0, 'cash', 'needs to pay', '2018-12-08', '', '2018-12-21 23:31:53', '2018-12-21 23:31:53', 0),
(1007, 358, 0, 'tuition', 'bimonthly', '000', '000', 0, 0, 140, 140, 'check', '#416', '2018-12-08', '', '2018-12-21 23:32:10', '2018-12-21 23:32:10', 0),
(1008, 308, 0, 'tuition', 'bimonthly', '000', '000', 0, 0, 150, 150, 'check', '#416', '2018-12-08', '', '2018-12-21 23:32:32', '2018-12-21 23:32:32', 0),
(1009, 275, 0, 'tuition', 'monthly', '000', '000', 0, 0, 80, 45, 'cash', 'Dec Tuition\r\n$35 Credit used', '2018-12-08', '', '2018-12-21 23:36:24', '2018-12-21 23:36:33', 0),
(1010, 275, 0, 'late_fee', '000', 'late_payment_fee', '000', 0, 0, 15, 15, 'cash', 'Dec Tuition Late Payment fee', '2018-12-08', '', '2018-12-21 23:36:54', '2018-12-21 23:36:54', 0),
(1011, 167, 0, 'tuition', 'bimonthly', '000', '000', 0, 0, 140, 140, 'cash', 'Dec-Jan Tuition', '2018-12-08', '', '2018-12-21 23:39:18', '2018-12-21 23:39:18', 0),
(1012, 166, 0, 'tuition', 'bimonthly', '000', '000', 0, 0, 150, 150, 'cash', 'Dec-Jan Tuition', '2018-12-08', '', '2018-12-21 23:39:35', '2018-12-21 23:39:35', 0),
(1013, 272, 0, 'tuition', 'bimonthly', '000', '000', 0, 0, 160, 160, 'cash', 'Dec-Jan Tuition', '2018-12-08', '', '2018-12-21 23:39:55', '2018-12-21 23:39:55', 0),
(1014, 168, 0, 'tuition', 'bimonthly', '000', '000', 0, 0, 160, 160, 'check', '#262', '2018-12-08', '', '2018-12-21 23:41:04', '2018-12-21 23:41:04', 0),
(1015, 168, 0, 'late_fee', '000', 'late_payment_fee', '000', 0, 0, 15, 15, 'check', '#262', '2018-12-08', '', '2018-12-21 23:41:22', '2018-12-21 23:41:22', 0),
(1016, 169, 0, 'tuition', 'bimonthly', '000', '000', 0, 0, 150, 150, 'check', '#262', '2018-12-15', '', '2018-12-21 23:41:39', '2018-12-21 23:41:39', 0),
(1017, 413, 0, 'tuition', 'monthly', '000', '000', 0, 0, 80, 80, 'cash', 'Dec Tuition', '2018-12-08', '', '2018-12-21 23:43:26', '2018-12-21 23:43:26', 0),
(1018, 323, 0, 'tuition', 'bimonthly', '000', '000', 0, 0, 160, 170, 'check', '#1474', '2018-12-08', '', '2018-12-21 23:44:59', '2018-12-21 23:47:49', 0),
(1019, 324, 0, 'tuition', 'bimonthly', '000', '000', 0, 0, 150, 150, 'check', '#1474', '2018-12-08', '', '2018-12-21 23:45:19', '2018-12-21 23:47:41', 0),
(1020, 305, 0, 'tuition', 'bimonthly', '000', '000', 0, 0, 75, 75, 'check', '#1338', '2018-12-08', '', '2018-12-21 23:46:24', '2018-12-21 23:46:35', 0),
(1021, 304, 0, 'tuition', 'bimonthly', '000', '000', 0, 50, 80, 80, 'check', '#1338', '2018-12-08', '', '2018-12-21 23:46:55', '2018-12-21 23:46:55', 0),
(1022, 314, 0, 'tuition', 'bimonthly', '000', '000', 0, 50, 75, 75, 'cash', 'Dec-Jan Tuition', '2018-12-08', '', '2018-12-21 23:49:23', '2018-12-21 23:49:23', 0),
(1023, 299, 0, 'tuition', 'bimonthly', '000', '000', 0, 50, 80, 80, 'cash', 'Dec-Jan Tuition', '2018-12-08', '', '2018-12-21 23:49:44', '2018-12-21 23:49:44', 0),
(1024, 320, 0, 'books', '000', '000', 'pre_kinder_books_fee', 0, 0, 55, 55, 'cash', 'Books\r\n', '2018-12-08', '', '2018-12-21 23:51:22', '2018-12-21 23:51:22', 0),
(1025, 320, 0, 'tuition', 'monthly', '000', '000', 0, 0, 37.5, 37.5, 'cash', '*FAMILY DISCOUNT: $150 FOR ALL/M', '2018-12-08', '', '2018-12-21 23:51:47', '2018-12-21 23:51:54', 0),
(1026, 318, 0, 'tuition', 'monthly', '000', '000', 0, 0, 37.5, 37.5, 'cash', '*FAMILY DISCOUNT: $150 FOR ALL/M', '2018-12-08', '', '2018-12-21 23:52:11', '2018-12-21 23:52:18', 0),
(1027, 321, 0, 'tuition', 'monthly', '000', '000', 0, 0, 37.5, 37.5, 'cash', '*FAMILY DISCOUNT: $150 FOR ALL/M', '2018-12-08', '', '2018-12-21 23:52:32', '2018-12-21 23:53:04', 0),
(1028, 319, 0, 'tuition', 'monthly', '000', '000', 0, 0, 37.5, 37.5, 'cash', '*FAMILY DISCOUNT: $150 FOR ALL/M', '2018-12-08', '', '2018-12-21 23:53:30', '2018-12-21 23:53:41', 0),
(1029, 411, 0, 'registration_fee', '000', '000', '000', 0, 0, 30, 30, 'cash', 'Reg fee', '2018-10-13', '', '2018-12-21 23:55:40', '2018-12-21 23:55:40', 0),
(1030, 410, 0, 'registration_fee', '000', '000', '000', 0, 0, 30, 30, 'cash', 'Reg Fee', '2018-10-13', '', '2018-12-21 23:55:55', '2018-12-21 23:55:55', 0),
(1031, 410, 0, 'tuition', 'monthly', '000', '000', 0, 0, 80, 80, 'cash', 'Dec Tuition\r\n*FAMILY DISCOUNT: pays for one c', '2018-12-08', '', '2018-12-21 23:57:56', '2018-12-21 23:57:56', 0),
(1032, 143, 0, 'tuition', 'bimonthly', '000', '000', 0, 0, 160, 160, 'cash', 'Dec-Jan Tuition', '2018-12-08', '', '2018-12-21 23:58:42', '2018-12-21 23:58:42', 0),
(1033, 258, 0, 'custom_payment', '000', '000', '000', 0, 0, 0, 15, 'cash', 'Remainder for Books', '2018-12-15', '', '2018-12-21 23:59:36', '2018-12-28 00:04:14', 0),
(1034, 231, 0, 'tuition', 'bimonthly', '000', '000', 0, 0, 150, 150, 'check', '#1096', '2018-12-15', '', '2018-12-22 00:00:57', '2018-12-22 00:00:57', 0),
(1035, 230, 0, 'tuition', 'bimonthly', '000', '000', 0, 0, 160, 160, 'check', '#1096', '2018-12-15', '', '2018-12-22 00:01:13', '2018-12-22 00:01:13', 0),
(1036, 329, 0, 'tuition', 'bimonthly', '000', '000', 0, 0, 20, 20, 'check', '#1095', '2018-12-15', '', '2018-12-22 00:02:00', '2018-12-22 00:02:06', 0),
(1037, 328, 0, 'tuition', 'bimonthly', '000', '000', 0, 0, 20, 20, 'check', '#1095', '2018-12-15', '', '2018-12-22 00:02:24', '2018-12-22 00:02:31', 0),
(1038, 103, 0, 'custom_payment', '000', '000', '000', 0, 0, 0, 15, 'cash', 'Remainder of book', '2018-12-15', '', '2018-12-22 00:03:40', '2018-12-22 00:03:40', 0),
(1039, 307, 0, 'custom_payment', '000', '000', '000', 0, 0, 0, 20, 'cash', 'Owes Twenty dollars from 12.01.18', '2018-12-15', '', '2018-12-22 00:04:59', '2018-12-22 00:04:59', 0),
(1040, 221, 0, 'registration_fee', '000', '000', '000', 0, 0, 40, 40, 'cash', 'Youth Group\r\nSister: Heyam Zaid', '2018-09-15', '', '2018-12-22 19:06:21', '2018-12-22 19:06:29', 0),
(1041, 221, 0, 'tuition', 'monthly', '000', '000', 0, 0, 55, 55, 'cash', 'Sister: Heyam Zaid\r\nOne Day Trial (75-$20)', '2018-09-15', '', '2018-12-22 19:07:08', '2018-12-22 19:07:15', 0),
(1042, 417, 0, 'custom_payment', '000', '000', '000', 0, 0, 5, 5, 'cash', 'BALANCE FROM LAST YEAR', '2018-11-17', '', '2018-12-22 19:26:25', '2018-12-22 19:26:25', 0),
(1043, 417, 0, 'custom_payment', '000', '000', '000', 0, 0, 20, 25, 'cash', 'ONE DAY TRIAL', '2018-11-17', '', '2018-12-22 19:29:39', '2018-12-22 19:29:39', 0),
(1044, 417, 0, 'registration_fee', '000', '000', '000', 0, 0, 30, 30, 'check', '#2002', '2018-12-01', '', '2018-12-22 19:31:16', '2018-12-22 19:31:16', 0),
(1045, 417, 0, 'books', '000', '000', 'pre_kinder_books_fee', 0, 0, 55, 55, 'check', '#2002\r\nELEMENTARY BOOKS', '2018-12-01', '', '2018-12-22 19:34:57', '2018-12-22 19:34:57', 0),
(1046, 417, 0, 'tuition', 'monthly', '000', '000', 0, 0, 80, 80, 'check', '#2002', '2018-12-01', '', '2018-12-22 19:35:22', '2018-12-22 19:35:22', 0),
(1047, 282, 0, 'tuition', 'bimonthly', '000', '000', 0, 0, 140, 140, 'cash', 'Dec-Jan Tuition', '2018-12-22', '', '2018-12-25 19:57:50', '2018-12-25 19:57:50', 0),
(1048, 282, 0, 'late_fee', '000', 'late_payment_fee', '000', 0, 0, 15, 15, 'cash', 'Late Payment Fee', '2018-12-22', '', '2018-12-25 19:58:16', '2018-12-25 19:58:16', 0),
(1049, 281, 0, 'tuition', 'bimonthly', '000', '000', 0, 0, 150, 150, 'cash', 'Dec-Jan Tuition', '2018-12-22', '', '2018-12-25 19:58:43', '2018-12-25 19:58:43', 0),
(1050, 280, 0, 'tuition', 'bimonthly', '000', '000', 0, 0, 160, 160, 'cash', 'Dec-Jan Tuition', '2018-12-22', '', '2018-12-25 19:59:05', '2018-12-25 19:59:05', 0),
(1051, 322, 0, 'tuition', 'bimonthly', '000', '000', 0, 50, 80, 80, 'cash', 'Dec-Jan Tuition', '2018-12-29', '', '2018-12-31 22:41:24', '2018-12-31 22:41:24', 0),
(1052, 390, 0, 'tuition', 'monthly', '000', '000', 0, 0, 10, 10, 'cash', 'January Book Club Tuition', '2018-12-29', '', '2018-12-31 22:42:16', '2018-12-31 22:42:16', 0),
(1053, 391, 0, 'tuition', 'monthly', '000', '000', 0, 0, 10, 10, 'cash', 'January Book Club Tuition', '2018-12-29', '', '2018-12-31 22:42:33', '2018-12-31 22:42:33', 0),
(1054, 178, 0, 'tuition', 'monthly', '000', '000', 0, 0, 80, 80, 'cash', 'January Tuition', '2018-12-29', '', '2018-12-31 22:44:06', '2018-12-31 22:44:06', 0),
(1055, 178, 0, 'custom_payment', '000', '000', '000', 0, 0, 20, 20, 'cash', 'One Day attended in December paid', '2018-12-29', '', '2018-12-31 22:44:25', '2018-12-31 22:45:00', 0),
(1056, 93, 0, 'tuition', 'monthly', '000', '000', 0, 0, 75, 75, 'cash', 'January Tuition', '2018-12-29', '', '2018-12-31 22:45:53', '2018-12-31 22:45:53', 0),
(1057, 92, 0, 'tuition', 'monthly', '000', '000', 0, 0, 80, 80, 'cash', 'January Tuition', '2018-12-29', '', '2018-12-31 22:46:12', '2018-12-31 22:46:12', 0),
(1058, 398, 0, 'tuition', 'monthly', '000', '000', 0, 0, 10, 10, 'cash', 'January Book Club Tuition', '2018-12-29', '', '2018-12-31 22:46:41', '2018-12-31 22:46:41', 0),
(1059, 397, 0, 'tuition', 'monthly', '000', '000', 0, 0, 10, 10, 'cash', 'January Book Club Tuition', '2018-12-29', '', '2018-12-31 22:46:55', '2018-12-31 22:46:55', 0),
(1060, 93, 0, 'custom_payment', '000', '000', '000', 0, 0, 5, 5, 'cash', 'DONATION', '2018-12-29', '', '2018-12-31 22:47:15', '2018-12-31 22:47:37', 0),
(1061, 116, 0, 'tuition', 'monthly', '000', '000', 0, 0, 80, 80, 'check', '#513', '2019-01-05', '', '2019-01-06 22:35:51', '2019-01-06 22:35:51', 0),
(1062, 86, 0, 'tuition', 'monthly', '000', '000', 0, 0, 80, 80, 'cash', 'January Tuition', '2019-01-05', '', '2019-01-06 22:36:34', '2019-01-06 22:36:34', 0),
(1063, 233, 0, 'tuition', 'monthly', '000', '000', 0, 0, 10, 10, 'cash', 'January Tuition Book Club', '2019-01-05', '', '2019-01-06 22:36:52', '2019-01-06 22:36:52', 0),
(1064, 87, 0, 'tuition', 'monthly', '000', '000', 0, 0, 75, 75, 'cash', 'January Tuition', '2019-01-05', '', '2019-01-06 22:37:07', '2019-01-06 22:37:07', 0),
(1065, 234, 0, 'tuition', 'monthly', '000', '000', 0, 0, 10, 10, 'cash', 'January Tuition Book Club', '2019-01-05', '', '2019-01-06 22:37:31', '2019-01-06 22:37:31', 0),
(1066, 295, 0, 'tuition', 'monthly', '000', '000', 0, 0, 70, 70, 'cash', 'January Tuition', '2019-01-05', '', '2019-01-06 22:37:48', '2019-01-06 22:37:48', 0),
(1067, 296, 0, 'tuition', 'monthly', '000', '000', 0, 0, 10, 10, 'cash', 'January Tuition Book Club ', '2019-01-05', '', '2019-01-06 22:38:08', '2019-01-06 22:38:08', 0),
(1068, 325, 0, 'tuition', 'monthly', '000', '000', 0, 0, 33.33, 33.33, 'cash', 'Jan Tuition\r\n*FAMILY DISCOUNT: $100 TOTAL/MON', '2019-01-05', '', '2019-01-06 22:39:38', '2019-01-06 22:42:13', 0),
(1069, 157, 0, 'tuition', 'monthly', '000', '000', 0, 0, 33.33, 33.33, 'cash', 'Jan Tuition\r\n*FAMILY DISCOUNT: $100 TOTAL/MON', '2019-01-05', '', '2019-01-06 22:40:02', '2019-01-06 22:41:25', 0),
(1070, 274, 0, 'tuition', 'monthly', '000', '000', 0, 0, 33.33, 33.33, 'cash', 'Jan Tuition\r\n*FAMILY DISCOUNT: $100 TOTAL/MON', '2019-01-05', '', '2019-01-06 22:40:25', '2019-01-06 22:41:48', 0),
(1071, 232, 0, 'tuition', 'monthly', '000', '000', 0, 0, 80, 80, 'cash', 'NOVEMBER TUITION', '2019-01-05', '', '2019-01-06 22:42:59', '2019-01-06 22:42:59', 0),
(1072, 97, 0, 'custom_payment', '000', '000', '000', 0, 0, 20, 20, 'cash', 'ONE DAY TRIAL FOR OTHER CHILD\r\nKHALED KESHK', '2019-01-05', '', '2019-01-06 22:43:37', '2019-01-06 22:43:50', 0),
(1073, 412, 0, 'tuition', 'monthly', '000', '000', 0, 0, 80, 80, 'check', ' #463', '2019-01-05', '', '2019-01-06 22:44:25', '2019-01-06 22:44:25', 0),
(1074, 417, 0, 'tuition', 'monthly', '000', '000', 0, 0, 80, 80, 'cash', 'January Tuition', '2019-01-05', '', '2019-01-06 22:45:00', '2019-01-06 22:45:00', 0),
(1075, 275, 0, 'tuition', 'monthly', '000', '000', 0, 0, 80, 80, 'cash', 'January Tuition', '2019-01-05', '', '2019-01-06 22:45:27', '2019-01-06 22:45:27', 0),
(1076, 137, 0, 'tuition', 'bimonthly', '000', '000', 0, 0, 160, 160, 'cash', 'Dec-Jan Tuition', '2019-01-05', '', '2019-01-06 22:46:39', '2019-01-06 22:46:39', 0),
(1077, 137, 0, 'late_fee', '000', 'late_payment_fee', '000', 0, 0, 15, 10, 'cash', 'Has $5 credit', '2019-01-05', '', '2019-01-06 22:47:05', '2019-01-06 22:47:05', 0),
(1078, 270, 0, 'tuition', 'monthly', '000', '000', 0, 0, 80, 80, 'cash', 'January Tuition', '2019-01-05', '', '2019-01-06 22:48:36', '2019-01-06 22:48:36', 0),
(1079, 423, 0, 'registration_fee', '000', '000', '000', 0, 0, 30, 30, 'check', '#119', '2019-01-05', '', '2019-01-06 22:49:18', '2019-01-06 22:49:18', 0),
(1080, 423, 0, 'books', '000', '000', 'pre_kinder_books_fee', 0, 0, 55, 55, 'check', '#119\r\nELEMENTARY BOOKS', '2019-01-05', '', '2019-01-06 22:49:33', '2019-01-06 22:49:33', 0),
(1081, 423, 0, 'tuition', 'bimonthly', '000', '000', 0, 0, 150, 150, 'check', ' #119', '2019-01-05', '', '2019-01-06 22:49:56', '2019-01-06 22:49:56', 0),
(1082, 422, 0, 'registration_fee', '000', '000', '000', 0, 0, 30, 30, 'check', '#119', '2019-01-05', '', '2019-01-06 22:50:12', '2019-01-06 22:50:12', 0),
(1083, 422, 0, 'books', '000', '000', 'pre_kinder_books_fee', 0, 0, 55, 55, 'check', '#119\r\nELEMENTARY BOOKS', '2019-01-05', '', '2019-01-06 22:50:33', '2019-01-06 22:50:33', 0),
(1084, 422, 0, 'tuition', 'bimonthly', '000', '000', 0, 0, 160, 160, 'check', '#119', '2019-01-05', '', '2019-01-06 22:50:48', '2019-01-06 22:50:48', 0),
(1085, 140, 0, 'custom_payment', '000', '000', '000', 0, 0, 40, 40, 'cash', 'DONATION', '2019-01-05', '', '2019-01-06 22:51:47', '2019-01-06 22:51:47', 0),
(1086, 225, 0, 'tuition', 'monthly', '000', '000', 0, 0, 80, 80, 'check', '#553', '2019-01-05', '', '2019-01-06 22:52:33', '2019-01-06 22:52:33', 0),
(1087, 406, 0, 'tuition', 'monthly', '000', '000', 0, 0, 75, 75, 'check', '#553', '2019-01-05', '', '2019-01-06 22:52:49', '2019-01-06 22:52:49', 0),
(1088, 408, 0, 'tuition', 'monthly', '000', '000', 0, 0, 80, 80, 'check', '#197\r\n', '2019-01-05', '', '2019-01-06 22:53:32', '2019-01-06 22:53:32', 0),
(1089, 409, 0, 'tuition', 'monthly', '000', '000', 0, 0, 75, 75, 'check', '#197\r\n', '2019-01-05', '', '2019-01-06 22:53:49', '2019-01-06 22:53:49', 0),
(1090, 179, 0, 'tuition', 'monthly', '000', '000', 0, 0, 80, 80, 'check', '#156', '2019-01-05', '', '2019-01-06 22:54:22', '2019-01-06 22:54:22', 0),
(1091, 180, 0, 'tuition', 'monthly', '000', '000', 0, 0, 75, 75, 'check', '#156', '2019-01-05', '', '2019-01-06 22:54:39', '2019-01-06 22:54:39', 0),
(1092, 289, 0, 'tuition', 'monthly', '000', '000', 0, 0, 80, 80, 'cash', 'January Tuition', '2019-01-05', '', '2019-01-06 22:55:24', '2019-01-06 22:55:24', 0),
(1093, 189, 0, 'tuition', 'monthly', '000', '000', 0, 0, 80, 80, 'cash', 'NOVEMBER TUITION', '2019-01-05', '', '2019-01-06 22:56:07', '2019-01-06 22:56:07', 0),
(1094, 190, 0, 'tuition', 'monthly', '000', '000', 0, 0, 75, 75, 'cash', 'NOVEMBER TUITION', '2019-01-05', '', '2019-01-06 22:56:25', '2019-01-06 22:56:25', 0),
(1095, 426, 0, 'tuition', 'bimonthly', '000', '000', 0, 0, 160, 160, 'check', '#465', '2019-01-05', '', '2019-01-06 22:58:07', '2019-01-06 22:58:07', 0),
(1096, 426, 0, 'custom_payment', '000', '000', '000', 0, 0, 20, 20, 'check', '#465\r\nONE DAY OF DECEMBER, THEN DROPPED OUT', '2019-01-05', '', '2019-01-06 22:58:39', '2019-01-06 22:58:39', 0),
(1097, 319, 0, 'tuition', 'monthly', '000', '000', 0, 0, 37.5, 37.5, 'cash', '*FAMILY DISCOUNT: $150 FOR ALL/M', '2019-01-05', '', '2019-01-06 22:59:52', '2019-01-06 23:00:08', 0),
(1098, 320, 0, 'tuition', 'monthly', '000', '000', 0, 0, 37.5, 37.5, 'cash', '*FAMILY DISCOUNT: $150 FOR ALL/M', '2019-01-05', '', '2019-01-06 23:00:22', '2019-01-06 23:00:31', 0),
(1099, 318, 0, 'tuition', 'monthly', '000', '000', 0, 0, 37.5, 37.5, 'cash', '*FAMILY DISCOUNT: $150 FOR ALL/M', '2019-01-05', '', '2019-01-06 23:01:07', '2019-01-06 23:01:13', 0),
(1100, 321, 0, 'tuition', 'monthly', '000', '000', 0, 0, 37.5, 37.5, 'cash', '*FAMILY DISCOUNT: $150 FOR ALL/M', '2019-01-05', '', '2019-01-06 23:01:29', '2019-01-06 23:01:36', 0),
(1101, 294, 0, 'tuition', 'monthly', '000', '000', 0, 0, 80, 80, 'check', '#202', '2019-01-05', '', '2019-01-06 23:02:35', '2019-01-06 23:02:35', 0),
(1102, 293, 0, 'tuition', 'monthly', '000', '000', 0, 0, 75, 75, 'check', '#202', '2019-01-05', '', '2019-01-06 23:02:53', '2019-01-06 23:02:53', 0),
(1103, 378, 0, 'tuition', 'monthly', '000', '000', 0, 50, 40, 40, 'cash', 'NOVEMBER TUITION', '2019-01-05', '', '2019-01-06 23:03:41', '2019-01-06 23:03:41', 0),
(1104, 378, 0, 'tuition', 'monthly', '000', '000', 0, 50, 40, 40, 'cash', 'DECEMBER TUITION', '2019-01-05', '', '2019-01-06 23:04:08', '2019-01-06 23:04:08', 0),
(1105, 378, 0, 'tuition', 'monthly', '000', '000', 0, 50, 40, 40, 'cash', 'NOVEMBER TUITION', '2019-01-05', '', '2019-01-06 23:04:28', '2019-01-06 23:04:28', 0),
(1106, 326, 0, 'tuition', 'monthly', '000', '000', 0, 0, 80, 80, 'check', '#1094', '2019-01-05', '', '2019-01-06 23:05:57', '2019-01-06 23:05:57', 0),
(1107, 360, 0, 'tuition', 'monthly', '000', '000', 0, 0, 75, 40, 'check', '#1094\r\n*USED $35 CREDIT', '2019-01-05', '', '2019-01-06 23:06:37', '2019-01-06 23:11:19', 0),
(1108, 372, 0, 'tuition', 'monthly', '000', '000', 0, 0, 10, 10, 'check', '#1094', '2019-01-05', '', '2019-01-06 23:07:03', '2019-01-06 23:07:03', 0),
(1109, 327, 0, 'tuition', 'monthly', '000', '000', 0, 0, 10, 10, 'check', '#1094', '2019-01-05', '', '2019-01-06 23:07:21', '2019-01-06 23:07:21', 0);

-- --------------------------------------------------------

--
-- Table structure for table `students_records`
--

DROP TABLE IF EXISTS `students_records`;
CREATE TABLE IF NOT EXISTS `students_records` (
  `id` int(11) NOT NULL AUTO_INCREMENT,
  `student_id` int(11) NOT NULL,
  `room_id` int(11) NOT NULL,
  `total_payment` int(11) NOT NULL,
  `is_active` tinyint(4) NOT NULL DEFAULT '2',
  `non_active_registration_date` date DEFAULT NULL,
  `teacher_child` tinyint(2) NOT NULL DEFAULT '1',
  `student_order` int(11) NOT NULL DEFAULT '1',
  `photo_permission_slips` tinyint(1) NOT NULL DEFAULT '0',
  `islamic_book_return` tinyint(1) NOT NULL DEFAULT '0',
  `status_islamic_book_return` enum('excellent','very_good','good','bad','no_status') DEFAULT 'no_status',
  `year` int(11) NOT NULL,
  `participates_in_class` varchar(255) NOT NULL,
  `shows_cooperative_attitude_with_peers` varchar(255) NOT NULL,
  `shows_cooperative_attitude_with_teachers` varchar(255) NOT NULL,
  `listens_when_others_are_speaking` varchar(255) NOT NULL,
  `respects_equipment_and_material` varchar(255) NOT NULL,
  `created_at` datetime NOT NULL,
  `updated_at` datetime NOT NULL,
  PRIMARY KEY (`id`)
) ENGINE=MyISAM AUTO_INCREMENT=427 DEFAULT CHARSET=utf8;

--
-- Dumping data for table `students_records`
--

INSERT INTO `students_records` (`id`, `student_id`, `room_id`, `total_payment`, `is_active`, `non_active_registration_date`, `teacher_child`, `student_order`, `photo_permission_slips`, `islamic_book_return`, `status_islamic_book_return`, `year`, `participates_in_class`, `shows_cooperative_attitude_with_peers`, `shows_cooperative_attitude_with_teachers`, `listens_when_others_are_speaking`, `respects_equipment_and_material`, `created_at`, `updated_at`) VALUES
(57, 25, 21, 0, 2, NULL, 1, 1, 1, 1, 'no_status', 2018, '', '', '', '', '', '2018-06-25 06:16:21', '2018-06-25 06:16:21'),
(56, 25, 20, 0, 2, NULL, 1, 1, 1, 1, 'no_status', 2018, 'yes', 'yes', 'yes', 'yes', 'yes', '2018-06-21 08:31:24', '2018-07-01 06:13:06'),
(67, 26, 22, 0, 2, NULL, 2, 2, 1, 1, 'no_status', 2018, '', '', '', '', '', '2018-07-02 07:02:52', '2018-07-02 07:02:52'),
(66, 26, 21, 0, 2, NULL, 2, 1, 1, 1, 'no_status', 2018, '', '', '', '', '', '2018-07-01 08:32:14', '2018-07-02 07:49:08'),
(64, 26, 20, 0, 1, NULL, 1, 2, 1, 1, 'no_status', 2018, '', '', '', '', '', '2018-07-01 08:20:09', '2018-07-01 08:29:35'),
(68, 27, 20, 0, 1, NULL, 1, 3, 1, 1, 'no_status', 2018, '', '', '', '', '', '2018-07-05 07:24:49', '2018-07-22 12:48:31'),
(69, 28, 23, 0, 1, NULL, 1, 4, 1, 1, 'no_status', 2018, '', '', '', '', '', '2018-07-08 11:40:48', '2018-07-22 13:07:07'),
(71, 28, 25, 0, 1, NULL, 1, 4, 1, 1, 'excellent', 2018, '', '', '', '', '', '2018-07-17 12:21:26', '2018-07-19 12:54:45'),
(85, 33, 30, 0, 2, NULL, 2, 2, 1, 1, 'no_status', 2018, '', '', '', '', '', '2018-08-26 23:00:34', '2018-08-30 14:40:10'),
(74, 27, 25, 0, 2, NULL, 1, 3, 1, 1, 'no_status', 2018, '', '', '', '', '', '2018-07-22 12:48:31', '2018-07-22 12:48:31'),
(78, 28, 25, 0, 2, NULL, 2, 4, 2, 2, 'very_good', 2018, '', '', '', '', '', '2018-08-02 10:22:42', '2018-08-02 10:22:42'),
(84, 32, 20, 0, 2, NULL, 2, 1, 2, 1, 'no_status', 2018, '1', '1', '1', '1', '1', '2018-08-26 21:43:19', '2018-08-31 01:39:43'),
(83, 23, 25, 0, 2, NULL, 1, 3, 1, 1, 'no_status', 2018, 'yes', 'yes', 'yes', 'yes', 'yes', '2018-08-19 13:10:40', '2018-08-19 13:14:49'),
(86, 34, 29, 0, 2, NULL, 1, 1, 2, 1, 'no_status', 2018, '', '', '', '', '', '2018-08-31 05:06:27', '2018-08-31 05:06:27'),
(87, 35, 23, 0, 2, NULL, 1, 2, 2, 1, 'no_status', 2018, '', '', '', '', '', '2018-08-31 05:08:28', '2018-08-31 05:08:28'),
(88, 36, 23, 0, 2, NULL, 1, 1, 2, 1, 'no_status', 2018, '', '', '', '', '', '2018-08-31 05:14:19', '2018-08-31 05:14:19'),
(363, 191, 34, 0, 2, NULL, 1, 1, 1, 1, 'no_status', 2018, '', '', '', '', '', '2018-10-20 21:17:40', '2018-10-20 21:17:40'),
(369, 233, 31, 0, 2, NULL, 1, 1, 1, 1, 'no_status', 2018, 'N', 'S', 'N', 'N', 'S', '2018-10-26 16:38:51', '2019-01-05 07:12:45'),
(91, 42, 20, 0, 2, NULL, 1, 1, 2, 1, 'no_status', 2018, '', '', '', '', '', '2018-08-31 05:27:58', '2018-08-31 05:27:58'),
(92, 43, 27, 0, 2, NULL, 1, 1, 2, 1, 'no_status', 2018, '', '', '', '', '', '2018-08-31 05:33:35', '2018-08-31 05:33:35'),
(93, 44, 23, 0, 2, NULL, 1, 2, 2, 1, 'no_status', 2018, '', '', '', '', '', '2018-08-31 05:34:08', '2018-08-31 05:34:08'),
(94, 45, 33, 0, 2, NULL, 1, 1, 2, 1, 'no_status', 2018, '', '', '', '', '', '2018-08-31 05:40:54', '2018-08-31 05:40:54'),
(95, 46, 33, 0, 2, NULL, 1, 2, 2, 1, 'no_status', 2018, '', '', '', '', '', '2018-08-31 05:42:11', '2018-08-31 05:42:11'),
(96, 47, 20, 0, 2, NULL, 1, 1, 2, 1, 'no_status', 2018, '', '', '', '', '', '2018-08-31 05:47:30', '2018-08-31 05:47:30'),
(97, 48, 20, 0, 2, NULL, 1, 1, 2, 1, 'no_status', 2018, '', '', '', '', '', '2018-08-31 05:51:01', '2018-08-31 05:51:01'),
(100, 51, 33, 0, 3, NULL, 1, 1, 2, 1, 'no_status', 2018, '', '', '', '', '', '2018-08-31 19:07:48', '2018-12-25 20:29:55'),
(101, 54, 33, 0, 2, NULL, 1, 1, 2, 1, 'no_status', 2018, '', '', '', '', '', '2018-08-31 20:41:26', '2018-08-31 20:41:26'),
(102, 56, 32, 0, 1, NULL, 1, 1, 2, 1, 'no_status', 2018, '', '', '', '', '', '2018-08-31 23:01:14', '2018-09-29 20:44:05'),
(103, 58, 33, 0, 2, NULL, 1, 1, 2, 1, 'no_status', 2018, '', '', '', '', '', '2018-08-31 23:11:52', '2018-08-31 23:11:52'),
(104, 59, 29, 0, 2, NULL, 1, 1, 2, 1, 'no_status', 2018, '', '', '', '', '', '2018-08-31 23:18:03', '2018-08-31 23:18:03'),
(105, 60, 33, 0, 2, NULL, 1, 2, 2, 1, 'no_status', 2018, '', '', '', '', '', '2018-08-31 23:18:35', '2018-08-31 23:18:35'),
(106, 61, 27, 0, 2, NULL, 1, 1, 2, 1, 'no_status', 2018, '', '', '', '', '', '2018-08-31 23:29:45', '2018-08-31 23:29:45'),
(107, 62, 23, 0, 2, NULL, 1, 2, 2, 1, 'no_status', 2018, '', '', '', '', '', '2018-08-31 23:30:13', '2018-08-31 23:30:13'),
(108, 63, 24, 0, 2, NULL, 1, 3, 2, 1, 'no_status', 2018, '', '', '', '', '', '2018-08-31 23:34:14', '2018-09-29 20:39:30'),
(109, 57, 30, 0, 2, NULL, 1, 1, 2, 1, 'no_status', 2018, '', '', '', '', '', '2018-08-31 23:34:41', '2018-09-02 00:46:00'),
(110, 55, 24, 0, 3, NULL, 1, 1, 2, 1, 'no_status', 2018, '', '', '', '', '', '2018-08-31 23:35:08', '2018-12-15 17:08:18'),
(111, 64, 24, 0, 1, NULL, 1, 1, 2, 1, 'no_status', 2018, '', '', '', '', '', '2018-08-31 23:45:11', '2018-09-29 20:41:25'),
(112, 65, 31, 0, 2, NULL, 1, 2, 2, 1, 'no_status', 2018, 'N', 'S', 'S', 'N', 'S', '2018-08-31 23:45:27', '2019-01-05 07:16:05'),
(113, 66, 32, 0, 2, NULL, 1, 1, 2, 1, 'no_status', 2018, '', '', '', '', '', '2018-08-31 23:49:58', '2018-08-31 23:49:58'),
(114, 67, 24, 0, 2, NULL, 1, 1, 2, 1, 'no_status', 2018, '', '', '', '', '', '2018-09-01 00:01:50', '2018-09-29 20:39:30'),
(115, 68, 32, 0, 2, NULL, 1, 1, 2, 1, 'no_status', 2018, '', '', '', '', '', '2018-09-01 00:11:27', '2018-09-01 00:11:27'),
(116, 69, 23, 0, 2, NULL, 1, 1, 2, 1, 'no_status', 2018, '', '', '', '', '', '2018-09-01 00:22:23', '2018-09-01 00:22:23'),
(117, 70, 34, 0, 1, NULL, 1, 1, 2, 1, 'no_status', 2018, '', '', '', '', '', '2018-09-01 00:34:18', '2018-09-29 18:05:46'),
(118, 72, 34, 0, 1, NULL, 1, 2, 2, 1, 'no_status', 2018, '', '', '', '', '', '2018-09-01 00:34:37', '2018-09-01 21:57:57'),
(119, 71, 24, 0, 1, NULL, 1, 3, 2, 1, 'no_status', 2018, '', '', '', '', '', '2018-09-01 00:35:39', '2018-10-13 19:48:16'),
(120, 73, 32, 0, 2, NULL, 1, 1, 2, 1, 'no_status', 2018, '', '', '', '', '', '2018-09-01 00:41:47', '2018-09-01 00:41:47'),
(121, 74, 35, 0, 2, NULL, 1, 1, 2, 1, 'no_status', 2018, '', '', '', '', '', '2018-09-01 00:51:08', '2018-09-01 00:51:08'),
(122, 75, 32, 0, 2, NULL, 1, 2, 2, 1, 'no_status', 2018, '', '', '', '', '', '2018-09-01 00:51:30', '2018-09-01 00:51:30'),
(123, 76, 30, 0, 2, NULL, 1, 3, 2, 1, 'no_status', 2018, '', '', '', '', '', '2018-09-01 00:51:54', '2018-09-01 00:51:54'),
(124, 77, 20, 0, 2, NULL, 1, 1, 2, 1, 'no_status', 2018, '', '', '', '', '', '2018-09-01 00:58:21', '2018-09-01 00:58:21'),
(125, 78, 32, 0, 2, NULL, 1, 2, 2, 1, 'no_status', 2018, '', '', '', '', '', '2018-09-01 00:59:07', '2018-09-01 00:59:07'),
(126, 79, 20, 0, 2, NULL, 1, 1, 2, 1, 'no_status', 2018, '', '', '', '', '', '2018-09-01 01:08:07', '2018-09-01 01:08:07'),
(127, 80, 24, 0, 2, NULL, 1, 2, 2, 1, 'no_status', 2018, '', '', '', '', '', '2018-09-01 01:08:24', '2018-09-02 00:51:06'),
(128, 81, 23, 0, 2, NULL, 1, 1, 2, 1, 'no_status', 2018, '', '', '', '', '', '2018-09-01 01:12:03', '2018-09-01 01:12:03'),
(212, 82, 23, 0, 2, NULL, 1, 1, 2, 1, 'no_status', 2018, '', '', '', '', '', '2018-09-08 00:50:59', '2018-09-08 00:50:59'),
(213, 83, 32, 0, 2, NULL, 1, 2, 2, 1, 'no_status', 2018, '', '', '', '', '', '2018-09-08 00:51:19', '2018-09-08 00:51:19'),
(131, 84, 31, 0, 2, NULL, 1, 1, 2, 1, 'no_status', 2018, '', '', '', '', '', '2018-09-01 01:37:29', '2018-09-02 00:48:38'),
(132, 85, 24, 0, 2, NULL, 1, 1, 2, 1, 'no_status', 2018, 'O', 'S', 'S', 'S', 'S', '2018-09-01 01:40:55', '2019-01-05 17:30:08'),
(133, 86, 25, 0, 1, NULL, 1, 1, 2, 1, 'no_status', 2018, '', '', '', '', '', '2018-09-01 01:49:46', '2018-09-29 20:39:16'),
(134, 87, 30, 0, 2, NULL, 1, 2, 2, 1, 'no_status', 2018, '', '', '', '', '', '2018-09-01 01:51:48', '2018-09-02 00:45:24'),
(135, 89, 32, 0, 2, NULL, 1, 1, 2, 1, 'no_status', 2018, '', '', '', '', '', '2018-09-01 01:59:33', '2018-09-01 01:59:33'),
(136, 88, 32, 0, 2, NULL, 1, 2, 2, 1, 'no_status', 2018, '', '', '', '', '', '2018-09-01 02:02:03', '2018-09-01 02:02:03'),
(137, 90, 24, 0, 2, NULL, 1, 1, 2, 1, 'no_status', 2018, '', '', '', '', '', '2018-09-01 02:16:00', '2018-09-02 00:47:10'),
(138, 91, 33, 0, 2, NULL, 1, 1, 2, 1, 'no_status', 2018, '', '', '', '', '', '2018-09-01 02:36:01', '2018-09-01 02:36:01'),
(139, 92, 27, 0, 2, NULL, 1, 1, 2, 1, 'no_status', 2018, '', '', '', '', '', '2018-09-01 02:38:57', '2018-09-01 02:38:57'),
(140, 93, 32, 0, 2, NULL, 1, 2, 2, 1, 'no_status', 2018, '', '', '', '', '', '2018-09-01 02:39:16', '2018-09-01 02:39:16'),
(141, 94, 30, 0, 2, NULL, 1, 1, 2, 1, 'no_status', 2018, '', '', '', '', '', '2018-09-01 02:53:46', '2018-09-02 00:50:02'),
(142, 95, 30, 0, 3, NULL, 1, 1, 2, 1, 'no_status', 2018, '', '', '', '', '', '2018-09-01 03:00:00', '2018-10-25 21:47:50'),
(143, 96, 27, 0, 2, NULL, 1, 1, 2, 1, 'no_status', 2018, '', '', '', '', '', '2018-09-01 03:06:40', '2018-09-01 03:06:40'),
(144, 98, 31, 0, 2, NULL, 1, 1, 2, 1, 'no_status', 2018, 'S', 'S', 'S', 'N', 'O', '2018-09-01 03:38:39', '2019-01-05 07:13:57'),
(145, 97, 20, 0, 2, NULL, 1, 2, 2, 1, 'no_status', 2018, '', '', '', '', '', '2018-09-01 03:39:24', '2018-09-01 03:39:24'),
(146, 99, 20, 0, 2, NULL, 1, 1, 2, 1, 'no_status', 2018, '', '', '', '', '', '2018-09-01 04:10:36', '2018-09-01 04:10:36'),
(147, 101, 20, 0, 2, NULL, 1, 2, 2, 1, 'no_status', 2018, '', '', '', '', '', '2018-09-01 04:12:26', '2018-09-01 04:12:26'),
(148, 102, 24, 0, 2, NULL, 1, 3, 2, 1, 'no_status', 2018, '', '', '', '', '', '2018-09-01 04:12:48', '2018-09-02 00:49:35'),
(153, 110, 31, 0, 2, NULL, 1, 1, 2, 1, 'no_status', 2018, 'S', 'S', 'S', 'S', 'S', '2018-09-01 18:14:48', '2019-01-05 07:24:01'),
(154, 111, 30, 0, 2, NULL, 1, 1, 2, 1, 'no_status', 2018, '', '', '', '', '', '2018-09-01 18:42:27', '2018-09-01 18:42:27'),
(208, 160, 30, 0, 2, NULL, 1, 1, 2, 1, 'no_status', 2018, '', '', '', '', '', '2018-09-07 19:31:42', '2018-09-07 19:31:42'),
(156, 113, 25, 0, 1, NULL, 1, 1, 2, 1, 'no_status', 2018, '', '', '', '', '', '2018-09-01 18:52:01', '2018-09-29 20:39:16'),
(157, 72, 35, 0, 2, NULL, 1, 2, 2, 1, 'no_status', 2018, '', '', '', '', '', '2018-09-01 21:57:57', '2018-09-01 21:57:57'),
(158, 115, 24, 0, 1, NULL, 1, 1, 2, 1, 'no_status', 2018, '', '', '', '', '', '2018-09-02 01:00:45', '2018-09-29 20:41:25'),
(159, 116, 35, 0, 2, NULL, 1, 1, 2, 1, 'no_status', 2018, '', '', '', '', '', '2018-09-02 01:07:03', '2018-09-02 01:07:03'),
(372, 161, 39, 0, 2, NULL, 1, 4, 2, 1, 'no_status', 2018, '', '', '', '', '', '2018-10-27 17:38:51', '2018-12-29 16:43:38'),
(161, 118, 23, 0, 2, NULL, 1, 1, 2, 1, 'no_status', 2018, '', '', '', '', '', '2018-09-02 01:12:55', '2018-09-02 01:12:55'),
(162, 119, 20, 0, 2, NULL, 1, 2, 2, 1, 'no_status', 2018, '', '', '', '', '', '2018-09-02 01:13:11', '2018-09-02 01:13:11'),
(357, 192, 23, 0, 2, NULL, 1, 1, 2, 1, 'no_status', 2018, '', '', '', '', '', '2018-10-20 05:27:05', '2018-10-20 05:27:05'),
(164, 121, 30, 0, 2, NULL, 1, 1, 2, 1, 'no_status', 2018, '', '', '', '', '', '2018-09-02 01:18:01', '2018-10-20 02:27:36'),
(165, 124, 30, 0, 1, NULL, 1, 1, 2, 1, 'no_status', 2018, '', '', '', '', '', '2018-09-02 01:20:51', '2018-09-20 05:29:04'),
(166, 123, 32, 0, 2, NULL, 1, 2, 2, 1, 'no_status', 2018, '', '', '', '', '', '2018-09-02 01:21:33', '2018-09-02 01:21:33'),
(167, 122, 23, 0, 2, NULL, 1, 3, 2, 1, 'no_status', 2018, '', '', '', '', '', '2018-09-02 01:21:49', '2018-09-02 01:21:49'),
(168, 125, 24, 0, 2, NULL, 1, 1, 2, 1, 'no_status', 2018, '', '', '', '', '', '2018-09-02 01:25:21', '2018-09-29 20:39:30'),
(169, 126, 29, 0, 2, NULL, 1, 2, 2, 1, 'no_status', 2018, '', '', '', '', '', '2018-09-02 01:25:47', '2018-09-02 01:25:47'),
(170, 127, 29, 0, 2, NULL, 1, 1, 2, 1, 'no_status', 2018, '', '', '', '', '', '2018-09-02 01:29:03', '2018-09-02 01:29:03'),
(171, 128, 30, 0, 2, NULL, 1, 2, 2, 1, 'no_status', 2018, '', '', '', '', '', '2018-09-02 01:29:15', '2018-09-02 01:29:15'),
(172, 129, 30, 0, 1, NULL, 1, 1, 2, 1, 'no_status', 2018, '', '', '', '', '', '2018-09-02 01:32:32', '2018-09-29 20:44:44'),
(173, 130, 30, 0, 1, NULL, 1, 2, 2, 1, 'no_status', 2018, '', '', '', '', '', '2018-09-02 01:32:47', '2018-09-20 05:29:04'),
(191, 131, 22, 0, 2, NULL, 1, 4, 2, 1, 'no_status', 2018, '', '', '', '', '', '2018-09-02 02:07:51', '2019-01-05 17:48:21'),
(175, 132, 23, 0, 1, NULL, 1, 1, 1, 1, 'no_status', 2018, '', '', '', '', '', '2018-09-02 01:37:05', '2018-10-13 20:33:30'),
(176, 133, 24, 0, 1, NULL, 1, 2, 1, 1, 'no_status', 2018, '', '', '', '', '', '2018-09-02 01:37:21', '2018-09-29 18:36:19'),
(177, 134, 31, 0, 1, NULL, 1, 3, 1, 1, 'no_status', 2018, '', '', '', '', '', '2018-09-02 01:37:43', '2018-09-15 19:35:23'),
(178, 135, 30, 0, 2, NULL, 1, 1, 2, 1, 'no_status', 2018, '', '', '', '', '', '2018-09-02 01:40:31', '2018-09-02 01:40:31'),
(179, 136, 32, 0, 2, NULL, 1, 1, 2, 1, 'no_status', 2018, '', '', '', '', '', '2018-09-02 01:42:55', '2018-09-02 01:42:55'),
(180, 137, 30, 0, 2, NULL, 1, 2, 2, 1, 'no_status', 2018, '', '', '', '', '', '2018-09-02 01:43:08', '2018-09-02 01:43:08'),
(181, 138, 32, 0, 1, NULL, 1, 1, 2, 1, 'no_status', 2018, '', '', '', '', '', '2018-09-02 01:45:43', '2018-09-15 19:47:38'),
(182, 139, 32, 0, 1, NULL, 1, 2, 2, 1, 'no_status', 2018, '', '', '', '', '', '2018-09-02 01:45:57', '2018-09-15 19:47:38'),
(368, 232, 30, 0, 2, NULL, 1, 2, 2, 1, 'no_status', 2018, '', '', '', '', '', '2018-10-26 16:33:32', '2018-10-26 16:33:32'),
(365, 95, 30, 0, 3, NULL, 1, 1, 2, 1, 'no_status', 2018, '', '', '', '', '', '2018-10-26 00:00:51', '2018-10-26 00:02:41'),
(188, 143, 27, 0, 2, NULL, 1, 2, 2, 1, 'no_status', 2018, '', '', '', '', '', '2018-09-02 01:57:58', '2018-09-02 01:57:58'),
(187, 142, 32, 0, 1, NULL, 1, 1, 2, 1, 'no_status', 2018, '', '', '', '', '', '2018-09-02 01:57:38', '2018-10-13 18:36:48'),
(189, 144, 34, 0, 2, NULL, 1, 1, 2, 1, 'no_status', 2018, '', '', '', '', '', '2018-09-02 01:58:51', '2018-09-02 01:58:51'),
(190, 145, 34, 0, 2, NULL, 1, 2, 2, 1, 'no_status', 2018, '', '', '', '', '', '2018-09-02 01:59:07', '2018-09-02 01:59:07'),
(194, 147, 32, 0, 1, NULL, 2, 1, 1, 1, 'no_status', 2018, '', '', '', '', '', '2018-09-02 16:48:10', '2018-10-13 18:11:08'),
(370, 148, 38, 0, 3, NULL, 1, 3, 2, 1, 'no_status', 2018, '', '', '', '', '', '2018-10-26 18:59:17', '2018-10-26 18:59:26'),
(196, 149, 22, 0, 2, NULL, 1, 3, 2, 1, 'no_status', 2018, '', '', '', '', '', '2018-09-02 17:16:57', '2018-09-04 18:37:18'),
(199, 152, 34, 0, 1, NULL, 1, 1, 2, 1, 'no_status', 2018, '', '', '', '', '', '2018-09-06 19:00:34', '2018-09-15 19:50:32'),
(200, 153, 34, 0, 1, NULL, 1, 2, 2, 1, 'no_status', 2018, '', '', '', '', '', '2018-09-06 19:00:54', '2018-09-15 19:50:26'),
(201, 154, 32, 0, 1, NULL, 1, 1, 2, 1, 'no_status', 2018, '', '', '', '', '', '2018-09-06 19:09:08', '2018-09-29 20:44:05'),
(202, 80, 39, 0, 2, NULL, 1, 3, 2, 1, 'no_status', 2018, '', '', '', '', '', '2018-09-07 15:26:53', '2018-11-03 17:18:37'),
(209, 79, 21, 0, 2, NULL, 1, 4, 2, 1, 'no_status', 2018, '', '', '', '', '', '2018-09-07 19:33:51', '2018-09-07 19:33:51'),
(205, 157, 32, 0, 1, NULL, 1, 1, 2, 1, 'no_status', 2018, '', '', '', '', '', '2018-09-07 15:52:33', '2018-09-15 19:47:52'),
(207, 159, 30, 0, 2, NULL, 1, 1, 2, 1, 'no_status', 2018, '', '', '', '', '', '2018-09-07 15:59:58', '2018-09-07 15:59:58'),
(374, 235, 31, 0, 3, NULL, 1, 2, 2, 1, 'no_status', 2018, '', '', '', '', '', '2018-10-27 20:15:29', '2018-12-29 14:00:57'),
(326, 223, 22, 0, 2, NULL, 1, 1, 2, 1, 'no_status', 2018, '', '', '', '', '', '2018-10-13 19:55:08', '2018-10-13 19:55:08'),
(214, 162, 33, 0, 1, NULL, 1, 1, 2, 1, 'no_status', 2018, '', '', '', '', '', '2018-09-08 18:38:23', '2018-10-20 06:15:30'),
(215, 163, 30, 0, 3, NULL, 1, 2, 2, 1, 'no_status', 2018, '', '', '', '', '', '2018-09-08 18:38:45', '2018-12-29 12:22:01'),
(216, 164, 30, 0, 2, NULL, 1, 1, 1, 1, 'no_status', 2018, '', '', '', '', '', '2018-09-08 18:49:33', '2018-09-08 18:49:33'),
(217, 165, 33, 0, 3, NULL, 1, 1, 2, 1, 'no_status', 2018, '', '', '', '', '', '2018-09-08 19:23:17', '2018-12-29 09:03:42'),
(218, 166, 32, 0, 1, NULL, 1, 2, 2, 1, 'no_status', 2018, '', '', '', '', '', '2018-09-08 19:23:34', '2018-09-15 21:29:56'),
(270, 167, 31, 0, 2, NULL, 1, 1, 2, 1, 'no_status', 2018, 'O', 'S', 'S', 'S', 'S', '2018-09-20 05:21:32', '2019-01-05 07:16:57'),
(220, 168, 30, 0, 2, NULL, 1, 1, 2, 1, 'no_status', 2018, '', '', '', '', '', '2018-09-08 19:45:08', '2018-09-08 19:45:08'),
(221, 169, 29, 0, 2, NULL, 1, 1, 2, 1, 'no_status', 2018, '', '', '', '', '', '2018-09-08 20:05:55', '2018-09-08 20:05:55'),
(222, 170, 25, 0, 2, NULL, 1, 1, 1, 1, 'no_status', 2018, '', '', '', '', '', '2018-09-08 20:12:29', '2018-09-08 20:12:29'),
(223, 171, 32, 0, 1, NULL, 1, 1, 2, 1, 'no_status', 2018, '', '', '', '', '', '2018-09-08 20:19:27', '2018-09-15 19:47:38'),
(224, 172, 32, 0, 1, NULL, 1, 1, 2, 1, 'no_status', 2018, '', '', '', '', '', '2018-09-08 20:32:46', '2018-09-15 21:26:46'),
(225, 173, 30, 0, 2, NULL, 1, 1, 2, 1, 'no_status', 2018, '', '', '', '', '', '2018-09-08 20:38:44', '2018-09-08 20:38:44'),
(226, 174, 30, 0, 2, NULL, 1, 1, 2, 1, 'no_status', 2018, '', '', '', '', '', '2018-09-08 20:43:39', '2018-09-08 20:43:39'),
(227, 175, 32, 0, 1, NULL, 1, 1, 2, 1, 'no_status', 2018, '', '', '', '', '', '2018-09-08 21:08:36', '2018-09-29 18:09:15'),
(230, 178, 33, 0, 2, NULL, 1, 1, 2, 1, 'no_status', 2018, '', '', '', '', '', '2018-09-08 21:54:13', '2018-09-08 21:54:13'),
(231, 179, 31, 0, 2, NULL, 1, 2, 2, 1, 'no_status', 2018, 'N', 'S', 'S', 'S', 'S', '2018-09-08 21:54:26', '2019-01-05 07:22:52'),
(232, 180, 31, 0, 2, NULL, 1, 1, 2, 1, 'no_status', 2018, 'O', 'O', 'O', 'O', 'O', '2018-09-08 21:57:41', '2019-01-05 07:20:16'),
(233, 34, 21, 0, 2, NULL, 1, 3, 2, 1, 'no_status', 2018, '', '', '', '', '', '2018-09-10 19:51:35', '2018-09-10 19:51:35'),
(234, 35, 39, 0, 2, NULL, 1, 4, 2, 1, 'no_status', 2018, '', '', '', '', '', '2018-09-10 19:51:52', '2018-11-03 17:18:37'),
(295, 181, 31, 0, 2, NULL, 1, 5, 2, 1, 'no_status', 2018, 'S', 'S', 'O', 'S', 'S', '2018-10-02 21:12:29', '2019-01-05 07:18:22'),
(236, 166, 39, 0, 3, NULL, 1, 3, 2, 1, 'no_status', 2018, '', '', '', '', '', '2018-09-10 19:54:37', '2018-12-29 09:03:47'),
(237, 165, 39, 0, 3, NULL, 1, 4, 2, 1, 'no_status', 2018, '', '', '', '', '', '2018-09-10 19:54:48', '2018-12-29 09:03:35'),
(238, 182, 22, 0, 2, NULL, 1, 2, 2, 1, 'no_status', 2018, '', '', '', '', '', '2018-09-10 19:56:26', '2018-09-10 19:56:26'),
(239, 183, 22, 0, 2, NULL, 1, 1, 2, 1, 'no_status', 2018, '', '', '', '', '', '2018-09-10 19:59:11', '2018-09-10 19:59:11'),
(241, 184, 24, 0, 1, NULL, 1, 1, 2, 1, 'no_status', 2018, '', '', '', '', '', '2018-09-15 18:07:11', '2018-09-15 19:54:02'),
(242, 185, 24, 0, 1, NULL, 1, 2, 2, 1, 'no_status', 2018, '', '', '', '', '', '2018-09-15 18:10:11', '2018-09-29 20:41:25'),
(243, 186, 24, 0, 2, NULL, 1, 3, 1, 1, 'no_status', 2018, '', '', '', '', '', '2018-09-15 18:10:51', '2018-09-15 18:10:51'),
(244, 187, 31, 0, 2, NULL, 1, 4, 2, 1, 'no_status', 2018, 'S', 'O', 'S', 'S', 'O', '2018-09-15 18:17:21', '2019-01-05 07:12:13'),
(245, 188, 30, 0, 2, NULL, 1, 1, 2, 1, 'no_status', 2018, '', '', '', '', '', '2018-09-15 18:27:41', '2018-09-15 18:27:41'),
(246, 189, 31, 0, 2, NULL, 1, 2, 2, 1, 'no_status', 2018, 'O', 'N', 'O', 'S', 'O', '2018-09-15 18:27:56', '2019-01-05 07:21:43'),
(247, 190, 34, 0, 3, '2019-01-06', 1, 1, 2, 1, 'no_status', 2018, '', '', '', '', '', '2018-09-15 18:37:42', '2019-01-06 21:18:14'),
(248, 191, 20, 0, 1, NULL, 1, 1, 1, 1, 'no_status', 2018, '', '', '', '', '', '2018-09-15 18:51:44', '2018-10-20 21:17:40'),
(249, 192, 27, 0, 1, NULL, 1, 1, 2, 1, 'no_status', 2018, '', '', '', '', '', '2018-09-15 18:57:57', '2018-10-08 23:18:34'),
(250, 193, 33, 0, 2, NULL, 1, 1, 2, 1, 'no_status', 2018, '', '', '', '', '', '2018-09-15 19:01:23', '2018-09-15 19:01:23'),
(251, 194, 22, 0, 2, NULL, 1, 1, 2, 1, 'no_status', 2018, '', '', '', '', '', '2018-09-15 19:16:04', '2018-09-15 19:16:04'),
(252, 195, 30, 0, 3, NULL, 1, 2, 2, 1, 'no_status', 2018, '', '', '', '', '', '2018-09-15 19:30:16', '2018-10-27 17:27:15'),
(253, 196, 24, 0, 2, NULL, 1, 2, 2, 1, 'no_status', 2018, '', '', '', '', '', '2018-09-15 19:34:49', '2018-09-15 19:34:49'),
(254, 134, 32, 0, 1, NULL, 1, 3, 1, 1, 'no_status', 2018, '', '', '', '', '', '2018-09-15 19:35:23', '2018-09-29 20:44:05'),
(255, 171, 35, 0, 2, NULL, 1, 1, 2, 1, 'no_status', 2018, '', '', '', '', '', '2018-09-15 19:47:38', '2018-09-15 19:47:38'),
(256, 139, 35, 0, 2, NULL, 1, 2, 2, 1, 'no_status', 2018, '', '', '', '', '', '2018-09-15 19:47:38', '2018-09-15 19:47:38'),
(257, 138, 35, 0, 2, NULL, 1, 1, 2, 1, 'no_status', 2018, '', '', '', '', '', '2018-09-15 19:47:38', '2018-09-15 19:47:38'),
(258, 157, 33, 0, 2, NULL, 1, 1, 2, 1, 'no_status', 2018, '', '', '', '', '', '2018-09-15 19:47:52', '2018-09-15 19:47:52'),
(259, 153, 35, 0, 1, NULL, 1, 2, 2, 1, 'no_status', 2018, '', '', '', '', '', '2018-09-15 19:50:26', '2018-09-15 19:52:12'),
(260, 152, 33, 0, 3, NULL, 1, 1, 2, 1, 'no_status', 2018, '', '', '', '', '', '2018-09-15 19:50:32', '2018-10-27 19:58:46'),
(261, 197, 31, 0, 2, NULL, 1, 2, 2, 1, 'no_status', 2018, 'N', 'S', 'S', 'S', 'S', '2018-09-15 19:51:45', '2019-01-11 22:15:29'),
(262, 153, 32, 0, 1, NULL, 1, 2, 2, 1, 'no_status', 2018, '', '', '', '', '', '2018-09-15 19:52:12', '2018-09-15 21:29:56'),
(263, 184, 34, 0, 2, NULL, 1, 1, 2, 1, 'no_status', 2018, '', '', '', '', '', '2018-09-15 19:54:02', '2018-09-15 19:54:02'),
(264, 198, 31, 0, 2, NULL, 1, 2, 1, 1, 'no_status', 2018, 'O', 'S', 'S', 'S', 'S', '2018-09-15 19:57:36', '2019-01-05 07:24:36'),
(265, 200, 34, 0, 1, NULL, 1, 1, 2, 1, 'no_status', 2018, '', '', '', '', '', '2018-09-15 20:24:47', '2018-09-29 20:49:54'),
(266, 199, 34, 0, 1, NULL, 1, 2, 2, 1, 'no_status', 2018, '', '', '', '', '', '2018-09-15 20:25:05', '2018-09-29 20:49:54'),
(267, 172, 24, 0, 1, NULL, 1, 1, 2, 1, 'no_status', 2018, '', '', '', '', '', '2018-09-15 21:26:46', '2018-09-29 18:36:44'),
(268, 153, 35, 0, 1, NULL, 1, 2, 2, 1, 'no_status', 2018, '', '', '', '', '', '2018-09-15 21:29:56', '2018-09-29 18:05:06'),
(269, 166, 35, 0, 3, NULL, 1, 2, 2, 1, 'no_status', 2018, '', '', '', '', '', '2018-09-15 21:29:56', '2018-12-29 09:03:51'),
(271, 130, 31, 0, 2, NULL, 1, 2, 2, 1, 'no_status', 2018, 'O', 'O', 'O', 'O', 'O', '2018-09-20 05:29:04', '2019-01-05 07:19:58'),
(272, 124, 31, 0, 2, NULL, 1, 1, 2, 1, 'no_status', 2018, 'S', 'S', 'O', 'O', 'O', '2018-09-20 05:29:04', '2019-01-05 07:17:42'),
(273, 153, 34, 0, 3, NULL, 1, 2, 2, 1, 'no_status', 2018, '', '', '', '', '', '2018-09-29 18:05:06', '2018-10-27 19:58:41'),
(274, 70, 35, 0, 2, NULL, 1, 1, 2, 1, 'no_status', 2018, '', '', '', '', '', '2018-09-29 18:05:46', '2018-09-29 18:05:46'),
(275, 175, 35, 0, 2, NULL, 1, 1, 2, 1, 'no_status', 2018, '', '', '', '', '', '2018-09-29 18:09:15', '2018-09-29 18:09:15'),
(277, 104, 33, 0, 2, NULL, 1, 1, 1, 1, 'no_status', 2018, '', '', '', '', '', '2018-09-29 18:25:41', '2018-09-29 18:25:41'),
(278, 133, 32, 0, 2, NULL, 1, 2, 2, 1, 'no_status', 2018, '', '', '', '', '', '2018-09-29 18:36:19', '2019-01-05 17:48:33'),
(279, 172, 32, 0, 1, NULL, 1, 1, 2, 1, 'no_status', 2018, '', '', '', '', '', '2018-09-29 18:36:44', '2018-10-13 18:17:17'),
(280, 204, 33, 0, 2, NULL, 1, 1, 2, 1, 'no_status', 2018, '', '', '', '', '', '2018-09-29 19:05:20', '2018-09-29 19:05:20'),
(281, 203, 23, 0, 2, NULL, 1, 2, 2, 1, 'no_status', 2018, '', '', '', '', '', '2018-09-29 19:05:37', '2018-09-29 19:05:37'),
(282, 202, 27, 0, 2, NULL, 1, 3, 2, 1, 'no_status', 2018, '', '', '', '', '', '2018-09-29 19:06:03', '2018-09-29 19:06:03'),
(283, 113, 34, 0, 2, NULL, 1, 1, 2, 1, 'no_status', 2018, '', '', '', '', '', '2018-09-29 20:39:16', '2018-09-29 20:39:16'),
(284, 86, 34, 0, 2, NULL, 1, 1, 2, 1, 'no_status', 2018, '', '', '', '', '', '2018-09-29 20:39:16', '2018-09-29 20:39:16'),
(285, 185, 34, 0, 2, NULL, 1, 2, 2, 1, 'no_status', 2018, 'O', 'O', 'O', 'O', 'O', '2018-09-29 20:41:25', '2018-10-01 14:49:03'),
(286, 64, 34, 0, 2, NULL, 1, 1, 2, 1, 'no_status', 2018, '', '', '', '', '', '2018-09-29 20:41:25', '2018-09-29 20:41:25'),
(287, 115, 34, 0, 2, NULL, 1, 1, 2, 1, 'no_status', 2018, '', '', '', '', '', '2018-09-29 20:41:25', '2018-09-29 20:41:25'),
(288, 134, 24, 0, 2, NULL, 1, 3, 2, 1, 'no_status', 2018, '', '', '', '', '', '2018-09-29 20:44:05', '2019-01-05 17:48:10'),
(289, 56, 24, 0, 2, NULL, 1, 1, 2, 1, 'no_status', 2018, '', '', '', '', '', '2018-09-29 20:44:05', '2018-09-29 20:44:05'),
(290, 154, 24, 0, 2, NULL, 1, 1, 2, 1, 'no_status', 2018, '', '', '', '', '', '2018-09-29 20:44:05', '2018-09-29 20:44:05'),
(291, 129, 34, 0, 1, NULL, 1, 1, 2, 1, 'no_status', 2018, '', '', '', '', '', '2018-09-29 20:44:44', '2018-09-29 20:46:50'),
(292, 129, 24, 0, 2, NULL, 1, 1, 2, 1, 'no_status', 2018, '', '', '', '', '', '2018-09-29 20:46:50', '2018-09-29 20:46:50'),
(293, 199, 24, 0, 2, NULL, 1, 2, 2, 1, 'no_status', 2018, '', '', '', '', '', '2018-09-29 20:49:54', '2018-09-29 20:49:54'),
(294, 200, 24, 0, 2, NULL, 1, 1, 2, 1, 'no_status', 2018, '', '', '', '', '', '2018-09-29 20:49:54', '2018-09-29 20:49:54'),
(296, 181, 39, 0, 2, NULL, 1, 6, 2, 1, 'no_status', 2018, '', '', '', '', '', '2018-10-02 21:12:41', '2018-11-03 17:18:37'),
(297, 205, 31, 0, 2, NULL, 1, 1, 2, 1, 'no_status', 2018, 'O', 'O', 'O', 'O', 'O', '2018-10-02 21:18:14', '2019-01-05 07:22:05'),
(298, 206, 31, 0, 3, NULL, 1, 1, 1, 1, 'no_status', 2018, '', '', '', '', '', '2018-10-02 21:32:18', '2018-12-29 09:13:02'),
(299, 207, 32, 0, 2, NULL, 2, 1, 2, 1, 'no_status', 2018, '', '', '', '', '', '2018-10-03 00:23:25', '2018-10-03 00:23:25'),
(300, 208, 32, 0, 1, NULL, 2, 2, 2, 1, 'no_status', 2018, '', '', '', '', '', '2018-10-03 00:23:42', '2018-10-13 18:17:17'),
(301, 209, 33, 0, 2, NULL, 2, 1, 2, 1, 'no_status', 2018, '', '', '', '', '', '2018-10-03 00:29:20', '2018-10-03 00:29:20'),
(302, 210, 31, 0, 2, NULL, 2, 2, 2, 1, 'no_status', 2018, 'O', 'O', 'O', 'O', 'O', '2018-10-03 00:29:37', '2019-01-05 07:13:23'),
(303, 211, 35, 0, 2, NULL, 2, 1, 2, 1, 'no_status', 2018, '', '', '', '', '', '2018-10-03 00:32:36', '2018-10-03 00:32:36'),
(304, 213, 24, 0, 2, NULL, 2, 1, 2, 1, 'no_status', 2018, '', '', '', '', '', '2018-10-03 00:36:43', '2018-10-03 00:36:43'),
(305, 212, 32, 0, 2, NULL, 2, 2, 2, 1, 'no_status', 2018, '', '', '', '', '', '2018-10-03 00:37:05', '2018-10-03 00:37:05'),
(306, 201, 32, 0, 1, NULL, 1, 1, 1, 1, 'no_status', 2018, '', '', '', '', '', '2018-10-03 01:17:20', '2018-10-08 23:11:16'),
(307, 201, 35, 0, 2, NULL, 1, 1, 1, 1, 'no_status', 2018, '', '', '', '', '', '2018-10-08 23:11:16', '2018-10-08 23:11:16'),
(308, 105, 29, 0, 2, NULL, 1, 2, 1, 1, 'no_status', 2018, '', '', '', '', '', '2018-10-08 23:14:45', '2018-10-08 23:14:45'),
(309, 192, 29, 0, 1, NULL, 1, 1, 2, 1, 'no_status', 2018, '', '', '', '', '', '2018-10-08 23:18:34', '2018-10-20 01:32:43'),
(312, 214, 32, 0, 3, NULL, 1, 1, 2, 1, 'no_status', 2018, '', '', '', '', '', '2018-10-12 15:01:23', '2018-12-15 17:08:31'),
(313, 147, 34, 0, 2, NULL, 1, 1, 1, 1, 'no_status', 2018, '', '', '', '', '', '2018-10-13 18:11:08', '2018-10-13 18:11:08'),
(314, 208, 34, 0, 2, NULL, 2, 2, 2, 1, 'no_status', 2018, '', '', '', '', '', '2018-10-13 18:17:17', '2018-11-25 06:36:52'),
(315, 172, 34, 0, 2, NULL, 1, 1, 2, 1, 'no_status', 2018, '', '', '', '', '', '2018-10-13 18:17:17', '2018-10-13 18:17:17'),
(316, 142, 34, 0, 2, NULL, 1, 1, 2, 1, 'no_status', 2018, '', '', '', '', '', '2018-10-13 18:36:48', '2018-10-13 18:36:48'),
(317, 215, 24, 0, 2, NULL, 1, 1, 2, 1, 'no_status', 2018, '', '', '', '', '', '2018-10-13 19:21:01', '2018-10-13 19:21:01'),
(318, 216, 35, 0, 2, NULL, 1, 1, 2, 1, 'no_status', 2018, '', '', '', '', '', '2018-10-13 19:27:07', '2018-10-13 19:27:07'),
(319, 217, 33, 0, 2, NULL, 1, 2, 2, 1, 'no_status', 2018, '', '', '', '', '', '2018-10-13 19:27:26', '2018-10-13 19:27:26'),
(320, 218, 24, 0, 2, NULL, 1, 3, 2, 1, 'no_status', 2018, '', '', '', '', '', '2018-10-13 19:27:41', '2018-10-13 19:27:41'),
(321, 219, 31, 0, 2, NULL, 1, 4, 2, 1, 'no_status', 2018, 'N', 'S', 'S', 'S', 'S', '2018-10-13 19:27:54', '2019-01-05 07:23:24'),
(322, 220, 20, 0, 2, NULL, 2, 1, 2, 1, 'no_status', 2018, '', '', '', '', '', '2018-10-13 19:40:23', '2018-10-13 19:40:23'),
(323, 221, 22, 0, 2, NULL, 1, 1, 2, 1, 'no_status', 2018, '', '', '', '', '', '2018-10-13 19:44:58', '2018-10-13 19:44:58'),
(324, 222, 22, 0, 2, NULL, 1, 2, 2, 1, 'no_status', 2018, '', '', '', '', '', '2018-10-13 19:45:13', '2018-10-13 19:45:13'),
(325, 71, 32, 0, 2, NULL, 1, 3, 2, 1, 'no_status', 2018, '', '', '', '', '', '2018-10-13 19:48:16', '2018-10-13 19:48:16'),
(327, 223, 21, 0, 2, NULL, 1, 2, 2, 1, 'no_status', 2018, '', '', '', '', '', '2018-10-13 19:55:23', '2018-10-13 19:55:23'),
(328, 178, 39, 0, 2, NULL, 1, 3, 2, 1, 'no_status', 2018, '', '', '', '', '', '2018-10-13 20:12:35', '2018-11-03 17:18:37'),
(329, 179, 39, 0, 2, NULL, 1, 4, 2, 1, 'no_status', 2018, '', '', '', '', '', '2018-10-13 20:13:04', '2018-11-03 17:18:37'),
(330, 132, 27, 0, 1, NULL, 1, 1, 1, 1, 'no_status', 2018, '', '', '', '', '', '2018-10-13 20:33:30', '2018-10-20 01:34:49'),
(377, 238, 34, 0, 2, NULL, 1, 2, 2, 1, 'no_status', 2018, '', '', '', '', '', '2018-10-27 20:44:45', '2018-10-27 20:44:45'),
(356, 228, 32, 0, 1, NULL, 1, 3, 2, 1, 'no_status', 2018, '', '', '', '', '', '2018-10-20 02:26:04', '2018-11-03 19:18:54'),
(375, 236, 31, 0, 3, NULL, 1, 1, 2, 1, 'no_status', 2018, '', '', '', '', '', '2018-10-27 20:19:43', '2018-12-29 09:10:14'),
(366, 120, 32, 0, 2, NULL, 1, 2, 2, 1, 'no_status', 2018, '', '', '', '', '', '2018-10-26 00:37:08', '2018-10-26 00:37:08'),
(367, 231, 32, 0, 2, NULL, 1, 1, 2, 1, 'no_status', 2018, '', '', '', '', '', '2018-10-26 16:33:21', '2018-10-26 16:33:21'),
(373, 234, 24, 0, 3, NULL, 1, 1, 2, 1, 'no_status', 2018, '', '', '', '', '', '2018-10-27 20:15:13', '2018-12-29 14:00:53'),
(371, 230, 23, 0, 2, NULL, 1, 2, 2, 1, 'no_status', 2018, '', '', '', '', '', '2018-10-27 02:52:13', '2018-10-27 02:52:13'),
(376, 237, 35, 0, 2, NULL, 1, 1, 2, 1, 'no_status', 2018, '', '', '', '', '', '2018-10-27 20:44:27', '2018-10-27 20:44:27'),
(362, 229, 30, 0, 2, NULL, 1, 3, 2, 1, 'no_status', 2018, '', '', '', '', '', '2018-10-20 18:16:49', '2018-10-20 18:16:49'),
(352, 192, 27, 0, 1, NULL, 1, 1, 2, 1, 'no_status', 2018, '', '', '', '', '', '2018-10-20 01:32:43', '2018-10-20 05:27:05'),
(353, 132, 29, 0, 2, NULL, 1, 1, 2, 1, 'no_status', 2018, '', '', '', '', '', '2018-10-20 01:34:49', '2019-01-05 17:48:15'),
(354, 224, 33, 0, 2, NULL, 1, 1, 2, 1, 'no_status', 2018, '', '', '', '', '', '2018-10-20 02:14:52', '2018-10-20 02:14:52'),
(355, 225, 23, 0, 2, NULL, 1, 2, 2, 1, 'no_status', 2018, '', '', '', '', '', '2018-10-20 02:21:13', '2018-10-20 02:25:49'),
(358, 103, 23, 0, 2, NULL, 1, 3, 1, 1, 'no_status', 2018, '', '', '', '', '', '2018-10-20 05:28:13', '2018-10-20 05:28:13'),
(359, 162, 34, 0, 3, NULL, 1, 1, 2, 1, 'no_status', 2018, '', '', '', '', '', '2018-10-20 06:15:30', '2018-12-29 12:21:26'),
(360, 161, 33, 0, 2, NULL, 1, 3, 2, 1, 'no_status', 2018, '', '', '', '', '', '2018-10-20 06:33:33', '2018-10-27 17:38:05'),
(378, 239, 24, 0, 2, NULL, 2, 1, 2, 1, 'no_status', 2018, '', '', '', '', '', '2018-10-27 20:48:52', '2018-10-27 20:48:52'),
(379, 240, 23, 0, 2, NULL, 2, 1, 2, 1, 'no_status', 2018, '', '', '', '', '', '2018-10-27 21:10:04', '2018-10-27 21:10:04'),
(380, 241, 23, 0, 2, NULL, 2, 2, 2, 1, 'no_status', 2018, '', '', '', '', '', '2018-10-27 21:10:17', '2018-10-27 21:10:17'),
(381, 242, 29, 0, 2, NULL, 2, 1, 2, 1, 'no_status', 2018, '', '', '', '', '', '2018-10-27 21:23:40', '2018-10-27 21:23:40'),
(382, 243, 34, 0, 2, NULL, 1, 1, 2, 1, 'no_status', 2018, '', '', '', '', '', '2018-10-27 21:31:55', '2018-10-27 21:31:55'),
(383, 244, 34, 0, 2, NULL, 1, 2, 2, 1, 'no_status', 2018, '', '', '', '', '', '2018-10-27 21:32:11', '2018-10-27 21:32:11'),
(385, 246, 33, 0, 2, NULL, 1, 1, 2, 1, 'no_status', 2018, '', '', '', '', '', '2018-11-03 18:30:27', '2018-11-03 18:30:27'),
(386, 247, 33, 0, 2, NULL, 1, 1, 2, 1, 'no_status', 2018, '', '', '', '', '', '2018-11-03 18:37:37', '2018-11-03 18:37:37'),
(387, 248, 32, 0, 2, NULL, 1, 2, 2, 1, 'no_status', 2018, '', '', '', '', '', '2018-11-03 18:38:04', '2018-11-03 18:38:04'),
(388, 228, 34, 0, 2, NULL, 1, 3, 2, 1, 'no_status', 2018, '', '', '', '', '', '2018-11-03 19:18:54', '2018-11-03 19:18:54'),
(391, 247, 21, 0, 2, NULL, 1, 2, 2, 1, 'no_status', 2018, '', '', '', '', '', '2018-11-03 20:55:06', '2018-12-29 16:44:07'),
(390, 248, 39, 0, 2, NULL, 1, 2, 2, 1, 'no_status', 2018, '', '', '', '', '', '2018-11-03 20:54:14', '2018-11-03 20:54:14'),
(392, 145, 39, 0, 2, NULL, 1, 2, 2, 1, 'no_status', 2018, '', '', '', '', '', '2018-11-09 21:13:36', '2018-11-09 21:13:36'),
(393, 144, 39, 0, 2, NULL, 1, 2, 2, 1, 'no_status', 2018, '', '', '', '', '', '2018-11-09 21:13:53', '2018-11-09 21:13:53'),
(394, 249, 22, 0, 2, NULL, 1, 3, 2, 1, 'no_status', 2018, '', '', '', '', '', '2018-11-10 20:00:50', '2018-11-10 20:00:50'),
(395, 251, 34, 0, 2, NULL, 1, 1, 2, 1, 'no_status', 2018, '', '', '', '', '', '2018-11-10 20:10:04', '2018-11-10 20:10:04'),
(396, 252, 31, 0, 2, NULL, 1, 1, 2, 1, 'no_status', 2018, 'S', 'S', 'S', 'S', 'S', '2018-11-11 05:40:44', '2019-01-05 07:19:05'),
(397, 43, 21, 0, 2, NULL, 1, 2, 2, 1, 'no_status', 2018, '', '', '', '', '', '2018-11-13 16:06:36', '2018-11-13 16:06:36'),
(398, 44, 21, 0, 2, NULL, 1, 2, 2, 1, 'no_status', 2018, '', '', '', '', '', '2018-11-13 16:06:49', '2018-11-13 16:06:49'),
(399, 180, 39, 0, 2, NULL, 1, 1, 2, 1, 'no_status', 2018, '', '', '', '', '', '2018-11-13 16:16:42', '2018-11-13 16:16:42'),
(400, 253, 30, 0, 2, NULL, 1, 1, 2, 1, 'no_status', 2018, '', '', '', '', '', '2018-11-17 19:20:33', '2018-11-17 19:28:11'),
(401, 254, 27, 0, 2, NULL, 2, 1, 2, 1, 'no_status', 2018, '', '', '', '', '', '2018-11-17 19:51:26', '2018-11-17 20:02:04'),
(402, 255, 35, 0, 2, NULL, 2, 2, 2, 1, 'no_status', 2018, '', '', '', '', '', '2018-11-17 20:01:45', '2018-11-17 20:01:45'),
(404, 213, 39, 0, 2, NULL, 1, 2, 2, 1, 'no_status', 2018, '', '', '', '', '', '2018-11-25 17:10:28', '2018-11-25 17:11:37'),
(405, 212, 39, 0, 2, NULL, 1, 2, 2, 1, 'no_status', 2018, '', '', '', '', '', '2018-11-25 17:10:39', '2018-11-25 17:11:44'),
(406, 256, 23, 0, 2, NULL, 1, 2, 2, 1, 'no_status', 2018, '', '', '', '', '', '2018-12-01 18:19:15', '2018-12-01 18:19:15'),
(407, 257, 35, 0, 1, NULL, 1, 1, 1, 1, 'no_status', 2018, '', '', '', '', '', '2018-12-01 20:51:20', '2018-12-15 18:15:21'),
(408, 258, 32, 0, 2, NULL, 1, 1, 2, 1, 'no_status', 2018, '', '', '', '', '', '2018-12-01 21:13:26', '2018-12-01 21:17:27'),
(409, 259, 30, 0, 2, NULL, 1, 2, 2, 1, 'no_status', 2018, '', '', '', '', '', '2018-12-01 21:13:26', '2018-12-01 21:17:06'),
(410, 260, 31, 0, 2, NULL, 1, 1, 2, 1, 'no_status', 2018, 'O', 'O', 'O', 'S', 'O', '2018-12-15 17:07:13', '2019-01-05 07:15:02'),
(411, 261, 30, 0, 2, NULL, 1, 2, 2, 1, 'no_status', 2018, '', '', '', '', '', '2018-12-15 17:07:32', '2018-12-15 17:07:32'),
(412, 257, 33, 0, 2, NULL, 1, 1, 1, 1, 'no_status', 2018, '', '', '', '', '', '2018-12-15 18:15:21', '2018-12-15 18:15:21'),
(413, 262, 20, 0, 2, NULL, 1, 1, 1, 1, 'no_status', 2018, '', '', '', '', '', '2018-12-15 19:00:52', '2018-12-15 19:00:52'),
(414, 263, 22, 0, 2, NULL, 1, 3, 2, 1, 'no_status', 2018, '', '', '', '', '', '2018-12-16 21:03:01', '2018-12-16 21:03:01'),
(415, 95, 30, 0, 3, NULL, 1, 1, 2, 1, 'no_status', 2018, '', '', '', '', '', '2018-12-20 16:22:05', '2018-12-29 09:36:50'),
(417, 264, 34, 0, 2, NULL, 1, 1, 2, 1, 'no_status', 2018, '', '', '', '', '', '2018-12-22 17:41:44', '2018-12-22 17:41:44'),
(418, 165, 33, 0, 2, NULL, 1, 1, 2, 1, 'no_status', 2018, '', '', '', '', '', '2018-12-29 19:59:45', '2018-12-29 19:59:45'),
(419, 165, 39, 0, 2, NULL, 1, 1, 2, 1, 'no_status', 2018, '', '', '', '', '', '2018-12-29 19:59:57', '2018-12-29 19:59:57'),
(420, 166, 35, 0, 2, NULL, 1, 2, 2, 1, 'no_status', 2018, '', '', '', '', '', '2018-12-29 20:00:56', '2018-12-29 20:00:56'),
(421, 166, 39, 0, 2, NULL, 1, 2, 2, 1, 'no_status', 2018, '', '', '', '', '', '2018-12-29 20:01:11', '2018-12-29 20:01:11'),
(422, 265, 34, 0, 2, NULL, 1, 1, 1, 1, 'no_status', 2018, 'S', 'S', 'S', 'S', 'S', '2019-01-05 19:02:55', '2019-01-11 20:41:18'),
(423, 266, 34, 0, 2, NULL, 1, 2, 1, 1, 'no_status', 2018, '', '', '', '', '', '2019-01-05 19:02:55', '2019-01-05 19:04:39'),
(424, 267, 33, 0, 2, NULL, 1, 1, 1, 1, 'no_status', 2018, '', '', '', '', '', '2019-01-05 19:09:37', '2019-01-05 19:09:37'),
(425, 268, 30, 0, 2, NULL, 1, 2, 2, 1, 'no_status', 2018, '', '', '', '', '', '2019-01-05 19:09:37', '2019-01-05 19:11:36'),
(426, 190, 34, 0, 3, '2019-01-06', 1, 1, 2, 1, 'no_status', 2018, '', '', '', '', '', '2019-01-06 22:57:28', '2019-01-06 22:58:50');

-- --------------------------------------------------------

--
-- Table structure for table `student_payment_months`
--

DROP TABLE IF EXISTS `student_payment_months`;
CREATE TABLE IF NOT EXISTS `student_payment_months` (
  `id` int(11) NOT NULL AUTO_INCREMENT,
  `student_payment_id` int(11) NOT NULL,
  `month_name` varchar(255) NOT NULL,
  `created_at` datetime NOT NULL,
  `updated_at` datetime NOT NULL,
  PRIMARY KEY (`id`)
) ENGINE=MyISAM AUTO_INCREMENT=1032 DEFAULT CHARSET=utf8;

--
-- Dumping data for table `student_payment_months`
--

INSERT INTO `student_payment_months` (`id`, `student_payment_id`, `month_name`, `created_at`, `updated_at`) VALUES
(61, 38, 'April', '2018-07-05 08:06:06', '2018-07-05 08:06:06'),
(60, 38, 'January', '2018-07-05 08:06:06', '2018-07-05 08:06:06'),
(63, 35, 'April', '2018-08-02 06:17:54', '2018-08-02 06:17:54'),
(62, 35, 'January', '2018-08-02 06:17:54', '2018-08-02 06:17:54'),
(64, 42, 'January', '2018-08-02 07:31:46', '2018-08-02 07:31:46'),
(65, 42, 'April', '2018-08-02 07:31:46', '2018-08-02 07:31:46'),
(78, 50, 'September', '2018-10-20 06:47:33', '2018-10-20 06:47:33'),
(106, 47, 'September', '2018-10-20 17:49:42', '2018-10-20 17:49:42'),
(79, 51, 'September', '2018-10-20 06:52:36', '2018-10-20 06:52:36'),
(80, 52, 'October', '2018-10-20 06:53:15', '2018-10-20 06:53:15'),
(81, 52, 'November', '2018-10-20 06:53:15', '2018-10-20 06:53:15'),
(82, 53, 'September', '2018-10-20 06:53:51', '2018-10-20 06:53:51'),
(83, 54, 'October', '2018-10-20 06:54:19', '2018-10-20 06:54:19'),
(84, 54, 'November', '2018-10-20 06:54:19', '2018-10-20 06:54:19'),
(85, 57, 'September', '2018-10-20 06:56:01', '2018-10-20 06:56:01'),
(86, 60, 'September', '2018-10-20 06:57:44', '2018-10-20 06:57:44'),
(87, 63, 'September', '2018-10-20 06:59:27', '2018-10-20 06:59:27'),
(88, 66, 'September', '2018-10-20 07:00:41', '2018-10-20 07:00:41'),
(89, 69, 'September', '2018-10-20 07:04:17', '2018-10-20 07:04:17'),
(90, 72, 'September', '2018-10-20 07:05:54', '2018-10-20 07:05:54'),
(91, 75, 'September', '2018-10-20 07:07:46', '2018-10-20 07:07:46'),
(92, 78, 'September', '2018-10-20 07:08:39', '2018-10-20 07:08:39'),
(93, 81, 'September', '2018-10-20 07:10:15', '2018-10-20 07:10:15'),
(94, 84, 'September', '2018-10-20 07:11:10', '2018-10-20 07:11:10'),
(95, 87, 'September', '2018-10-20 07:12:46', '2018-10-20 07:12:46'),
(96, 96, 'September', '2018-10-20 07:17:01', '2018-10-20 07:17:01'),
(97, 99, 'September', '2018-10-20 07:18:16', '2018-10-20 07:18:16'),
(98, 102, 'September', '2018-10-20 07:19:07', '2018-10-20 07:19:07'),
(99, 111, 'September', '2018-10-20 07:27:42', '2018-10-20 07:27:42'),
(100, 114, 'September', '2018-10-20 07:28:32', '2018-10-20 07:28:32'),
(101, 117, 'September', '2018-10-20 07:31:54', '2018-10-20 07:31:54'),
(102, 120, 'September', '2018-10-20 07:32:54', '2018-10-20 07:32:54'),
(103, 123, 'September', '2018-10-20 07:34:43', '2018-10-20 07:34:43'),
(104, 126, 'September', '2018-10-20 07:35:58', '2018-10-20 07:35:58'),
(105, 129, 'September', '2018-10-20 07:36:51', '2018-10-20 07:36:51'),
(107, 132, 'September', '2018-10-25 21:54:17', '2018-10-25 21:54:17'),
(108, 136, 'September', '2018-10-25 21:56:53', '2018-10-25 21:56:53'),
(109, 139, 'September', '2018-10-25 21:59:09', '2018-10-25 21:59:09'),
(110, 142, 'September', '2018-10-25 22:00:26', '2018-10-25 22:00:26'),
(111, 149, 'September', '2018-10-25 22:15:10', '2018-10-25 22:15:10'),
(112, 152, 'September', '2018-10-25 22:16:31', '2018-10-25 22:16:31'),
(113, 155, 'September', '2018-10-25 22:17:35', '2018-10-25 22:17:35'),
(114, 158, 'September', '2018-10-25 22:20:27', '2018-10-25 22:20:27'),
(115, 161, 'September', '2018-10-25 22:21:54', '2018-10-25 22:21:54'),
(116, 164, 'September', '2018-10-25 22:23:10', '2018-10-25 22:23:10'),
(117, 167, 'September', '2018-10-25 22:24:49', '2018-10-25 22:24:49'),
(118, 170, 'September', '2018-10-25 22:26:59', '2018-10-25 22:26:59'),
(119, 173, 'September', '2018-10-25 22:28:14', '2018-10-25 22:28:14'),
(120, 178, 'September', '2018-10-25 22:33:04', '2018-10-25 22:33:04'),
(121, 181, 'September', '2018-10-25 22:34:54', '2018-10-25 22:34:54'),
(122, 184, 'September', '2018-10-25 22:35:54', '2018-10-25 22:35:54'),
(123, 187, 'September', '2018-10-25 22:37:25', '2018-10-25 22:37:25'),
(124, 194, 'September', '2018-10-25 22:43:41', '2018-10-25 22:43:41'),
(125, 197, 'September', '2018-10-25 22:44:58', '2018-10-25 22:44:58'),
(126, 200, 'September', '2018-10-25 23:59:21', '2018-10-25 23:59:21'),
(127, 203, 'September', '2018-10-26 00:02:22', '2018-10-26 00:02:22'),
(128, 206, 'September', '2018-10-26 00:04:11', '2018-10-26 00:04:11'),
(129, 209, 'September', '2018-10-26 00:06:01', '2018-10-26 00:06:01'),
(130, 212, 'September', '2018-10-26 00:07:39', '2018-10-26 00:07:39'),
(131, 215, 'September', '2018-10-26 00:09:09', '2018-10-26 00:09:09'),
(132, 218, 'September', '2018-10-26 00:10:40', '2018-10-26 00:10:40'),
(133, 221, 'September', '2018-10-26 00:11:31', '2018-10-26 00:11:31'),
(134, 224, 'September', '2018-10-26 00:13:20', '2018-10-26 00:13:20'),
(135, 227, 'September', '2018-10-26 00:15:32', '2018-10-26 00:15:32'),
(136, 230, 'September', '2018-10-26 00:16:55', '2018-10-26 00:16:55'),
(137, 234, 'September', '2018-10-26 00:19:47', '2018-10-26 00:19:47'),
(138, 237, 'September', '2018-10-26 00:21:45', '2018-10-26 00:21:45'),
(139, 240, 'September', '2018-10-26 00:23:05', '2018-10-26 00:23:05'),
(173, 241, 'September', '2018-11-02 20:32:56', '2018-11-02 20:32:56'),
(174, 242, 'September', '2018-11-02 20:33:12', '2018-11-02 20:33:12'),
(142, 245, 'September', '2018-10-26 00:26:32', '2018-10-26 00:26:32'),
(143, 248, 'September', '2018-10-26 00:27:57', '2018-10-26 00:27:57'),
(144, 251, 'September', '2018-10-26 00:30:01', '2018-10-26 00:30:01'),
(145, 254, 'September', '2018-10-26 00:31:21', '2018-10-26 00:31:21'),
(146, 257, 'September', '2018-10-26 00:32:14', '2018-10-26 00:32:14'),
(147, 261, 'September', '2018-10-26 00:34:45', '2018-10-26 00:34:45'),
(148, 264, 'September', '2018-10-26 00:36:05', '2018-10-26 00:36:05'),
(149, 267, 'September', '2018-10-26 00:38:19', '2018-10-26 00:38:19'),
(150, 270, 'September', '2018-10-26 00:49:06', '2018-10-26 00:49:06'),
(151, 272, 'September', '2018-10-26 00:49:46', '2018-10-26 00:49:46'),
(152, 276, 'September', '2018-10-26 00:51:01', '2018-10-26 00:51:01'),
(153, 279, 'September', '2018-10-26 00:53:28', '2018-10-26 00:53:28'),
(154, 282, 'September', '2018-10-26 19:17:30', '2018-10-26 19:17:30'),
(155, 286, 'September', '2018-10-26 19:20:06', '2018-10-26 19:20:06'),
(156, 289, 'September', '2018-10-26 19:21:02', '2018-10-26 19:21:02'),
(157, 292, 'September', '2018-10-26 19:22:17', '2018-10-26 19:22:17'),
(158, 295, 'September', '2018-10-26 19:24:41', '2018-10-26 19:24:41'),
(159, 298, 'September', '2018-10-26 19:25:38', '2018-10-26 19:25:38'),
(160, 305, 'September', '2018-10-26 19:31:42', '2018-10-26 19:31:42'),
(161, 308, 'September', '2018-10-26 19:33:55', '2018-10-26 19:33:55'),
(162, 312, 'September', '2018-10-26 19:36:37', '2018-10-26 19:36:37'),
(163, 315, 'September', '2018-10-26 19:37:29', '2018-10-26 19:37:29'),
(164, 318, 'September', '2018-10-26 19:39:27', '2018-10-26 19:39:27'),
(165, 321, 'September', '2018-10-26 19:40:22', '2018-10-26 19:40:22'),
(166, 324, 'September', '2018-10-26 19:44:30', '2018-10-26 19:44:30'),
(167, 327, 'September', '2018-10-26 19:45:48', '2018-10-26 19:45:48'),
(168, 331, 'September', '2018-10-26 19:48:46', '2018-10-26 19:48:46'),
(169, 334, 'September', '2018-10-26 19:50:00', '2018-10-26 19:50:00'),
(170, 339, 'September', '2018-11-02 18:03:24', '2018-11-02 18:03:24'),
(171, 342, 'September', '2018-11-02 18:04:25', '2018-11-02 18:04:25'),
(172, 345, 'September', '2018-11-02 18:05:29', '2018-11-02 18:05:29'),
(175, 357, 'September', '2018-11-03 19:30:45', '2018-11-03 19:30:45'),
(176, 360, 'September', '2018-11-08 23:03:04', '2018-11-08 23:03:04'),
(177, 363, 'September', '2018-11-08 23:04:58', '2018-11-08 23:04:58'),
(178, 366, 'September', '2018-11-08 23:07:23', '2018-11-08 23:07:23'),
(179, 369, 'September', '2018-11-08 23:09:05', '2018-11-08 23:09:05'),
(180, 372, 'September', '2018-11-08 23:11:45', '2018-11-08 23:11:45'),
(181, 375, 'September', '2018-11-08 23:13:01', '2018-11-08 23:13:01'),
(182, 379, 'September', '2018-11-08 23:16:36', '2018-11-08 23:16:36'),
(183, 382, 'September', '2018-11-08 23:19:51', '2018-11-08 23:19:51'),
(184, 385, 'September', '2018-11-08 23:20:43', '2018-11-08 23:20:43'),
(185, 388, 'September', '2018-11-08 23:22:19', '2018-11-08 23:22:19'),
(186, 391, 'September', '2018-11-08 23:24:25', '2018-11-08 23:24:25'),
(187, 394, 'September', '2018-11-08 23:25:59', '2018-11-08 23:25:59'),
(189, 400, 'September', '2018-11-08 23:29:12', '2018-11-08 23:29:12'),
(190, 403, 'September', '2018-11-08 23:30:13', '2018-11-08 23:30:13'),
(610, 404, 'September', '2018-11-30 20:16:39', '2018-11-30 20:16:39'),
(192, 406, 'September', '2018-11-08 23:33:32', '2018-11-08 23:33:32'),
(193, 409, 'September', '2018-11-08 23:34:59', '2018-11-08 23:34:59'),
(194, 412, 'September', '2018-11-08 23:36:40', '2018-11-08 23:36:40'),
(195, 415, 'September', '2018-11-08 23:38:00', '2018-11-08 23:38:00'),
(196, 418, 'September', '2018-11-08 23:39:56', '2018-11-08 23:39:56'),
(197, 421, 'September', '2018-11-08 23:40:44', '2018-11-08 23:40:44'),
(198, 424, 'September', '2018-11-08 23:42:13', '2018-11-08 23:42:13'),
(199, 427, 'September', '2018-11-08 23:43:05', '2018-11-08 23:43:05'),
(200, 428, 'September', '2018-11-08 23:45:38', '2018-11-08 23:45:38'),
(201, 429, 'September', '2018-11-08 23:46:05', '2018-11-08 23:46:05'),
(202, 430, 'September', '2018-11-08 23:46:32', '2018-11-08 23:46:32'),
(203, 436, 'September', '2018-11-09 21:03:28', '2018-11-09 21:03:28'),
(204, 439, 'September', '2018-11-09 21:05:09', '2018-11-09 21:05:09'),
(205, 442, 'September', '2018-11-09 21:07:51', '2018-11-09 21:07:51'),
(206, 446, 'September', '2018-11-09 21:14:37', '2018-11-09 21:14:37'),
(207, 447, 'September', '2018-11-09 21:17:16', '2018-11-09 21:17:16'),
(390, 450, 'September', '2018-11-25 06:46:01', '2018-11-25 06:46:01'),
(209, 453, 'September', '2018-11-10 02:01:23', '2018-11-10 02:01:23'),
(210, 456, 'September', '2018-11-10 02:02:12', '2018-11-10 02:02:12'),
(213, 459, 'September', '2018-11-10 02:13:35', '2018-11-10 02:13:35'),
(212, 468, 'September', '2018-11-10 02:08:52', '2018-11-10 02:08:52'),
(214, 477, 'September', '2018-11-10 02:21:14', '2018-11-10 02:21:14'),
(215, 479, 'September', '2018-11-10 02:22:27', '2018-11-10 02:22:27'),
(216, 482, 'September', '2018-11-10 02:23:57', '2018-11-10 02:23:57'),
(217, 487, 'September', '2018-11-10 02:27:00', '2018-11-10 02:27:00'),
(218, 494, 'September', '2018-11-10 02:38:15', '2018-11-10 02:38:15'),
(219, 499, 'September', '2018-11-10 02:45:35', '2018-11-10 02:45:35'),
(220, 502, 'September', '2018-11-10 02:46:17', '2018-11-10 02:46:17'),
(221, 509, 'September', '2018-11-13 15:52:09', '2018-11-13 15:52:09'),
(223, 517, 'September', '2018-11-13 16:00:27', '2018-11-13 16:00:27'),
(710, 520, 'October', '2018-12-21 16:50:15', '2018-12-21 16:50:15'),
(227, 521, 'October', '2018-11-13 16:04:07', '2018-11-13 16:04:07'),
(228, 522, 'September', '2018-11-13 16:07:35', '2018-11-13 16:07:35'),
(229, 523, 'September', '2018-11-13 16:08:06', '2018-11-13 16:08:06'),
(230, 524, 'October', '2018-11-13 16:08:57', '2018-11-13 16:08:57'),
(231, 525, 'October', '2018-11-13 16:09:27', '2018-11-13 16:09:27'),
(232, 527, 'October', '2018-11-13 16:10:52', '2018-11-13 16:10:52'),
(233, 527, 'November', '2018-11-13 16:10:52', '2018-11-13 16:10:52'),
(234, 529, 'October', '2018-11-13 16:13:41', '2018-11-13 16:13:41'),
(235, 532, 'October', '2018-11-13 16:15:34', '2018-11-13 16:15:34'),
(485, 533, 'October', '2018-11-25 16:35:24', '2018-11-25 16:35:24'),
(237, 540, 'October', '2018-11-14 19:34:42', '2018-11-14 19:34:42'),
(238, 540, 'November', '2018-11-14 19:34:42', '2018-11-14 19:34:42'),
(239, 541, 'October', '2018-11-14 19:35:35', '2018-11-14 19:35:35'),
(240, 541, 'November', '2018-11-14 19:35:35', '2018-11-14 19:35:35'),
(241, 542, 'October', '2018-11-14 19:35:59', '2018-11-14 19:35:59'),
(242, 542, 'November', '2018-11-14 19:35:59', '2018-11-14 19:35:59'),
(243, 544, 'October', '2018-11-14 19:38:57', '2018-11-14 19:38:57'),
(244, 544, 'November', '2018-11-14 19:38:57', '2018-11-14 19:38:57'),
(245, 545, 'October', '2018-11-14 19:39:19', '2018-11-14 19:39:19'),
(246, 545, 'November', '2018-11-14 19:39:19', '2018-11-14 19:39:19'),
(991, 546, 'November', '2019-01-06 22:47:51', '2019-01-06 22:47:51'),
(990, 546, 'October', '2019-01-06 22:47:51', '2019-01-06 22:47:51'),
(249, 547, 'October', '2018-11-14 19:48:43', '2018-11-14 19:48:43'),
(250, 547, 'November', '2018-11-14 19:48:43', '2018-11-14 19:48:43'),
(251, 548, 'October', '2018-11-14 19:50:03', '2018-11-14 19:50:03'),
(252, 548, 'November', '2018-11-14 19:50:03', '2018-11-14 19:50:03'),
(253, 549, 'October', '2018-11-14 19:52:24', '2018-11-14 19:52:24'),
(254, 549, 'November', '2018-11-14 19:52:24', '2018-11-14 19:52:24'),
(255, 550, 'October', '2018-11-14 19:53:10', '2018-11-14 19:53:10'),
(256, 550, 'November', '2018-11-14 19:53:10', '2018-11-14 19:53:10'),
(257, 551, 'October', '2018-11-14 19:56:16', '2018-11-14 19:56:16'),
(258, 551, 'November', '2018-11-14 19:56:16', '2018-11-14 19:56:16'),
(259, 552, 'October', '2018-11-14 19:56:41', '2018-11-14 19:56:41'),
(260, 552, 'November', '2018-11-14 19:56:41', '2018-11-14 19:56:41'),
(261, 553, 'October', '2018-11-14 19:57:02', '2018-11-14 19:57:02'),
(262, 553, 'November', '2018-11-14 19:57:02', '2018-11-14 19:57:02'),
(263, 554, 'October', '2018-11-14 20:01:40', '2018-11-14 20:01:40'),
(264, 554, 'November', '2018-11-14 20:01:40', '2018-11-14 20:01:40'),
(265, 555, 'October', '2018-11-14 20:02:54', '2018-11-14 20:02:54'),
(266, 555, 'November', '2018-11-14 20:02:54', '2018-11-14 20:02:54'),
(267, 556, 'October', '2018-11-14 20:03:17', '2018-11-14 20:03:17'),
(268, 556, 'November', '2018-11-14 20:03:17', '2018-11-14 20:03:17'),
(269, 557, 'October', '2018-11-14 20:04:18', '2018-11-14 20:04:18'),
(270, 557, 'November', '2018-11-14 20:04:18', '2018-11-14 20:04:18'),
(271, 558, 'October', '2018-11-14 20:04:56', '2018-11-14 20:04:56'),
(272, 558, 'November', '2018-11-14 20:04:56', '2018-11-14 20:04:56'),
(273, 559, 'October', '2018-11-14 20:05:59', '2018-11-14 20:05:59'),
(274, 559, 'November', '2018-11-14 20:05:59', '2018-11-14 20:05:59'),
(275, 560, 'October', '2018-11-14 20:06:21', '2018-11-14 20:06:21'),
(276, 560, 'November', '2018-11-14 20:06:21', '2018-11-14 20:06:21'),
(277, 561, 'October', '2018-11-14 20:06:47', '2018-11-14 20:06:47'),
(278, 561, 'November', '2018-11-14 20:06:47', '2018-11-14 20:06:47'),
(279, 562, 'October', '2018-11-14 20:57:33', '2018-11-14 20:57:33'),
(280, 562, 'November', '2018-11-14 20:57:33', '2018-11-14 20:57:33'),
(281, 563, 'October', '2018-11-14 20:57:57', '2018-11-14 20:57:57'),
(282, 563, 'November', '2018-11-14 20:57:57', '2018-11-14 20:57:57'),
(288, 567, 'October', '2018-11-14 21:00:37', '2018-11-14 21:00:37'),
(888, 566, 'October', '2018-12-21 23:35:22', '2018-12-21 23:35:22'),
(289, 568, 'October', '2018-11-14 21:01:27', '2018-11-14 21:01:27'),
(290, 568, 'November', '2018-11-14 21:01:27', '2018-11-14 21:01:27'),
(291, 569, 'October', '2018-11-14 21:02:43', '2018-11-14 21:02:43'),
(292, 569, 'November', '2018-11-14 21:02:43', '2018-11-14 21:02:43'),
(293, 570, 'October', '2018-11-14 21:03:23', '2018-11-14 21:03:23'),
(294, 571, 'October', '2018-11-14 21:03:46', '2018-11-14 21:03:46'),
(295, 572, 'October', '2018-11-14 21:04:38', '2018-11-14 21:04:38'),
(296, 573, 'October', '2018-11-14 21:05:37', '2018-11-14 21:05:37'),
(297, 573, 'November', '2018-11-14 21:05:37', '2018-11-14 21:05:37'),
(298, 574, 'October', '2018-11-14 21:06:00', '2018-11-14 21:06:00'),
(299, 574, 'November', '2018-11-14 21:06:00', '2018-11-14 21:06:00'),
(300, 575, 'October', '2018-11-14 21:06:25', '2018-11-14 21:06:25'),
(301, 575, 'November', '2018-11-14 21:06:25', '2018-11-14 21:06:25'),
(302, 586, 'October', '2018-11-14 21:17:47', '2018-11-14 21:17:47'),
(303, 587, 'October', '2018-11-16 20:06:48', '2018-11-16 20:06:48'),
(304, 587, 'November', '2018-11-16 20:06:48', '2018-11-16 20:06:48'),
(305, 588, 'October', '2018-11-16 20:07:29', '2018-11-16 20:07:29'),
(306, 588, 'November', '2018-11-16 20:07:29', '2018-11-16 20:07:29'),
(307, 589, 'October', '2018-11-16 20:08:24', '2018-11-16 20:08:24'),
(308, 590, 'October', '2018-11-16 20:09:08', '2018-11-16 20:09:08'),
(309, 590, 'November', '2018-11-16 20:09:08', '2018-11-16 20:09:08'),
(310, 591, 'October', '2018-11-16 20:09:53', '2018-11-16 20:09:53'),
(311, 591, 'November', '2018-11-16 20:09:53', '2018-11-16 20:09:53'),
(312, 592, 'October', '2018-11-16 20:10:13', '2018-11-16 20:10:13'),
(313, 592, 'November', '2018-11-16 20:10:13', '2018-11-16 20:10:13'),
(314, 597, 'October', '2018-11-16 20:14:22', '2018-11-16 20:14:22'),
(315, 597, 'November', '2018-11-16 20:14:22', '2018-11-16 20:14:22'),
(316, 598, 'October', '2018-11-16 20:14:42', '2018-11-16 20:14:42'),
(317, 598, 'November', '2018-11-16 20:14:42', '2018-11-16 20:14:42'),
(318, 599, 'October', '2018-11-16 20:15:40', '2018-11-16 20:15:40'),
(319, 599, 'November', '2018-11-16 20:15:40', '2018-11-16 20:15:40'),
(320, 600, 'October', '2018-11-16 20:16:11', '2018-11-16 20:16:11'),
(321, 600, 'November', '2018-11-16 20:16:11', '2018-11-16 20:16:11'),
(322, 601, 'October', '2018-11-21 21:13:06', '2018-11-21 21:13:06'),
(323, 601, 'November', '2018-11-21 21:13:06', '2018-11-21 21:13:06'),
(324, 602, 'October', '2018-11-21 21:16:13', '2018-11-21 21:16:13'),
(325, 603, 'October', '2018-11-21 21:16:51', '2018-11-21 21:16:51'),
(326, 604, 'October', '2018-11-21 21:20:15', '2018-11-21 21:20:15'),
(327, 604, 'November', '2018-11-21 21:20:15', '2018-11-21 21:20:15'),
(328, 605, 'October', '2018-11-21 21:21:58', '2018-11-21 21:21:58'),
(329, 605, 'November', '2018-11-21 21:21:58', '2018-11-21 21:21:58'),
(330, 606, 'October', '2018-11-21 21:22:45', '2018-11-21 21:22:45'),
(331, 606, 'November', '2018-11-21 21:22:45', '2018-11-21 21:22:45'),
(332, 607, 'October', '2018-11-21 21:23:21', '2018-11-21 21:23:21'),
(333, 607, 'November', '2018-11-21 21:23:21', '2018-11-21 21:23:21'),
(334, 608, 'October', '2018-11-21 21:23:43', '2018-11-21 21:23:43'),
(335, 608, 'November', '2018-11-21 21:23:43', '2018-11-21 21:23:43'),
(341, 611, 'November', '2018-11-21 21:26:49', '2018-11-21 21:26:49'),
(340, 611, 'October', '2018-11-21 21:26:49', '2018-11-21 21:26:49'),
(338, 610, 'October', '2018-11-21 21:26:07', '2018-11-21 21:26:07'),
(339, 610, 'November', '2018-11-21 21:26:07', '2018-11-21 21:26:07'),
(342, 612, 'October', '2018-11-21 21:28:00', '2018-11-21 21:28:00'),
(343, 612, 'November', '2018-11-21 21:28:00', '2018-11-21 21:28:00'),
(345, 614, 'October', '2018-11-21 21:33:39', '2018-11-21 21:33:39'),
(490, 615, 'October', '2018-11-25 16:45:17', '2018-11-25 16:45:17'),
(348, 616, 'October', '2018-11-21 21:36:40', '2018-11-21 21:36:40'),
(349, 617, 'October', '2018-11-21 21:37:01', '2018-11-21 21:37:01'),
(350, 618, 'October', '2018-11-21 21:37:35', '2018-11-21 21:37:35'),
(351, 619, 'October', '2018-11-21 21:37:56', '2018-11-21 21:37:56'),
(353, 620, 'October', '2018-11-21 21:40:45', '2018-11-21 21:40:45'),
(354, 623, 'October', '2018-11-21 21:42:37', '2018-11-21 21:42:37'),
(355, 624, 'October', '2018-11-21 21:43:33', '2018-11-21 21:43:33'),
(356, 625, 'October', '2018-11-21 21:43:53', '2018-11-21 21:43:53'),
(357, 626, 'October', '2018-11-25 06:30:08', '2018-11-25 06:30:08'),
(358, 626, 'November', '2018-11-25 06:30:08', '2018-11-25 06:30:08'),
(359, 627, 'October', '2018-11-25 06:30:33', '2018-11-25 06:30:33'),
(360, 627, 'November', '2018-11-25 06:30:33', '2018-11-25 06:30:33'),
(361, 628, 'October', '2018-11-25 06:31:52', '2018-11-25 06:31:52'),
(362, 629, 'October', '2018-11-25 06:32:12', '2018-11-25 06:32:12'),
(363, 630, 'October', '2018-11-25 06:33:16', '2018-11-25 06:33:16'),
(364, 630, 'November', '2018-11-25 06:33:16', '2018-11-25 06:33:16'),
(365, 635, 'September', '2018-11-25 06:36:17', '2018-11-25 06:36:17'),
(366, 636, 'September', '2018-11-25 06:37:14', '2018-11-25 06:37:14'),
(367, 637, 'October', '2018-11-25 06:37:43', '2018-11-25 06:37:43'),
(368, 637, 'November', '2018-11-25 06:37:43', '2018-11-25 06:37:43'),
(369, 638, 'October', '2018-11-25 06:38:04', '2018-11-25 06:38:04'),
(370, 638, 'November', '2018-11-25 06:38:04', '2018-11-25 06:38:04'),
(371, 639, 'October', '2018-11-25 06:39:37', '2018-11-25 06:39:37'),
(372, 639, 'November', '2018-11-25 06:39:37', '2018-11-25 06:39:37'),
(373, 640, 'October', '2018-11-25 06:39:57', '2018-11-25 06:39:57'),
(374, 640, 'November', '2018-11-25 06:39:57', '2018-11-25 06:39:57'),
(375, 641, 'October', '2018-11-25 06:40:18', '2018-11-25 06:40:18'),
(376, 641, 'November', '2018-11-25 06:40:18', '2018-11-25 06:40:18'),
(377, 642, 'October', '2018-11-25 06:41:22', '2018-11-25 06:41:22'),
(378, 642, 'November', '2018-11-25 06:41:22', '2018-11-25 06:41:22'),
(379, 643, 'October', '2018-11-25 06:41:44', '2018-11-25 06:41:44'),
(380, 643, 'November', '2018-11-25 06:41:44', '2018-11-25 06:41:44'),
(381, 644, 'October', '2018-11-25 06:42:28', '2018-11-25 06:42:28'),
(382, 644, 'November', '2018-11-25 06:42:28', '2018-11-25 06:42:28'),
(383, 645, 'October', '2018-11-25 06:43:03', '2018-11-25 06:43:03'),
(384, 645, 'November', '2018-11-25 06:43:03', '2018-11-25 06:43:03'),
(385, 646, 'October', '2018-11-25 06:44:06', '2018-11-25 06:44:06'),
(386, 646, 'November', '2018-11-25 06:44:06', '2018-11-25 06:44:06'),
(387, 647, 'October', '2018-11-25 06:44:27', '2018-11-25 06:44:27'),
(388, 647, 'November', '2018-11-25 06:44:27', '2018-11-25 06:44:27'),
(391, 650, 'October', '2018-11-25 06:46:32', '2018-11-25 06:46:32'),
(392, 650, 'November', '2018-11-25 06:46:32', '2018-11-25 06:46:32'),
(400, 654, 'November', '2018-11-25 06:48:44', '2018-11-25 06:48:44'),
(399, 654, 'October', '2018-11-25 06:48:44', '2018-11-25 06:48:44'),
(406, 656, 'November', '2018-11-25 06:49:25', '2018-11-25 06:49:25'),
(402, 655, 'November', '2018-11-25 06:49:02', '2018-11-25 06:49:02'),
(401, 655, 'October', '2018-11-25 06:49:02', '2018-11-25 06:49:02'),
(405, 656, 'October', '2018-11-25 06:49:25', '2018-11-25 06:49:25'),
(407, 657, 'October', '2018-11-25 06:50:40', '2018-11-25 06:50:40'),
(408, 657, 'November', '2018-11-25 06:50:40', '2018-11-25 06:50:40'),
(409, 658, 'October', '2018-11-25 06:51:28', '2018-11-25 06:51:28'),
(410, 658, 'November', '2018-11-25 06:51:28', '2018-11-25 06:51:28'),
(411, 659, 'October', '2018-11-25 06:51:53', '2018-11-25 06:51:53'),
(412, 659, 'November', '2018-11-25 06:51:53', '2018-11-25 06:51:53'),
(413, 660, 'October', '2018-11-25 06:52:17', '2018-11-25 06:52:17'),
(414, 660, 'November', '2018-11-25 06:52:17', '2018-11-25 06:52:17'),
(416, 664, 'October', '2018-11-25 06:55:11', '2018-11-25 06:55:11'),
(417, 665, 'October', '2018-11-25 06:56:19', '2018-11-25 06:56:19'),
(418, 665, 'November', '2018-11-25 06:56:19', '2018-11-25 06:56:19'),
(419, 666, 'October', '2018-11-25 06:56:35', '2018-11-25 06:56:35'),
(420, 666, 'November', '2018-11-25 06:56:35', '2018-11-25 06:56:35'),
(421, 667, 'October', '2018-11-25 06:57:22', '2018-11-25 06:57:22'),
(422, 667, 'November', '2018-11-25 06:57:22', '2018-11-25 06:57:22'),
(423, 668, 'October', '2018-11-25 06:58:13', '2018-11-25 06:58:13'),
(424, 669, 'October', '2018-11-25 06:58:30', '2018-11-25 06:58:30'),
(425, 672, 'September', '2018-11-25 07:00:09', '2018-11-25 07:00:09'),
(426, 673, 'October', '2018-11-25 07:01:05', '2018-11-25 07:01:05'),
(427, 674, 'October', '2018-11-25 07:02:09', '2018-11-25 07:02:09'),
(428, 674, 'November', '2018-11-25 07:02:09', '2018-11-25 07:02:09'),
(429, 675, 'October', '2018-11-25 07:02:27', '2018-11-25 07:02:27'),
(430, 675, 'November', '2018-11-25 07:02:27', '2018-11-25 07:02:27'),
(431, 676, 'October', '2018-11-25 07:03:20', '2018-11-25 07:03:20'),
(432, 676, 'November', '2018-11-25 07:03:20', '2018-11-25 07:03:20'),
(433, 677, 'October', '2018-11-25 07:03:41', '2018-11-25 07:03:41'),
(434, 677, 'November', '2018-11-25 07:03:41', '2018-11-25 07:03:41'),
(435, 678, 'October', '2018-11-25 07:04:58', '2018-11-25 07:04:58'),
(436, 678, 'November', '2018-11-25 07:04:58', '2018-11-25 07:04:58'),
(437, 679, 'October', '2018-11-25 07:06:14', '2018-11-25 07:06:14'),
(438, 679, 'November', '2018-11-25 07:06:14', '2018-11-25 07:06:14'),
(439, 680, 'October', '2018-11-25 07:16:39', '2018-11-25 07:16:39'),
(440, 680, 'November', '2018-11-25 07:16:39', '2018-11-25 07:16:39'),
(441, 681, 'October', '2018-11-25 07:16:59', '2018-11-25 07:16:59'),
(442, 681, 'November', '2018-11-25 07:16:59', '2018-11-25 07:16:59'),
(443, 682, 'October', '2018-11-25 07:17:21', '2018-11-25 07:17:21'),
(444, 682, 'November', '2018-11-25 07:17:21', '2018-11-25 07:17:21'),
(445, 683, 'October', '2018-11-25 07:20:17', '2018-11-25 07:20:17'),
(446, 683, 'November', '2018-11-25 07:20:17', '2018-11-25 07:20:17'),
(447, 684, 'October', '2018-11-25 07:20:59', '2018-11-25 07:20:59'),
(448, 684, 'November', '2018-11-25 07:20:59', '2018-11-25 07:20:59'),
(452, 685, 'October', '2018-11-25 07:24:42', '2018-11-25 07:24:42'),
(451, 686, 'October', '2018-11-25 07:24:34', '2018-11-25 07:24:34'),
(453, 687, 'October', '2018-11-25 07:25:52', '2018-11-25 07:25:52'),
(454, 687, 'November', '2018-11-25 07:25:52', '2018-11-25 07:25:52'),
(455, 688, 'October', '2018-11-25 07:26:10', '2018-11-25 07:26:10'),
(456, 688, 'November', '2018-11-25 07:26:10', '2018-11-25 07:26:10'),
(457, 689, 'October', '2018-11-25 07:28:29', '2018-11-25 07:28:29'),
(458, 689, 'November', '2018-11-25 07:28:29', '2018-11-25 07:28:29'),
(459, 690, 'October', '2018-11-25 07:28:46', '2018-11-25 07:28:46'),
(460, 690, 'November', '2018-11-25 07:28:46', '2018-11-25 07:28:46'),
(461, 691, 'October', '2018-11-25 07:30:00', '2018-11-25 07:30:00'),
(462, 691, 'November', '2018-11-25 07:30:00', '2018-11-25 07:30:00'),
(463, 692, 'October', '2018-11-25 07:30:22', '2018-11-25 07:30:22'),
(464, 692, 'November', '2018-11-25 07:30:22', '2018-11-25 07:30:22'),
(465, 693, 'October', '2018-11-25 07:31:01', '2018-11-25 07:31:01'),
(466, 693, 'November', '2018-11-25 07:31:01', '2018-11-25 07:31:01'),
(467, 694, 'October', '2018-11-25 07:31:42', '2018-11-25 07:31:42'),
(468, 694, 'November', '2018-11-25 07:31:42', '2018-11-25 07:31:42'),
(469, 695, 'October', '2018-11-25 07:33:03', '2018-11-25 07:33:03'),
(470, 695, 'November', '2018-11-25 07:33:03', '2018-11-25 07:33:03'),
(471, 699, 'October', '2018-11-25 07:35:14', '2018-11-25 07:35:14'),
(472, 699, 'November', '2018-11-25 07:35:14', '2018-11-25 07:35:14'),
(473, 700, 'October', '2018-11-25 07:35:35', '2018-11-25 07:35:35'),
(474, 700, 'November', '2018-11-25 07:35:35', '2018-11-25 07:35:35'),
(475, 701, 'October', '2018-11-25 07:35:55', '2018-11-25 07:35:55'),
(476, 701, 'November', '2018-11-25 07:35:55', '2018-11-25 07:35:55'),
(477, 705, 'October', '2018-11-25 07:39:29', '2018-11-25 07:39:29'),
(478, 705, 'November', '2018-11-25 07:39:29', '2018-11-25 07:39:29'),
(479, 706, 'October', '2018-11-25 07:39:51', '2018-11-25 07:39:51'),
(480, 706, 'November', '2018-11-25 07:39:51', '2018-11-25 07:39:51'),
(481, 707, 'October', '2018-11-25 07:42:04', '2018-11-25 07:42:04'),
(482, 707, 'November', '2018-11-25 07:42:04', '2018-11-25 07:42:04'),
(483, 708, 'October', '2018-11-25 16:33:50', '2018-11-25 16:33:50'),
(484, 708, 'November', '2018-11-25 16:33:50', '2018-11-25 16:33:50'),
(486, 709, 'October', '2018-11-25 16:36:03', '2018-11-25 16:36:03'),
(487, 715, 'September', '2018-11-25 16:42:42', '2018-11-25 16:42:42'),
(488, 716, 'October', '2018-11-25 16:43:10', '2018-11-25 16:43:10'),
(489, 716, 'November', '2018-11-25 16:43:10', '2018-11-25 16:43:10'),
(491, 725, 'October', '2018-11-25 16:52:41', '2018-11-25 16:52:41'),
(492, 725, 'November', '2018-11-25 16:52:41', '2018-11-25 16:52:41'),
(494, 726, 'October', '2018-11-25 16:56:17', '2018-11-25 16:56:17'),
(496, 727, 'October', '2018-11-25 16:56:52', '2018-11-25 16:56:52'),
(498, 728, 'October', '2018-11-25 16:57:13', '2018-11-25 16:57:13'),
(499, 732, 'November', '2018-11-25 16:59:43', '2018-11-25 16:59:43'),
(500, 733, 'October', '2018-11-25 17:00:34', '2018-11-25 17:00:34'),
(501, 733, 'November', '2018-11-25 17:00:34', '2018-11-25 17:00:34'),
(502, 734, 'October', '2018-11-25 17:01:31', '2018-11-25 17:01:31'),
(503, 734, 'November', '2018-11-25 17:01:31', '2018-11-25 17:01:31'),
(504, 735, 'October', '2018-11-25 17:01:53', '2018-11-25 17:01:53'),
(505, 735, 'November', '2018-11-25 17:01:53', '2018-11-25 17:01:53'),
(506, 741, 'September', '2018-11-25 17:08:03', '2018-11-25 17:08:03'),
(507, 742, 'September', '2018-11-25 17:08:36', '2018-11-25 17:08:36'),
(508, 743, 'October', '2018-11-25 17:09:12', '2018-11-25 17:09:12'),
(509, 743, 'November', '2018-11-25 17:09:12', '2018-11-25 17:09:12'),
(510, 744, 'October', '2018-11-25 17:09:34', '2018-11-25 17:09:34'),
(511, 744, 'November', '2018-11-25 17:09:34', '2018-11-25 17:09:34'),
(512, 745, 'September', '2018-11-25 17:12:20', '2018-11-25 17:12:20'),
(516, 746, 'November', '2018-11-25 17:12:53', '2018-11-25 17:12:53'),
(515, 746, 'October', '2018-11-25 17:12:53', '2018-11-25 17:12:53'),
(517, 747, 'September', '2018-11-25 17:13:13', '2018-11-25 17:13:13'),
(521, 748, 'November', '2018-11-25 17:13:35', '2018-11-25 17:13:35'),
(520, 748, 'October', '2018-11-25 17:13:35', '2018-11-25 17:13:35'),
(522, 751, 'September', '2018-11-25 17:15:53', '2018-11-25 17:15:53'),
(523, 752, 'October', '2018-11-25 17:16:17', '2018-11-25 17:16:17'),
(524, 757, 'September', '2018-11-25 17:18:40', '2018-11-25 17:18:40'),
(525, 758, 'September', '2018-11-25 17:19:01', '2018-11-25 17:19:01'),
(526, 759, 'October', '2018-11-25 17:19:32', '2018-11-25 17:19:32'),
(527, 759, 'November', '2018-11-25 17:19:32', '2018-11-25 17:19:32'),
(528, 760, 'October', '2018-11-25 17:19:49', '2018-11-25 17:19:49'),
(529, 760, 'November', '2018-11-25 17:19:49', '2018-11-25 17:19:49'),
(530, 767, 'November', '2018-11-25 17:22:40', '2018-11-25 17:22:40'),
(531, 768, 'November', '2018-11-25 17:23:01', '2018-11-25 17:23:01'),
(532, 769, 'October', '2018-11-25 17:25:02', '2018-11-25 17:25:02'),
(533, 769, 'November', '2018-11-25 17:25:02', '2018-11-25 17:25:02'),
(534, 770, 'October', '2018-11-25 17:25:22', '2018-11-25 17:25:22'),
(535, 770, 'November', '2018-11-25 17:25:22', '2018-11-25 17:25:22'),
(536, 771, 'November', '2018-11-25 17:25:41', '2018-11-25 17:25:41'),
(537, 778, 'November', '2018-11-25 17:28:31', '2018-11-25 17:28:31'),
(538, 779, 'November', '2018-11-25 17:28:45', '2018-11-25 17:28:45'),
(539, 781, 'November', '2018-11-25 18:50:50', '2018-11-25 18:50:50'),
(540, 782, 'November', '2018-11-25 18:52:01', '2018-11-25 18:52:01'),
(541, 783, 'November', '2018-11-25 18:52:30', '2018-11-25 18:52:30'),
(542, 784, 'November', '2018-11-25 18:52:45', '2018-11-25 18:52:45'),
(543, 785, 'November', '2018-11-25 18:53:32', '2018-11-25 18:53:32'),
(544, 786, 'November', '2018-11-25 18:54:07', '2018-11-25 18:54:07'),
(546, 788, 'November', '2018-11-25 18:54:33', '2018-11-25 18:54:33'),
(547, 789, 'November', '2018-11-25 18:55:33', '2018-11-25 18:55:33'),
(549, 791, 'November', '2018-11-25 18:58:21', '2018-11-25 18:58:21'),
(551, 792, 'November', '2018-11-25 18:58:50', '2018-11-25 18:58:50'),
(553, 793, 'November', '2018-11-25 18:59:13', '2018-11-25 18:59:13'),
(555, 794, 'November', '2018-11-25 18:59:39', '2018-11-25 18:59:39'),
(556, 795, 'November', '2018-11-25 19:03:50', '2018-11-25 19:03:50'),
(557, 796, 'November', '2018-11-25 19:04:32', '2018-11-25 19:04:32'),
(558, 797, 'November', '2018-11-25 19:04:51', '2018-11-25 19:04:51'),
(559, 798, 'November', '2018-11-25 19:05:52', '2018-11-25 19:05:52'),
(560, 799, 'November', '2018-11-25 19:06:11', '2018-11-25 19:06:11'),
(561, 801, 'October', '2018-11-25 19:07:31', '2018-11-25 19:07:31'),
(562, 801, 'November', '2018-11-25 19:07:31', '2018-11-25 19:07:31'),
(563, 802, 'October', '2018-11-25 19:07:47', '2018-11-25 19:07:47'),
(564, 802, 'November', '2018-11-25 19:07:47', '2018-11-25 19:07:47'),
(565, 803, 'November', '2018-11-25 19:08:27', '2018-11-25 19:08:27'),
(566, 804, 'November', '2018-11-25 19:09:08', '2018-11-25 19:09:08'),
(567, 805, 'November', '2018-11-25 19:09:36', '2018-11-25 19:09:36'),
(568, 808, 'September', '2018-11-25 19:11:13', '2018-11-25 19:11:13'),
(574, 809, 'November', '2018-11-25 19:14:55', '2018-11-25 19:14:55'),
(573, 809, 'October', '2018-11-25 19:14:55', '2018-11-25 19:14:55'),
(571, 810, 'November', '2018-11-25 19:14:09', '2018-11-25 19:14:09'),
(572, 811, 'November', '2018-11-25 19:14:26', '2018-11-25 19:14:26'),
(575, 812, 'November', '2018-11-25 19:15:28', '2018-11-25 19:15:28'),
(577, 814, 'November', '2018-11-25 19:16:58', '2018-11-25 19:16:58'),
(581, 815, 'November', '2018-11-25 20:53:39', '2018-11-25 20:53:39'),
(580, 815, 'October', '2018-11-25 20:53:39', '2018-11-25 20:53:39'),
(582, 816, 'October', '2018-11-25 20:54:01', '2018-11-25 20:54:01'),
(583, 816, 'November', '2018-11-25 20:54:01', '2018-11-25 20:54:01'),
(584, 817, 'November', '2018-11-25 20:55:05', '2018-11-25 20:55:05'),
(955, 818, 'December', '2018-12-29 22:04:17', '2018-12-29 22:04:17'),
(954, 818, 'November', '2018-12-29 22:04:17', '2018-12-29 22:04:17'),
(953, 819, 'December', '2018-12-29 22:03:52', '2018-12-29 22:03:52'),
(952, 819, 'November', '2018-12-29 22:03:52', '2018-12-29 22:03:52'),
(592, 820, 'November', '2018-11-25 20:57:37', '2018-11-25 20:57:37'),
(591, 820, 'October', '2018-11-25 20:57:37', '2018-11-25 20:57:37'),
(593, 821, 'October', '2018-11-25 20:58:25', '2018-11-25 20:58:25'),
(594, 821, 'November', '2018-11-25 20:58:25', '2018-11-25 20:58:25'),
(595, 824, 'November', '2018-11-25 21:00:06', '2018-11-25 21:00:06'),
(598, 828, 'November', '2018-11-25 21:02:40', '2018-11-25 21:02:40'),
(599, 829, 'November', '2018-11-25 21:03:45', '2018-11-25 21:03:45'),
(600, 830, 'November', '2018-11-25 21:04:20', '2018-11-25 21:04:20'),
(602, 831, 'November', '2018-11-25 21:05:48', '2018-11-25 21:05:48'),
(603, 832, 'November', '2018-11-25 21:06:07', '2018-11-25 21:06:07'),
(604, 833, 'November', '2018-11-25 21:06:58', '2018-11-25 21:06:58'),
(605, 838, 'September', '2018-11-25 21:10:47', '2018-11-25 21:10:47'),
(606, 839, 'September', '2018-11-25 21:11:06', '2018-11-25 21:11:06'),
(609, 840, 'September', '2018-11-30 19:57:47', '2018-11-30 19:57:47'),
(608, 841, 'September', '2018-11-30 19:57:38', '2018-11-30 19:57:38'),
(956, 1051, 'January', '2018-12-31 22:41:24', '2018-12-31 22:41:24'),
(613, 847, 'October', '2018-12-20 17:45:03', '2018-12-20 17:45:03'),
(614, 849, 'November', '2018-12-20 17:47:15', '2018-12-20 17:47:15'),
(615, 850, 'December', '2018-12-21 16:09:26', '2018-12-21 16:09:26'),
(616, 851, 'December', '2018-12-21 16:09:48', '2018-12-21 16:09:48'),
(617, 854, 'December', '2018-12-21 16:11:31', '2018-12-21 16:11:31'),
(618, 857, 'December', '2018-12-21 16:12:27', '2018-12-21 16:12:27'),
(619, 858, 'January', '2018-12-21 16:13:26', '2018-12-21 16:13:26'),
(620, 858, 'December', '2018-12-21 16:13:26', '2018-12-21 16:13:26'),
(621, 859, 'January', '2018-12-21 16:14:21', '2018-12-21 16:14:21'),
(622, 859, 'December', '2018-12-21 16:14:21', '2018-12-21 16:14:21'),
(623, 860, 'January', '2018-12-21 16:15:11', '2018-12-21 16:15:11'),
(624, 860, 'December', '2018-12-21 16:15:11', '2018-12-21 16:15:11'),
(625, 861, 'January', '2018-12-21 16:15:54', '2018-12-21 16:15:54'),
(626, 861, 'December', '2018-12-21 16:15:54', '2018-12-21 16:15:54'),
(627, 862, 'January', '2018-12-21 16:16:34', '2018-12-21 16:16:34'),
(628, 862, 'December', '2018-12-21 16:16:34', '2018-12-21 16:16:34'),
(629, 863, 'January', '2018-12-21 16:16:56', '2018-12-21 16:16:56'),
(630, 863, 'December', '2018-12-21 16:16:56', '2018-12-21 16:16:56'),
(978, 864, 'December', '2019-01-06 22:41:15', '2019-01-06 22:41:15'),
(980, 865, 'December', '2019-01-06 22:41:39', '2019-01-06 22:41:39'),
(982, 866, 'December', '2019-01-06 22:42:02', '2019-01-06 22:42:02'),
(640, 867, 'January', '2018-12-21 16:20:14', '2018-12-21 16:20:14'),
(641, 867, 'December', '2018-12-21 16:20:14', '2018-12-21 16:20:14'),
(642, 868, 'January', '2018-12-21 16:22:22', '2018-12-21 16:22:22'),
(643, 868, 'December', '2018-12-21 16:22:22', '2018-12-21 16:22:22'),
(644, 869, 'January', '2018-12-21 16:23:08', '2018-12-21 16:23:08'),
(645, 869, 'December', '2018-12-21 16:23:08', '2018-12-21 16:23:08'),
(646, 870, 'January', '2018-12-21 16:23:27', '2018-12-21 16:23:27'),
(647, 870, 'December', '2018-12-21 16:23:27', '2018-12-21 16:23:27'),
(648, 871, 'January', '2018-12-21 16:24:14', '2018-12-21 16:24:14'),
(649, 871, 'December', '2018-12-21 16:24:14', '2018-12-21 16:24:14'),
(650, 872, 'December', '2018-12-21 16:25:37', '2018-12-21 16:25:37'),
(652, 873, 'December', '2018-12-21 16:26:12', '2018-12-21 16:26:12'),
(653, 874, 'December', '2018-12-21 16:26:35', '2018-12-21 16:26:35'),
(654, 875, 'December', '2018-12-21 16:27:09', '2018-12-21 16:27:09'),
(655, 876, 'December', '2018-12-21 16:27:34', '2018-12-21 16:27:34'),
(656, 877, 'December', '2018-12-21 16:27:56', '2018-12-21 16:27:56'),
(657, 878, 'January', '2018-12-21 16:29:08', '2018-12-21 16:29:08'),
(658, 878, 'December', '2018-12-21 16:29:08', '2018-12-21 16:29:08'),
(659, 879, 'January', '2018-12-21 16:29:25', '2018-12-21 16:29:25'),
(660, 879, 'December', '2018-12-21 16:29:25', '2018-12-21 16:29:25'),
(661, 880, 'January', '2018-12-21 16:30:24', '2018-12-21 16:30:24'),
(662, 880, 'December', '2018-12-21 16:30:24', '2018-12-21 16:30:24'),
(663, 881, 'January', '2018-12-21 16:30:43', '2018-12-21 16:30:43'),
(664, 881, 'December', '2018-12-21 16:30:43', '2018-12-21 16:30:43'),
(665, 882, 'January', '2018-12-21 16:31:01', '2018-12-21 16:31:01'),
(666, 882, 'December', '2018-12-21 16:31:01', '2018-12-21 16:31:01'),
(667, 883, 'January', '2018-12-21 16:31:53', '2018-12-21 16:31:53'),
(668, 883, 'December', '2018-12-21 16:31:53', '2018-12-21 16:31:53'),
(669, 884, 'January', '2018-12-21 16:34:37', '2018-12-21 16:34:37'),
(670, 884, 'December', '2018-12-21 16:34:37', '2018-12-21 16:34:37'),
(671, 885, 'January', '2018-12-21 16:34:56', '2018-12-21 16:34:56'),
(672, 885, 'December', '2018-12-21 16:34:56', '2018-12-21 16:34:56'),
(673, 886, 'January', '2018-12-21 16:35:46', '2018-12-21 16:35:46'),
(674, 886, 'December', '2018-12-21 16:35:46', '2018-12-21 16:35:46'),
(675, 887, 'January', '2018-12-21 16:37:27', '2018-12-21 16:37:27'),
(676, 887, 'December', '2018-12-21 16:37:27', '2018-12-21 16:37:27'),
(677, 888, 'January', '2018-12-21 16:37:45', '2018-12-21 16:37:45'),
(678, 888, 'December', '2018-12-21 16:37:45', '2018-12-21 16:37:45'),
(679, 889, 'January', '2018-12-21 16:38:48', '2018-12-21 16:38:48'),
(680, 889, 'December', '2018-12-21 16:38:48', '2018-12-21 16:38:48'),
(681, 890, 'January', '2018-12-21 16:39:07', '2018-12-21 16:39:07'),
(682, 890, 'December', '2018-12-21 16:39:07', '2018-12-21 16:39:07'),
(683, 891, 'January', '2018-12-21 16:40:07', '2018-12-21 16:40:07'),
(684, 891, 'December', '2018-12-21 16:40:07', '2018-12-21 16:40:07'),
(685, 892, 'January', '2018-12-21 16:40:25', '2018-12-21 16:40:25'),
(686, 892, 'December', '2018-12-21 16:40:25', '2018-12-21 16:40:25'),
(687, 893, 'January', '2018-12-21 16:40:40', '2018-12-21 16:40:40'),
(688, 893, 'December', '2018-12-21 16:40:40', '2018-12-21 16:40:40'),
(689, 894, 'January', '2018-12-21 16:41:41', '2018-12-21 16:41:41'),
(690, 894, 'December', '2018-12-21 16:41:41', '2018-12-21 16:41:41'),
(691, 895, 'January', '2018-12-21 16:42:00', '2018-12-21 16:42:00'),
(692, 895, 'December', '2018-12-21 16:42:00', '2018-12-21 16:42:00'),
(693, 896, 'January', '2018-12-21 16:42:26', '2018-12-21 16:42:26'),
(694, 896, 'December', '2018-12-21 16:42:26', '2018-12-21 16:42:26'),
(695, 897, 'January', '2018-12-21 16:42:45', '2018-12-21 16:42:45'),
(696, 897, 'December', '2018-12-21 16:42:45', '2018-12-21 16:42:45'),
(697, 898, 'December', '2018-12-21 16:43:46', '2018-12-21 16:43:46'),
(698, 899, 'December', '2018-12-21 16:44:08', '2018-12-21 16:44:08'),
(699, 900, 'January', '2018-12-21 16:44:49', '2018-12-21 16:44:49'),
(700, 900, 'December', '2018-12-21 16:44:49', '2018-12-21 16:44:49'),
(701, 901, 'December', '2018-12-21 16:45:44', '2018-12-21 16:45:44'),
(702, 902, 'December', '2018-12-21 16:46:34', '2018-12-21 16:46:34'),
(703, 903, 'January', '2018-12-21 16:47:23', '2018-12-21 16:47:23'),
(704, 903, 'December', '2018-12-21 16:47:23', '2018-12-21 16:47:23'),
(705, 904, 'January', '2018-12-21 16:47:40', '2018-12-21 16:47:40'),
(706, 904, 'December', '2018-12-21 16:47:40', '2018-12-21 16:47:40'),
(707, 905, 'January', '2018-12-21 16:48:49', '2018-12-21 16:48:49'),
(708, 905, 'December', '2018-12-21 16:48:49', '2018-12-21 16:48:49'),
(712, 906, 'November', '2018-12-21 16:50:39', '2018-12-21 16:50:39'),
(714, 907, 'November', '2018-12-21 16:51:31', '2018-12-21 16:51:31'),
(718, 908, 'December', '2018-12-21 16:51:58', '2018-12-21 16:51:58'),
(717, 908, 'January', '2018-12-21 16:51:58', '2018-12-21 16:51:58'),
(722, 909, 'December', '2018-12-21 16:52:30', '2018-12-21 16:52:30'),
(721, 909, 'January', '2018-12-21 16:52:30', '2018-12-21 16:52:30'),
(723, 910, 'January', '2018-12-21 16:55:17', '2018-12-21 16:55:17'),
(724, 910, 'December', '2018-12-21 16:55:17', '2018-12-21 16:55:17'),
(725, 911, 'January', '2018-12-21 16:55:42', '2018-12-21 16:55:42'),
(726, 911, 'December', '2018-12-21 16:55:42', '2018-12-21 16:55:42'),
(730, 912, 'December', '2018-12-21 16:56:27', '2018-12-21 16:56:27'),
(729, 912, 'January', '2018-12-21 16:56:27', '2018-12-21 16:56:27'),
(731, 913, 'January', '2018-12-21 16:57:18', '2018-12-21 16:57:18'),
(732, 913, 'December', '2018-12-21 16:57:18', '2018-12-21 16:57:18'),
(733, 914, 'January', '2018-12-21 16:58:26', '2018-12-21 16:58:26'),
(734, 914, 'December', '2018-12-21 16:58:26', '2018-12-21 16:58:26'),
(735, 915, 'January', '2018-12-21 16:58:42', '2018-12-21 16:58:42'),
(736, 915, 'December', '2018-12-21 16:58:42', '2018-12-21 16:58:42'),
(740, 916, 'December', '2018-12-21 16:59:22', '2018-12-21 16:59:22'),
(739, 916, 'January', '2018-12-21 16:59:22', '2018-12-21 16:59:22'),
(744, 917, 'December', '2018-12-21 16:59:51', '2018-12-21 16:59:51'),
(743, 917, 'January', '2018-12-21 16:59:51', '2018-12-21 16:59:51'),
(745, 920, 'December', '2018-12-21 17:01:29', '2018-12-21 17:01:29'),
(746, 921, 'December', '2018-12-21 17:02:38', '2018-12-21 17:02:38'),
(747, 922, 'January', '2018-12-21 17:03:16', '2018-12-21 17:03:16'),
(748, 922, 'December', '2018-12-21 17:03:16', '2018-12-21 17:03:16'),
(749, 923, 'January', '2018-12-21 17:04:03', '2018-12-21 17:04:03'),
(750, 923, 'December', '2018-12-21 17:04:03', '2018-12-21 17:04:03'),
(751, 924, 'January', '2018-12-21 17:04:57', '2018-12-21 17:04:57'),
(752, 924, 'December', '2018-12-21 17:04:57', '2018-12-21 17:04:57'),
(753, 925, 'January', '2018-12-21 17:05:46', '2018-12-21 17:05:46'),
(754, 925, 'December', '2018-12-21 17:05:46', '2018-12-21 17:05:46'),
(755, 926, 'January', '2018-12-21 17:06:03', '2018-12-21 17:06:03'),
(756, 926, 'December', '2018-12-21 17:06:03', '2018-12-21 17:06:03'),
(757, 929, 'January', '2018-12-21 17:07:41', '2018-12-21 17:07:41'),
(758, 929, 'December', '2018-12-21 17:07:41', '2018-12-21 17:07:41'),
(759, 932, 'December', '2018-12-21 17:10:04', '2018-12-21 17:10:04'),
(760, 933, 'December', '2018-12-21 17:10:25', '2018-12-21 17:10:25'),
(761, 934, 'January', '2018-12-21 17:11:15', '2018-12-21 17:11:15'),
(762, 934, 'December', '2018-12-21 17:11:15', '2018-12-21 17:11:15'),
(763, 935, 'January', '2018-12-21 17:13:06', '2018-12-21 17:13:06'),
(764, 935, 'December', '2018-12-21 17:13:06', '2018-12-21 17:13:06'),
(765, 936, 'January', '2018-12-21 17:13:25', '2018-12-21 17:13:25'),
(766, 936, 'December', '2018-12-21 17:13:25', '2018-12-21 17:13:25'),
(767, 938, 'January', '2018-12-21 17:15:13', '2018-12-21 17:15:13'),
(768, 938, 'December', '2018-12-21 17:15:13', '2018-12-21 17:15:13'),
(769, 939, 'January', '2018-12-21 17:15:30', '2018-12-21 17:15:30'),
(770, 939, 'December', '2018-12-21 17:15:30', '2018-12-21 17:15:30'),
(771, 940, 'December', '2018-12-21 17:16:56', '2018-12-21 17:16:56'),
(772, 941, 'December', '2018-12-21 17:17:13', '2018-12-21 17:17:13'),
(773, 942, 'January', '2018-12-21 17:18:00', '2018-12-21 17:18:00'),
(774, 942, 'December', '2018-12-21 17:18:00', '2018-12-21 17:18:00'),
(775, 943, 'January', '2018-12-21 17:18:16', '2018-12-21 17:18:16'),
(776, 943, 'December', '2018-12-21 17:18:16', '2018-12-21 17:18:16'),
(777, 944, 'January', '2018-12-21 17:19:02', '2018-12-21 17:19:02'),
(778, 944, 'December', '2018-12-21 17:19:02', '2018-12-21 17:19:02'),
(779, 945, 'January', '2018-12-21 17:19:17', '2018-12-21 17:19:17'),
(780, 945, 'December', '2018-12-21 17:19:17', '2018-12-21 17:19:17'),
(1031, 946, 'September', '2019-03-08 22:25:35', '2019-03-08 22:25:35'),
(1030, 946, 'January', '2019-03-08 22:25:35', '2019-03-08 22:25:35'),
(783, 947, 'January', '2018-12-21 17:20:23', '2018-12-21 17:20:23'),
(784, 947, 'December', '2018-12-21 17:20:23', '2018-12-21 17:20:23'),
(785, 948, 'January', '2018-12-21 17:21:11', '2018-12-21 17:21:11'),
(786, 948, 'December', '2018-12-21 17:21:11', '2018-12-21 17:21:11'),
(787, 949, 'January', '2018-12-21 17:21:51', '2018-12-21 17:21:51'),
(788, 949, 'December', '2018-12-21 17:21:51', '2018-12-21 17:21:51'),
(789, 950, 'January', '2018-12-21 17:22:11', '2018-12-21 17:22:11'),
(790, 950, 'December', '2018-12-21 17:22:11', '2018-12-21 17:22:11'),
(791, 951, 'January', '2018-12-21 17:23:05', '2018-12-21 17:23:05'),
(792, 951, 'December', '2018-12-21 17:23:05', '2018-12-21 17:23:05'),
(793, 952, 'January', '2018-12-21 17:23:21', '2018-12-21 17:23:21'),
(794, 952, 'December', '2018-12-21 17:23:21', '2018-12-21 17:23:21'),
(795, 953, 'December', '2018-12-21 17:24:04', '2018-12-21 17:24:04'),
(796, 954, 'January', '2018-12-21 17:24:41', '2018-12-21 17:24:41'),
(797, 954, 'December', '2018-12-21 17:24:41', '2018-12-21 17:24:41'),
(798, 955, 'January', '2018-12-21 17:25:46', '2018-12-21 17:25:46'),
(799, 955, 'December', '2018-12-21 17:25:46', '2018-12-21 17:25:46'),
(800, 956, 'January', '2018-12-21 17:26:39', '2018-12-21 17:26:39'),
(801, 956, 'December', '2018-12-21 17:26:39', '2018-12-21 17:26:39'),
(802, 957, 'January', '2018-12-21 17:26:56', '2018-12-21 17:26:56'),
(803, 957, 'December', '2018-12-21 17:26:56', '2018-12-21 17:26:56'),
(804, 958, 'January', '2018-12-21 17:27:42', '2018-12-21 17:27:42'),
(805, 958, 'December', '2018-12-21 17:27:42', '2018-12-21 17:27:42'),
(806, 959, 'January', '2018-12-21 17:27:58', '2018-12-21 17:27:58'),
(807, 959, 'December', '2018-12-21 17:27:58', '2018-12-21 17:27:58'),
(808, 960, 'January', '2018-12-21 17:28:16', '2018-12-21 17:28:16'),
(809, 960, 'December', '2018-12-21 17:28:16', '2018-12-21 17:28:16'),
(810, 961, 'January', '2018-12-21 17:28:33', '2018-12-21 17:28:33'),
(811, 961, 'December', '2018-12-21 17:28:33', '2018-12-21 17:28:33'),
(812, 962, 'January', '2018-12-21 17:29:20', '2018-12-21 17:29:20'),
(813, 962, 'December', '2018-12-21 17:29:20', '2018-12-21 17:29:20'),
(814, 963, 'January', '2018-12-21 17:29:37', '2018-12-21 17:29:37'),
(815, 963, 'December', '2018-12-21 17:29:37', '2018-12-21 17:29:37'),
(816, 964, 'January', '2018-12-21 17:29:57', '2018-12-21 17:29:57'),
(817, 964, 'December', '2018-12-21 17:29:57', '2018-12-21 17:29:57'),
(818, 965, 'October', '2018-12-21 17:31:03', '2018-12-21 17:31:03'),
(819, 965, 'November', '2018-12-21 17:31:03', '2018-12-21 17:31:03'),
(820, 966, 'January', '2018-12-21 23:03:03', '2018-12-21 23:03:03'),
(821, 966, 'December', '2018-12-21 23:03:03', '2018-12-21 23:03:03'),
(822, 967, 'January', '2018-12-21 23:04:14', '2018-12-21 23:04:14'),
(823, 967, 'December', '2018-12-21 23:04:14', '2018-12-21 23:04:14'),
(824, 968, 'January', '2018-12-21 23:05:12', '2018-12-21 23:05:12'),
(825, 968, 'December', '2018-12-21 23:05:12', '2018-12-21 23:05:12'),
(826, 969, 'December', '2018-12-21 23:05:54', '2018-12-21 23:05:54'),
(827, 970, 'December', '2018-12-21 23:06:14', '2018-12-21 23:06:14'),
(831, 971, 'December', '2018-12-21 23:08:52', '2018-12-21 23:08:52'),
(832, 972, 'December', '2018-12-21 23:09:02', '2018-12-21 23:09:02'),
(830, 973, 'December', '2018-12-21 23:08:28', '2018-12-21 23:08:28'),
(833, 976, 'January', '2018-12-21 23:12:03', '2018-12-21 23:12:03'),
(834, 976, 'December', '2018-12-21 23:12:03', '2018-12-21 23:12:03'),
(835, 977, 'January', '2018-12-21 23:12:20', '2018-12-21 23:12:20'),
(836, 977, 'December', '2018-12-21 23:12:20', '2018-12-21 23:12:20'),
(837, 978, 'January', '2018-12-21 23:12:49', '2018-12-21 23:12:49'),
(838, 978, 'December', '2018-12-21 23:12:49', '2018-12-21 23:12:49'),
(839, 979, 'January', '2018-12-21 23:13:36', '2018-12-21 23:13:36'),
(840, 979, 'December', '2018-12-21 23:13:36', '2018-12-21 23:13:36'),
(841, 980, 'January', '2018-12-21 23:13:56', '2018-12-21 23:13:56'),
(842, 980, 'December', '2018-12-21 23:13:56', '2018-12-21 23:13:56'),
(843, 981, 'January', '2018-12-21 23:14:54', '2018-12-21 23:14:54'),
(844, 981, 'December', '2018-12-21 23:14:54', '2018-12-21 23:14:54'),
(845, 982, 'January', '2018-12-21 23:15:41', '2018-12-21 23:15:41'),
(846, 982, 'December', '2018-12-21 23:15:41', '2018-12-21 23:15:41'),
(847, 983, 'January', '2018-12-21 23:16:17', '2018-12-21 23:16:17'),
(848, 983, 'December', '2018-12-21 23:16:17', '2018-12-21 23:16:17'),
(849, 984, 'January', '2018-12-21 23:16:59', '2018-12-21 23:16:59'),
(850, 984, 'December', '2018-12-21 23:16:59', '2018-12-21 23:16:59'),
(851, 986, 'January', '2018-12-21 23:18:26', '2018-12-21 23:18:26'),
(852, 986, 'December', '2018-12-21 23:18:26', '2018-12-21 23:18:26'),
(853, 987, 'January', '2018-12-21 23:19:05', '2018-12-21 23:19:05'),
(854, 987, 'December', '2018-12-21 23:19:05', '2018-12-21 23:19:05'),
(855, 988, 'January', '2018-12-21 23:19:40', '2018-12-21 23:19:40'),
(856, 988, 'December', '2018-12-21 23:19:40', '2018-12-21 23:19:40'),
(857, 989, 'January', '2018-12-21 23:20:47', '2018-12-21 23:20:47'),
(858, 989, 'December', '2018-12-21 23:20:47', '2018-12-21 23:20:47'),
(859, 990, 'January', '2018-12-21 23:22:30', '2018-12-21 23:22:30'),
(860, 990, 'December', '2018-12-21 23:22:30', '2018-12-21 23:22:30'),
(861, 991, 'January', '2018-12-21 23:23:13', '2018-12-21 23:23:13'),
(862, 991, 'December', '2018-12-21 23:23:13', '2018-12-21 23:23:13'),
(863, 992, 'January', '2018-12-21 23:24:20', '2018-12-21 23:24:20'),
(864, 992, 'December', '2018-12-21 23:24:20', '2018-12-21 23:24:20'),
(865, 993, 'January', '2018-12-21 23:24:38', '2018-12-21 23:24:38'),
(866, 993, 'December', '2018-12-21 23:24:38', '2018-12-21 23:24:38'),
(867, 994, 'December', '2018-12-21 23:25:23', '2018-12-21 23:25:23'),
(869, 995, 'December', '2018-12-21 23:25:48', '2018-12-21 23:25:48'),
(870, 996, 'December', '2018-12-21 23:26:11', '2018-12-21 23:26:11'),
(871, 997, 'December', '2018-12-21 23:26:25', '2018-12-21 23:26:25'),
(872, 998, 'January', '2018-12-21 23:27:21', '2018-12-21 23:27:21'),
(873, 998, 'December', '2018-12-21 23:27:21', '2018-12-21 23:27:21'),
(874, 1000, 'January', '2018-12-21 23:28:34', '2018-12-21 23:28:34'),
(875, 1000, 'December', '2018-12-21 23:28:34', '2018-12-21 23:28:34'),
(876, 1002, 'January', '2018-12-21 23:29:13', '2018-12-21 23:29:13'),
(877, 1002, 'December', '2018-12-21 23:29:13', '2018-12-21 23:29:13'),
(878, 1003, 'January', '2018-12-21 23:30:06', '2018-12-21 23:30:06'),
(879, 1003, 'December', '2018-12-21 23:30:06', '2018-12-21 23:30:06'),
(880, 1004, 'January', '2018-12-21 23:30:27', '2018-12-21 23:30:27'),
(881, 1004, 'December', '2018-12-21 23:30:27', '2018-12-21 23:30:27'),
(882, 1005, 'January', '2018-12-21 23:31:35', '2018-12-21 23:31:35'),
(883, 1005, 'December', '2018-12-21 23:31:35', '2018-12-21 23:31:35'),
(884, 1007, 'January', '2018-12-21 23:32:10', '2018-12-21 23:32:10'),
(885, 1007, 'December', '2018-12-21 23:32:10', '2018-12-21 23:32:10'),
(886, 1008, 'January', '2018-12-21 23:32:32', '2018-12-21 23:32:32'),
(887, 1008, 'December', '2018-12-21 23:32:32', '2018-12-21 23:32:32');
INSERT INTO `student_payment_months` (`id`, `student_payment_id`, `month_name`, `created_at`, `updated_at`) VALUES
(890, 1009, 'December', '2018-12-21 23:36:33', '2018-12-21 23:36:33'),
(891, 1011, 'January', '2018-12-21 23:39:18', '2018-12-21 23:39:18'),
(892, 1011, 'December', '2018-12-21 23:39:18', '2018-12-21 23:39:18'),
(893, 1012, 'January', '2018-12-21 23:39:35', '2018-12-21 23:39:35'),
(894, 1012, 'December', '2018-12-21 23:39:35', '2018-12-21 23:39:35'),
(895, 1013, 'January', '2018-12-21 23:39:55', '2018-12-21 23:39:55'),
(896, 1013, 'December', '2018-12-21 23:39:55', '2018-12-21 23:39:55'),
(897, 1014, 'January', '2018-12-21 23:41:04', '2018-12-21 23:41:04'),
(898, 1014, 'December', '2018-12-21 23:41:04', '2018-12-21 23:41:04'),
(899, 1016, 'January', '2018-12-21 23:41:39', '2018-12-21 23:41:39'),
(900, 1016, 'December', '2018-12-21 23:41:39', '2018-12-21 23:41:39'),
(901, 1017, 'December', '2018-12-21 23:43:26', '2018-12-21 23:43:26'),
(915, 1018, 'December', '2018-12-21 23:47:49', '2018-12-21 23:47:49'),
(914, 1018, 'January', '2018-12-21 23:47:49', '2018-12-21 23:47:49'),
(913, 1019, 'December', '2018-12-21 23:47:41', '2018-12-21 23:47:41'),
(912, 1019, 'January', '2018-12-21 23:47:41', '2018-12-21 23:47:41'),
(909, 1020, 'December', '2018-12-21 23:46:35', '2018-12-21 23:46:35'),
(908, 1020, 'January', '2018-12-21 23:46:35', '2018-12-21 23:46:35'),
(910, 1021, 'January', '2018-12-21 23:46:55', '2018-12-21 23:46:55'),
(911, 1021, 'December', '2018-12-21 23:46:55', '2018-12-21 23:46:55'),
(916, 1022, 'January', '2018-12-21 23:49:23', '2018-12-21 23:49:23'),
(917, 1022, 'December', '2018-12-21 23:49:23', '2018-12-21 23:49:23'),
(918, 1023, 'January', '2018-12-21 23:49:44', '2018-12-21 23:49:44'),
(919, 1023, 'December', '2018-12-21 23:49:44', '2018-12-21 23:49:44'),
(921, 1025, 'December', '2018-12-21 23:51:54', '2018-12-21 23:51:54'),
(923, 1026, 'December', '2018-12-21 23:52:18', '2018-12-21 23:52:18'),
(925, 1027, 'December', '2018-12-21 23:53:04', '2018-12-21 23:53:04'),
(927, 1028, 'December', '2018-12-21 23:53:41', '2018-12-21 23:53:41'),
(928, 1031, 'December', '2018-12-21 23:57:56', '2018-12-21 23:57:56'),
(929, 1032, 'January', '2018-12-21 23:58:42', '2018-12-21 23:58:42'),
(930, 1032, 'December', '2018-12-21 23:58:42', '2018-12-21 23:58:42'),
(931, 1034, 'January', '2018-12-22 00:00:57', '2018-12-22 00:00:57'),
(932, 1034, 'December', '2018-12-22 00:00:57', '2018-12-22 00:00:57'),
(933, 1035, 'January', '2018-12-22 00:01:13', '2018-12-22 00:01:13'),
(934, 1035, 'December', '2018-12-22 00:01:13', '2018-12-22 00:01:13'),
(938, 1036, 'December', '2018-12-22 00:02:06', '2018-12-22 00:02:06'),
(937, 1036, 'January', '2018-12-22 00:02:06', '2018-12-22 00:02:06'),
(942, 1037, 'December', '2018-12-22 00:02:31', '2018-12-22 00:02:31'),
(941, 1037, 'January', '2018-12-22 00:02:31', '2018-12-22 00:02:31'),
(944, 1041, 'September', '2018-12-22 19:07:15', '2018-12-22 19:07:15'),
(945, 1046, 'December', '2018-12-22 19:35:22', '2018-12-22 19:35:22'),
(946, 1047, 'January', '2018-12-25 19:57:50', '2018-12-25 19:57:50'),
(947, 1047, 'December', '2018-12-25 19:57:50', '2018-12-25 19:57:50'),
(948, 1049, 'January', '2018-12-25 19:58:43', '2018-12-25 19:58:43'),
(949, 1049, 'December', '2018-12-25 19:58:43', '2018-12-25 19:58:43'),
(950, 1050, 'January', '2018-12-25 19:59:05', '2018-12-25 19:59:05'),
(951, 1050, 'December', '2018-12-25 19:59:05', '2018-12-25 19:59:05'),
(957, 1051, 'December', '2018-12-31 22:41:24', '2018-12-31 22:41:24'),
(958, 1052, 'January', '2018-12-31 22:42:16', '2018-12-31 22:42:16'),
(959, 1053, 'January', '2018-12-31 22:42:33', '2018-12-31 22:42:33'),
(960, 1054, 'January', '2018-12-31 22:44:06', '2018-12-31 22:44:06'),
(961, 1056, 'January', '2018-12-31 22:45:53', '2018-12-31 22:45:53'),
(962, 1057, 'January', '2018-12-31 22:46:12', '2018-12-31 22:46:12'),
(963, 1058, 'January', '2018-12-31 22:46:41', '2018-12-31 22:46:41'),
(964, 1059, 'January', '2018-12-31 22:46:55', '2018-12-31 22:46:55'),
(965, 1061, 'January', '2019-01-06 22:35:51', '2019-01-06 22:35:51'),
(966, 1062, 'January', '2019-01-06 22:36:34', '2019-01-06 22:36:34'),
(967, 1063, 'January', '2019-01-06 22:36:52', '2019-01-06 22:36:52'),
(968, 1064, 'January', '2019-01-06 22:37:07', '2019-01-06 22:37:07'),
(969, 1065, 'January', '2019-01-06 22:37:31', '2019-01-06 22:37:31'),
(970, 1066, 'January', '2019-01-06 22:37:48', '2019-01-06 22:37:48'),
(971, 1067, 'January', '2019-01-06 22:38:08', '2019-01-06 22:38:08'),
(983, 1068, 'January', '2019-01-06 22:42:13', '2019-01-06 22:42:13'),
(979, 1069, 'January', '2019-01-06 22:41:25', '2019-01-06 22:41:25'),
(981, 1070, 'January', '2019-01-06 22:41:48', '2019-01-06 22:41:48'),
(984, 1071, 'November', '2019-01-06 22:42:59', '2019-01-06 22:42:59'),
(985, 1073, 'January', '2019-01-06 22:44:25', '2019-01-06 22:44:25'),
(986, 1074, 'January', '2019-01-06 22:45:00', '2019-01-06 22:45:00'),
(987, 1075, 'January', '2019-01-06 22:45:27', '2019-01-06 22:45:27'),
(988, 1076, 'January', '2019-01-06 22:46:39', '2019-01-06 22:46:39'),
(989, 1076, 'December', '2019-01-06 22:46:39', '2019-01-06 22:46:39'),
(992, 1078, 'January', '2019-01-06 22:48:36', '2019-01-06 22:48:36'),
(993, 1081, 'January', '2019-01-06 22:49:56', '2019-01-06 22:49:56'),
(994, 1081, 'February', '2019-01-06 22:49:56', '2019-01-06 22:49:56'),
(995, 1084, 'January', '2019-01-06 22:50:48', '2019-01-06 22:50:48'),
(996, 1084, 'February', '2019-01-06 22:50:48', '2019-01-06 22:50:48'),
(997, 1086, 'January', '2019-01-06 22:52:33', '2019-01-06 22:52:33'),
(998, 1087, 'January', '2019-01-06 22:52:49', '2019-01-06 22:52:49'),
(999, 1088, 'January', '2019-01-06 22:53:32', '2019-01-06 22:53:32'),
(1000, 1089, 'January', '2019-01-06 22:53:49', '2019-01-06 22:53:49'),
(1001, 1090, 'January', '2019-01-06 22:54:22', '2019-01-06 22:54:22'),
(1002, 1091, 'January', '2019-01-06 22:54:39', '2019-01-06 22:54:39'),
(1003, 1092, 'January', '2019-01-06 22:55:24', '2019-01-06 22:55:24'),
(1004, 1093, 'November', '2019-01-06 22:56:07', '2019-01-06 22:56:07'),
(1005, 1094, 'November', '2019-01-06 22:56:25', '2019-01-06 22:56:25'),
(1006, 1095, 'October', '2019-01-06 22:58:07', '2019-01-06 22:58:07'),
(1007, 1095, 'November', '2019-01-06 22:58:07', '2019-01-06 22:58:07'),
(1009, 1097, 'January', '2019-01-06 23:00:08', '2019-01-06 23:00:08'),
(1011, 1098, 'January', '2019-01-06 23:00:31', '2019-01-06 23:00:31'),
(1013, 1099, 'January', '2019-01-06 23:01:13', '2019-01-06 23:01:13'),
(1015, 1100, 'January', '2019-01-06 23:01:36', '2019-01-06 23:01:36'),
(1016, 1101, 'January', '2019-01-06 23:02:35', '2019-01-06 23:02:35'),
(1017, 1102, 'January', '2019-01-06 23:02:53', '2019-01-06 23:02:53'),
(1018, 1103, 'November', '2019-01-06 23:03:41', '2019-01-06 23:03:41'),
(1019, 1104, 'December', '2019-01-06 23:04:08', '2019-01-06 23:04:08'),
(1020, 1105, 'January', '2019-01-06 23:04:28', '2019-01-06 23:04:28'),
(1021, 1106, 'January', '2019-01-06 23:05:57', '2019-01-06 23:05:57'),
(1027, 1107, 'January', '2019-01-06 23:11:19', '2019-01-06 23:11:19'),
(1024, 1108, 'January', '2019-01-06 23:07:04', '2019-01-06 23:07:04'),
(1025, 1109, 'January', '2019-01-06 23:07:21', '2019-01-06 23:07:21');

-- --------------------------------------------------------

--
-- Table structure for table `subjects`
--

DROP TABLE IF EXISTS `subjects`;
CREATE TABLE IF NOT EXISTS `subjects` (
  `id` int(11) NOT NULL AUTO_INCREMENT,
  `subject_name` varchar(100) NOT NULL,
  `min_mark` int(11) NOT NULL,
  `max_mark` int(11) NOT NULL,
  `grade_id` varchar(45) NOT NULL,
  `parent_subject_id` int(11) NOT NULL,
  `priority` int(11) NOT NULL DEFAULT '10000',
  `created_at` datetime NOT NULL,
  `updated_at` datetime NOT NULL,
  PRIMARY KEY (`id`),
  UNIQUE KEY `id` (`id`)
) ENGINE=InnoDB AUTO_INCREMENT=377 DEFAULT CHARSET=utf8;

--
-- Dumping data for table `subjects`
--

INSERT INTO `subjects` (`id`, `subject_name`, `min_mark`, `max_mark`, `grade_id`, `parent_subject_id`, `priority`, `created_at`, `updated_at`) VALUES
(282, 'Quran ', 0, 0, '23', 1, 10000, '2018-08-19 13:23:03', '2018-08-26 20:27:40'),
(283, 'Islamic Studies', 0, 0, '23', 1, 10000, '2018-08-26 20:26:17', '2018-08-26 20:26:17'),
(284, 'Islamic Studies', 0, 0, '24', 1, 10000, '2018-08-26 20:29:52', '2018-08-26 20:29:52'),
(285, 'Quran ', 0, 0, '24', 1, 10000, '2018-08-26 20:30:00', '2018-08-26 20:30:00'),
(288, 'Islamic Studies', 0, 0, '25', 1, 10000, '2018-08-26 20:33:27', '2018-08-26 20:33:27'),
(289, 'Quran ', 0, 0, '25', 1, 10000, '2018-08-26 20:33:32', '2018-08-26 20:33:32'),
(292, 'Islamic Studies', 0, 0, '26', 1, 10000, '2018-08-26 20:36:39', '2018-08-26 20:36:39'),
(293, 'Quran ', 0, 0, '26', 1, 10000, '2018-08-26 20:36:46', '2018-08-26 20:36:46'),
(296, 'Islamic Studies', 0, 0, '27', 1, 10000, '2018-08-26 20:40:07', '2018-08-26 20:40:07'),
(297, 'Quran ', 0, 0, '27', 1, 10000, '2018-08-26 20:40:13', '2018-08-26 20:40:13'),
(300, 'Islamic Studies', 0, 0, '29', 1, 10000, '2018-08-26 20:42:54', '2018-08-26 20:42:54'),
(301, 'Quran ', 0, 0, '29', 1, 10000, '2018-08-26 20:43:01', '2018-08-26 20:43:01'),
(304, 'Islamic Studies', 0, 0, '36', 1, 10000, '2018-08-26 20:45:24', '2018-08-26 20:45:24'),
(305, 'Quran ', 0, 0, '36', 1, 10000, '2018-08-26 20:45:33', '2018-08-26 20:45:33'),
(306, 'Islamic Studies', 0, 0, '40', 1, 10000, '2018-08-26 20:45:57', '2018-08-26 20:45:57'),
(307, 'Quran ', 0, 0, '40', 1, 10000, '2018-08-26 20:46:03', '2018-08-26 20:46:03'),
(310, 'Islamic Studies', 0, 0, '41', 1, 10000, '2018-08-26 20:46:49', '2018-08-26 20:46:49'),
(311, 'Quran ', 0, 0, '41', 1, 10000, '2018-08-26 20:46:55', '2018-08-26 20:46:55'),
(314, 'Islamic Studies', 0, 0, '42', 1, 10000, '2018-08-26 21:08:34', '2018-08-26 21:08:34'),
(315, 'Quran ', 0, 0, '42', 1, 10000, '2018-08-26 21:08:46', '2018-08-26 21:08:46'),
(318, 'Islamic Studies', 0, 0, '43', 1, 10000, '2018-08-26 21:10:19', '2018-08-26 21:10:19'),
(319, 'Quran ', 0, 0, '43', 1, 10000, '2018-08-26 21:10:28', '2018-08-26 21:10:28'),
(322, 'Writing', 0, 0, '28', 2, 10000, '2018-09-02 00:11:38', '2019-01-03 18:40:59'),
(323, 'Quran ', 0, 0, '28', 1, 10000, '2018-09-02 00:11:44', '2018-09-02 00:11:44'),
(324, 'Islamic Studies', 0, 0, '28', 1, 10000, '2018-09-02 00:11:48', '2018-09-02 00:11:48'),
(325, 'Arabic', 0, 0, '23', 2, 10000, '2018-09-02 00:12:17', '2018-09-02 00:12:17'),
(326, 'Arabic', 0, 0, '24', 2, 10000, '2018-09-02 00:12:36', '2018-09-02 00:12:36'),
(327, 'Arabic', 0, 0, '25', 2, 10000, '2018-09-02 00:13:07', '2018-09-02 00:13:07'),
(328, 'Writing', 0, 0, '26', 2, 10000, '2018-09-02 00:13:27', '2019-01-03 18:43:25'),
(329, 'Writing', 0, 0, '27', 2, 10000, '2018-09-02 00:13:55', '2019-01-03 18:37:48'),
(330, 'Writing', 0, 0, '29', 2, 10000, '2018-09-02 00:14:32', '2019-01-03 18:44:38'),
(333, 'Arabic', 0, 0, '35', 2, 10000, '2018-09-02 00:14:58', '2018-09-02 00:14:58'),
(334, 'Writing', 0, 0, '40', 2, 10000, '2018-09-02 00:15:39', '2019-01-03 18:39:05'),
(335, 'Writing', 0, 0, '41', 2, 10000, '2018-09-02 00:16:01', '2019-01-03 18:42:21'),
(336, 'Writing', 0, 0, '42', 2, 10000, '2018-09-02 00:16:23', '2019-01-03 18:34:27'),
(337, 'Writing', 0, 0, '43', 2, 10000, '2018-09-02 00:16:51', '2019-01-03 18:36:39'),
(352, 'Activties', 0, 0, '36', 1, 10000, '2018-12-29 16:17:22', '2018-12-29 16:17:22'),
(353, 'Speaking', 0, 0, '42', 2, 10000, '2019-01-03 18:34:37', '2019-01-03 18:34:37'),
(354, 'Reading', 0, 0, '42', 2, 10000, '2019-01-03 18:34:47', '2019-01-03 18:34:47'),
(355, 'Comprehension', 0, 0, '42', 2, 10000, '2019-01-03 18:35:03', '2019-01-03 22:18:12'),
(356, 'Reading', 0, 0, '43', 2, 10000, '2019-01-03 18:36:45', '2019-01-03 18:36:45'),
(357, 'Speaking', 0, 0, '43', 2, 10000, '2019-01-03 18:36:51', '2019-01-03 18:36:51'),
(358, 'Comprehension', 0, 0, '43', 2, 10000, '2019-01-03 18:37:01', '2019-01-03 22:18:25'),
(359, 'Reading', 0, 0, '27', 2, 10000, '2019-01-03 18:37:55', '2019-01-03 18:37:55'),
(360, 'Comprehension', 0, 0, '27', 2, 10000, '2019-01-03 18:38:01', '2019-01-03 22:18:36'),
(361, 'Speaking', 0, 0, '27', 2, 10000, '2019-01-03 18:38:08', '2019-01-03 18:38:08'),
(362, 'Reading', 0, 0, '40', 2, 10000, '2019-01-03 18:39:12', '2019-01-03 18:39:12'),
(363, 'Speaking', 0, 0, '40', 2, 10000, '2019-01-03 18:39:18', '2019-01-03 18:39:18'),
(364, 'Comprehension', 0, 0, '40', 2, 10000, '2019-01-03 18:39:31', '2019-01-03 22:18:49'),
(365, 'Reading', 0, 0, '28', 2, 10000, '2019-01-03 18:41:10', '2019-01-03 18:41:10'),
(366, 'Comprehension', 0, 0, '28', 2, 10000, '2019-01-03 18:41:16', '2019-01-03 22:19:06'),
(367, 'Speaking', 0, 0, '28', 2, 10000, '2019-01-03 18:41:25', '2019-01-03 18:41:25'),
(368, 'Reading', 0, 0, '41', 2, 10000, '2019-01-03 18:42:27', '2019-01-03 18:42:27'),
(369, 'Speaking', 0, 0, '41', 2, 10000, '2019-01-03 18:42:33', '2019-01-03 18:42:33'),
(370, 'Comprehension', 0, 0, '41', 2, 10000, '2019-01-03 18:42:39', '2019-01-03 22:19:23'),
(371, 'Reading', 0, 0, '26', 2, 10000, '2019-01-03 18:43:32', '2019-01-03 18:43:32'),
(372, 'Comprehension', 0, 0, '26', 2, 10000, '2019-01-03 18:43:41', '2019-01-03 22:19:34'),
(373, 'Speaking', 0, 0, '26', 2, 10000, '2019-01-03 18:43:52', '2019-01-03 18:43:52'),
(374, 'Reading', 0, 0, '29', 2, 10000, '2019-01-03 18:44:49', '2019-01-03 18:44:49'),
(375, 'Speaking', 0, 0, '29', 2, 10000, '2019-01-03 18:44:57', '2019-01-03 18:44:57'),
(376, 'Comprehension', 0, 0, '29', 2, 10000, '2019-01-03 18:45:03', '2019-01-03 22:19:59');

-- --------------------------------------------------------

--
-- Table structure for table `teachers`
--

DROP TABLE IF EXISTS `teachers`;
CREATE TABLE IF NOT EXISTS `teachers` (
  `id` int(11) NOT NULL AUTO_INCREMENT,
  `salary` int(11) DEFAULT NULL,
  `user_id` int(11) NOT NULL,
  `assistant_teacher` tinyint(2) NOT NULL,
  `created_at` datetime NOT NULL,
  `updated_at` datetime NOT NULL,
  `deleted` tinyint(2) NOT NULL,
  PRIMARY KEY (`id`),
  KEY `fk_employee_user1_idx` (`user_id`)
) ENGINE=InnoDB AUTO_INCREMENT=47 DEFAULT CHARSET=utf8;

--
-- Dumping data for table `teachers`
--

INSERT INTO `teachers` (`id`, `salary`, `user_id`, `assistant_teacher`, `created_at`, `updated_at`, `deleted`) VALUES
(8, 96523, 51, 1, '2018-05-27 10:53:35', '2018-05-27 10:53:35', 0),
(16, NULL, 63, 1, '2018-08-26 19:27:05', '2018-09-01 23:48:31', 0),
(17, NULL, 64, 1, '2018-08-26 19:30:31', '2018-10-03 01:32:53', 0),
(18, NULL, 65, 1, '2018-08-26 19:34:16', '2018-09-01 23:46:55', 0),
(19, NULL, 66, 1, '2018-08-26 19:35:24', '2018-09-08 19:00:39', 0),
(20, NULL, 67, 1, '2018-08-26 19:37:43', '2018-09-02 00:01:39', 0),
(21, NULL, 68, 1, '2018-08-26 19:39:03', '2018-10-03 01:26:51', 0),
(22, NULL, 69, 2, '2018-08-26 19:40:18', '2018-09-01 23:44:31', 0),
(23, NULL, 70, 2, '2018-08-26 19:42:03', '2018-09-01 20:37:27', 0),
(24, NULL, 71, 1, '2018-08-26 19:43:09', '2018-08-26 19:43:09', 0),
(25, NULL, 72, 1, '2018-08-26 19:44:17', '2018-09-01 20:33:08', 0),
(26, NULL, 73, 1, '2018-08-26 19:45:50', '2018-09-02 00:03:57', 0),
(27, NULL, 74, 1, '2018-08-26 19:47:01', '2018-09-01 23:52:06', 0),
(28, NULL, 75, 1, '2018-08-26 19:48:38', '2018-09-01 23:49:52', 0),
(29, NULL, 76, 1, '2018-08-26 19:49:46', '2018-10-03 01:25:51', 0),
(30, NULL, 77, 1, '2018-08-26 19:50:42', '2018-10-03 01:26:24', 0),
(31, NULL, 78, 1, '2018-08-26 19:51:40', '2018-09-01 20:19:10', 0),
(32, NULL, 79, 1, '2018-08-26 19:52:55', '2018-09-01 23:50:29', 0),
(33, NULL, 80, 1, '2018-08-26 19:54:13', '2018-09-01 23:46:08', 0),
(34, NULL, 81, 1, '2018-08-26 19:55:31', '2018-09-01 23:52:28', 0),
(35, NULL, 82, 2, '2018-08-26 19:56:51', '2018-09-01 23:45:01', 0),
(36, NULL, 83, 1, '2018-08-26 19:57:59', '2018-09-01 23:52:51', 0),
(37, NULL, 84, 2, '2018-08-26 19:59:07', '2018-09-01 23:49:10', 0),
(38, NULL, 85, 1, '2018-08-26 20:00:23', '2018-09-07 19:46:13', 0),
(39, NULL, 86, 2, '2018-08-26 20:01:43', '2018-09-01 23:51:31', 0),
(40, NULL, 87, 2, '2018-08-26 20:02:54', '2018-09-01 23:53:23', 0),
(41, NULL, 88, 2, '2018-08-26 20:05:08', '2018-09-01 23:55:20', 0),
(42, NULL, 89, 2, '2018-08-26 20:06:09', '2018-09-01 20:45:23', 0),
(43, NULL, 90, 1, '2018-08-26 20:08:09', '2018-09-01 22:11:41', 0),
(44, NULL, 144, 2, '2018-09-01 23:54:52', '2018-09-01 23:54:52', 0),
(45, NULL, 145, 2, '2018-09-01 23:56:09', '2018-09-07 14:43:28', 0),
(46, NULL, 441, 1, '2019-01-20 04:18:51', '2019-01-20 04:19:09', 0);

-- --------------------------------------------------------

--
-- Table structure for table `teachers_notes`
--

DROP TABLE IF EXISTS `teachers_notes`;
CREATE TABLE IF NOT EXISTS `teachers_notes` (
  `id` int(11) NOT NULL AUTO_INCREMENT,
  `teacher_id` int(11) NOT NULL,
  `note_text` text NOT NULL,
  `note_date` date NOT NULL,
  `created_at` datetime NOT NULL,
  `updated_at` datetime NOT NULL,
  PRIMARY KEY (`id`)
) ENGINE=MyISAM AUTO_INCREMENT=14 DEFAULT CHARSET=utf8;

--
-- Dumping data for table `teachers_notes`
--

INSERT INTO `teachers_notes` (`id`, `teacher_id`, `note_text`, `note_date`, `created_at`, `updated_at`) VALUES
(12, 20, 'Assistnat for Pre-1. \r\nTeacher for 1st grade. ', '2018-09-01', '2018-09-02 00:03:03', '2018-09-02 00:03:11'),
(13, 25, 'Assistant for Beginners. \r\nQuran Teacher for 1st. ', '2018-09-01', '2018-09-02 00:20:32', '2018-09-02 00:20:32');

-- --------------------------------------------------------

--
-- Table structure for table `users`
--

DROP TABLE IF EXISTS `users`;
CREATE TABLE IF NOT EXISTS `users` (
  `id` int(11) NOT NULL AUTO_INCREMENT,
  `ip_address` varchar(45) NOT NULL,
  `username` varchar(100) NOT NULL,
  `password` varchar(255) NOT NULL,
  `non_encrept_pass` varchar(255) NOT NULL,
  `salt` varchar(255) DEFAULT NULL,
  `email` varchar(255) NOT NULL,
  `email2` varchar(255) DEFAULT NULL,
  `activation_code` varchar(40) NOT NULL,
  `first_name` varchar(45) NOT NULL,
  `last_name` varchar(45) NOT NULL,
  `father_name` varchar(45) DEFAULT NULL,
  `mother_name` varchar(45) DEFAULT NULL,
  `address` varchar(45) DEFAULT NULL,
  `mobile` varchar(15) NOT NULL,
  `phone` varchar(15) DEFAULT NULL,
  `forgotten_password_code` varchar(40) DEFAULT NULL,
  `forgotten_password_time` int(11) DEFAULT NULL,
  `remember_code` varchar(40) DEFAULT NULL,
  `created_on` int(11) NOT NULL,
  `last_login` int(11) DEFAULT NULL,
  `active` tinyint(1) DEFAULT NULL,
  `company` varchar(100) DEFAULT NULL,
  `created_at` datetime NOT NULL,
  `updated_at` datetime NOT NULL,
  `deleted` tinyint(4) NOT NULL,
  `type` enum('admin','employee','student','teacher','parent') NOT NULL,
  `birthdate` date NOT NULL DEFAULT '2000-01-01',
  PRIMARY KEY (`id`),
  UNIQUE KEY `username` (`username`),
  UNIQUE KEY `email` (`email`)
) ENGINE=InnoDB AUTO_INCREMENT=442 DEFAULT CHARSET=utf8;

--
-- Dumping data for table `users`
--

INSERT INTO `users` (`id`, `ip_address`, `username`, `password`, `non_encrept_pass`, `salt`, `email`, `email2`, `activation_code`, `first_name`, `last_name`, `father_name`, `mother_name`, `address`, `mobile`, `phone`, `forgotten_password_code`, `forgotten_password_time`, `remember_code`, `created_on`, `last_login`, `active`, `company`, `created_at`, `updated_at`, `deleted`, `type`, `birthdate`) VALUES
(1, '::1', 'admin@admin.com', '$2y$08$BY.ghT78ZEoUqX.YtzjIXuwHXOYEnImrW8LDzjDozvbTTw/J2z/ey', 'GX2!#vbr&,#~', NULL, 'admin@admin.com', NULL, '', 'admin', '', '', '', '23', '23', '2', NULL, NULL, NULL, 1525932546, 1552112201, 1, NULL, '2018-05-15 00:00:00', '2019-02-05 00:07:16', 0, 'admin', '2000-01-01'),
(63, '97.73.244.53', 'jalmajzoub@gmail.com', '$2y$08$2upcDhVxNO1T0Hx3Jp9fv.DA8MAV62bL0fbJbSKDNc0tN4GUyqzZ6', 'jida1234', NULL, 'jalmajzoub@gmail.com', NULL, '', 'Jida', 'Al-Majzoub', 'N/A', 'N/A', '', '626-428-7374', '', NULL, NULL, NULL, 1535311625, 1547350021, 1, NULL, '0000-00-00 00:00:00', '2018-09-01 23:48:31', 0, 'teacher', '1976-05-10'),
(64, '97.73.244.53', 'bkana2000@gmail.com', '$2y$08$S/I1U3QdLblq5XAcrEFg3O8a1gBpU6rOxZuhYoDipF5cRz.PJVZJO', 'bkana456', NULL, 'bkana2000@gmail.com', NULL, '', 'Bushra ', 'Kanawati', 'N/A', 'N/A', '', '714-767-0884', '', NULL, NULL, NULL, 1535311831, 1547286440, 1, NULL, '0000-00-00 00:00:00', '2018-10-03 01:32:53', 0, 'teacher', '2018-01-01'),
(65, '97.73.244.53', 'nabdina@hotmail.com', '$2y$08$cqcBhAJLZGFalnlrUvFfIupUhvijQuQnJwjsumztMgOlkmEiesU..', 'dina89000', NULL, 'nabdina@hotmail.com', NULL, '', 'Dina', 'Assil', 'N/A', 'N/A', '', '951-751-9073', '', NULL, NULL, NULL, 1535312056, 1547257749, 1, NULL, '0000-00-00 00:00:00', '2018-09-01 23:46:55', 0, 'teacher', '1968-07-05'),
(66, '97.73.244.53', 'bayannaamani@gmail.com', '$2y$08$l6WsEhSXWPlEFQPsAeuqCu14eCPp.VI.uiHPFYUljZTIrr3Qyk5Ki', 'bino7486', NULL, 'bayannaamani@gmail.com', NULL, '', 'Bayan', 'Naamani', 'N/A', 'N/A', '', '714-732-1830', '', NULL, NULL, NULL, 1535312124, 1548685297, 1, NULL, '0000-00-00 00:00:00', '2018-09-08 19:00:39', 0, 'teacher', '1986-02-01'),
(67, '97.73.244.53', 'estwani94@gmail.com', '$2y$08$ygYj0Lu4xymeURv8eIN36.sQe0GEScVX3Go0DEU/ekIWXaGtm5yMu', 'dima9494', NULL, 'estwani94@gmail.com', NULL, '', 'Dima', 'Estwani', 'N/A', 'N/A', '', '714-883-5360', '', NULL, NULL, NULL, 1535312263, 1547323111, 1, NULL, '0000-00-00 00:00:00', '2018-09-02 00:01:39', 0, 'teacher', '1994-05-22'),
(68, '97.73.244.53', 'estwani11@gmail.com', '$2y$08$41bzvaD1Kgei5x7ijE/vAeD1Xp9eE2XdaAF.hNF3Vd/AQ5f9mLAqK', 'hania1101', NULL, 'estwani11@gmail.com', NULL, '', 'Hania', 'Estwani', 'N/A', 'N/A', '', '714-883-5408', '', NULL, NULL, NULL, 1535312343, 1547002561, 1, NULL, '0000-00-00 00:00:00', '2018-10-03 01:26:51', 0, 'teacher', '2018-01-01'),
(69, '97.73.244.53', 'itafmurrah@yahoo.com', '$2y$08$yzC9KXVgauh.5ZWZLuwNw.ttyCQaq4EVpqS6PUBz80EXdZEfxw4ui', 'itafmurrah123', NULL, 'itafmurrah@yahoo.com', NULL, '', 'Itaf', 'Zoubiedi', 'N/A', 'N/A', '', '562-291-9585', '', NULL, NULL, NULL, 1535312418, 1537046232, 1, NULL, '0000-00-00 00:00:00', '2018-09-01 23:44:31', 0, 'teacher', '1970-01-15'),
(70, '97.73.244.53', 'joumanaalsawaf@hotmail.com', '$2y$08$ukJPOrWGvLsQZHdE5COvROWxt2x6bYwIsq/1Nzs21r2FELc4a3sEy', 'joumana456', NULL, 'joumanaalsawaf@hotmail.com', NULL, '', 'Joumana', 'Alsawaf', 'N/A', 'N/A', '', '951-220-1828', '', NULL, NULL, NULL, 1535312523, 1546294981, 1, NULL, '0000-00-00 00:00:00', '2018-09-01 20:37:27', 0, 'teacher', '1963-05-28'),
(71, '97.73.244.53', 'layla0720@gmail.com', '$2y$08$34jSVZW8BD9KUWtDAHrETOos3laLWEN/3c2tfHts05NRT3B0/J82u', 'layla0720', NULL, 'layla0720@gmail.com', NULL, '', 'Layla ', 'Bahar Aloom', 'N/A', 'N/A', '', '', '', NULL, NULL, NULL, 1535312589, NULL, 1, NULL, '0000-00-00 00:00:00', '0000-00-00 00:00:00', 0, 'teacher', '2018-01-01'),
(72, '97.73.244.53', 'linadoughani@gmail.com', '$2y$08$hYC00q0kddMF3lvIJtwpmu7x/2GsolGTp15sT72FDjP5mNmy.hrZq', 'lina1020', NULL, 'linadoughani@gmail.com', NULL, '', 'Lina', 'Doughani', 'N/A', 'N/A', '', '714-310-2683', '', NULL, NULL, NULL, 1535312657, 1547269998, 1, NULL, '0000-00-00 00:00:00', '2018-09-01 20:33:08', 0, 'teacher', '1975-04-26'),
(73, '97.73.244.53', 's.maysan84@gmail.com', '$2y$08$xu5lhXzOongyAxoGKHvxq.LvJ0FciGfTdWXNvTb.as5qaDg7Sqhoa', 'maysan84', NULL, 's.maysan84@gmail.com', NULL, '', 'Maysan', 'Saad Alden', 'N/A', 'N/A', '', '714-728-7118', '', NULL, NULL, NULL, 1535312750, 1546707378, 1, NULL, '0000-00-00 00:00:00', '2018-09-02 00:03:57', 0, 'teacher', '1984-02-28'),
(74, '97.73.244.53', 'maysounkattan@hotmail.com', '$2y$08$VTn0CM8qyDnzZewoiRW6p.rnVLrkkEGwhyri4wNEXrTx8tQHbpHHu', 'maysoun11', NULL, 'maysounkattan@hotmail.com', NULL, '', 'Maysoun', 'Kattan', 'N/A', 'N/A', '', '714-209-3289', '', NULL, NULL, NULL, 1535312821, 1547344249, 1, NULL, '0000-00-00 00:00:00', '2018-09-01 23:52:06', 0, 'teacher', '1963-01-20'),
(75, '97.73.244.53', 'nada84us@yahoo.com', '$2y$08$t//1tq2MUkN3YDBXPxScGegkiOktBu65dlgy9iGCR1snrgCoWpGjO', 'nada8411', NULL, 'nada84us@yahoo.com', NULL, '', 'Nada', 'Najjar', 'N/A', 'N/A', '', '909-614-3326', '', NULL, NULL, NULL, 1535312918, 1547273306, 1, NULL, '0000-00-00 00:00:00', '2018-09-01 23:49:52', 0, 'teacher', '1965-05-12'),
(76, '97.73.244.53', '22noor22noor@gmail.com', '$2y$08$h0DjKIdQ7bmA27uWxZfF/.9NnFsUM6yYCxz3nGIFf3w1RBeb5h6wW', '22noor22noor', NULL, '22noor22noor@gmail.com', NULL, '', 'Noor', 'Naji', 'N/A', 'N/A', '', '626-324-3521', '', NULL, NULL, NULL, 1535312986, 1539998991, 1, NULL, '0000-00-00 00:00:00', '2018-10-03 01:25:51', 0, 'teacher', '2001-02-02'),
(77, '97.73.244.53', 'malam@minaretacademy.net', '$2y$08$3w62oSt7dy8uhCyZkFOStubQuI8VJItG/jBbAGMzuJMSNK6mPQKI6', 'malam2222', NULL, 'malam@minaretacademy.net', NULL, '', 'Mayada', 'Alam', 'N/A', 'N/A', '', '714-727-9313', '', NULL, NULL, NULL, 1535313042, NULL, 1, NULL, '0000-00-00 00:00:00', '2018-10-03 01:26:24', 0, 'teacher', '2018-01-01'),
(78, '97.73.244.53', 'raniaalzabibi@hotmail.com', '$2y$08$i2AzqiW9ff7I8Sp2dJQRAuAwtFFXrCbHsjGJfAiMAWP0ceyT7lX4G', 'rania1257', NULL, 'raniaalzabibi@hotmail.com', NULL, '', 'Rania', 'Alzabibi', 'N/A', 'N/A', '', '714-403-0793', '', NULL, NULL, NULL, 1535313100, 1547257759, 1, NULL, '0000-00-00 00:00:00', '2018-09-01 20:19:10', 0, 'teacher', '1979-07-05'),
(79, '97.73.244.53', 'rjaboulie@hotmail.com', '$2y$08$Pim/jYoaT6najpu.zr6DZeixuqrT0onnEW8tRZ9N2BbEzhLjvGV7m', 'rjaboulie33', NULL, 'rjaboulie@hotmail.com', NULL, '', 'Roua ', 'Jaboulie', 'N/A', 'N/A', '', '714-725-2197', '', NULL, NULL, NULL, 1535313175, 1547305310, 1, NULL, '0000-00-00 00:00:00', '2018-09-01 23:50:29', 0, 'teacher', '1972-10-01'),
(80, '97.73.244.53', 'samahmisri@gmail.com', '$2y$08$5PUXs6PPGZNB1Mbr3f1EAe/LzZBmyQ29onQLCW.lTgm4XLJGHidUu', 'samahmisri555', NULL, 'samahmisri@gmail.com', NULL, '', 'Samah', 'Misri', 'N/A', 'N/A', '', '714-873-4456', '', NULL, NULL, NULL, 1535313253, 1545337380, 1, NULL, '0000-00-00 00:00:00', '2018-09-01 23:46:08', 0, 'teacher', '2018-09-01'),
(81, '97.73.244.53', 'sarahest64@gmail.com', '$2y$08$WpWOQaBjZlFDLvy25JzZWONlca2memIPH1Xc1vJBysE8DntsrdwUu', 'sarahest64', NULL, 'sarahest64@gmail.com', NULL, '', 'Sarah', 'Estwani', 'N/A', 'N/A', '', '714-873-4458', '', NULL, NULL, NULL, 1535313331, 1547303121, 1, NULL, '0000-00-00 00:00:00', '2018-09-01 23:52:28', 0, 'teacher', '2018-04-06'),
(82, '97.73.244.53', 'shaimaahaithem@gmail.com', '$2y$08$4Uxy8ocM.3NtBszwhjyLhOhe8zZ2RxbX41WIRuCinmZHiPwcuAXkC', 'shaimaa345', NULL, 'shaimaahaithem@gmail.com', NULL, '', 'Shaimaa', 'Ahmed', 'N/A', 'N/A', '', '949-690-4913', '', NULL, NULL, NULL, 1535313411, NULL, 1, NULL, '0000-00-00 00:00:00', '2018-09-01 23:45:02', 0, 'teacher', '1970-01-15'),
(83, '97.73.244.53', 'suha.attar@gmail.com', '$2y$08$pSUs005/0mwtDHCG/6bdhuhqh979zPkXMy5G8UptWXn8Rz87sS6RG', 'suhaa789', NULL, 'suha.attar@gmail.com', NULL, '', 'Suha', 'Attar', 'N/A', 'N/A', '', '562-330-3947', '', NULL, NULL, NULL, 1535313479, 1547270985, 1, NULL, '0000-00-00 00:00:00', '2018-09-01 23:52:51', 0, 'teacher', '1964-06-09'),
(84, '97.73.244.53', 'zeina@zsquared.me', '$2y$08$EeCv8TbBFg6EBFBf4vUGq.xCdSmJb3XXQVtb88hSadSfWfJ7HIYOS', 'zsquared22', NULL, 'zeina@zsquared.me', NULL, '', 'Zeina', 'El-Kassem', 'N/A', 'N/A', '', '714-261-5545', '', NULL, NULL, NULL, 1535313547, 1546537916, 1, NULL, '0000-00-00 00:00:00', '2018-09-01 23:49:10', 0, 'teacher', '2018-01-27'),
(85, '97.73.244.53', 'baroutaji70@hotmail.com', '$2y$08$5Kv.CRDUo1uJaUVCwH3jLuxdotAzOzFTzRMMsL7ZTZoyhVQQIfZX6', 'hazarbar70', NULL, 'baroutaji70@hotmail.com', NULL, '', 'Hazar', 'Baroutaji', 'N/A', 'N/A', '', '714-510-4771', '', NULL, NULL, NULL, 1535313623, 1538497146, 1, NULL, '0000-00-00 00:00:00', '2018-09-07 19:46:13', 0, 'teacher', '1970-09-14'),
(86, '97.73.244.53', 'joudy47@gmail.com', '$2y$08$IXhefj/3cFGzFHNWBB23/.QFwvnfArfyAxctRIyWDrMTfs4mSXldW', 'joudy477', NULL, 'joudy47@gmail.com', NULL, '', 'Joudy', 'Abdulal', 'N/A', 'N/A', '', '901-642-3878', '', NULL, NULL, NULL, 1535313703, 1536428987, 1, NULL, '0000-00-00 00:00:00', '2018-09-01 23:51:31', 0, 'teacher', '1998-05-10'),
(87, '97.73.244.53', 'riskandarani25@gmail.com', '$2y$08$yyw4iODBZI96PeAU9w0cZ.QUsjPUgfto9P/ZcjtSXrK67gns3JC/K', 'ramaisk25', NULL, 'riskandarani25@gmail.com', NULL, '', 'Rama', 'Iskandarani', 'N/A', 'N/A', '', '714-399-8902', '', NULL, NULL, NULL, 1535313774, NULL, 1, NULL, '0000-00-00 00:00:00', '2018-09-01 23:53:23', 0, 'teacher', '1997-05-17'),
(88, '97.73.244.53', 'ranamtow@yahoo.com', '$2y$08$pdYU6989vaVOCEutHJ939.nHjOnALGCfEAsJwpObx5TZvv6VToPOW', 'ranamtow', NULL, 'ranamtow@yahoo.com', NULL, '', 'Rana', 'Almughrabi', 'N/A', 'N/A', '', '714-737-5148', '', NULL, NULL, NULL, 1535313908, 1546922260, 1, NULL, '0000-00-00 00:00:00', '2018-09-01 23:55:20', 0, 'teacher', '1973-01-01'),
(89, '97.73.244.53', 'saloum_83@yahoo.com', '$2y$08$1ILUP7AJd4g6lZ.nEEwCreO06vCQo0DAg2KHaNoyZgRzvhEkvKu2i', 'salmasaleh83', NULL, 'saloum_83@yahoo.com', NULL, '', 'Selma', 'Saleh', 'N/A', 'N/A', '', '714-829-0298', '', NULL, NULL, NULL, 1535313969, 1538845343, 1, NULL, '0000-00-00 00:00:00', '2018-09-01 20:45:23', 0, 'teacher', '1983-10-08'),
(90, '97.73.244.53', 'samarmoheddin@yahoo.com', '$2y$08$zBH5N0tgsx2PzqWfFPjode3DkLznzCimL6dvOMGe3vh4Se8cwymIm', 'samar678', NULL, 'samarmoheddin@yahoo.com', NULL, '', 'Samar', 'Hajjar', 'N/A', 'N/A', '', '714-767-1826', '', NULL, NULL, NULL, 1535314089, 1546295015, 1, NULL, '0000-00-00 00:00:00', '2018-09-01 22:11:41', 0, 'teacher', '2018-01-01'),
(95, '97.73.244.53', 'haninjaber2006@hotmail.com', '$2y$08$nCTSME.WV079J//Uiu8KNurRcno1z1g7wxP5YGiF.LXfeNKfFsIxe', 'Alashqar2006', NULL, 'haninjaber2006@hotmail.com', '', '', '', '', 'Hesham', 'Hanin Jaber', '3146 W Ball Rd # 13 Anaheim, CA 92804', '', NULL, NULL, NULL, NULL, 1535691562, NULL, 1, NULL, '0000-00-00 00:00:00', '2018-08-31 05:00:24', 0, 'parent', '2000-01-01'),
(97, '97.73.244.53', 'Alifadumo673@gmail.com', '$2y$08$z/1Pe59x83i/AirIVr0qt./kjuee1gMY1eNbjH/FCUNfqGPMoS92u', 'zdahir673', NULL, 'Alifadumo673@gmail.com', '', '', '', '', 'Abdirashid', 'Fadumo Ali', '111 W Elm Street #409 Anaheim, CA 92805', '', NULL, NULL, NULL, NULL, 1535692791, NULL, 1, NULL, '0000-00-00 00:00:00', '0000-00-00 00:00:00', 0, 'parent', '2000-01-01'),
(98, '97.73.244.53', 'leesaharoun@yahoo.com', '$2y$08$NQNyUzXJGaV1KgHp2IJlAeAqpm4Qy5kTPuyimEC5kj6dJ8o48Y.B2', 'leesalelass123', NULL, 'leesaharoun@yahoo.com', '', '', '', '', 'Haroun', 'Ghada Haroun', '201 E Chapman Ave 41N Placentia, CA 92870', '', NULL, NULL, NULL, NULL, 1535693430, NULL, 1, NULL, '0000-00-00 00:00:00', '0000-00-00 00:00:00', 0, 'parent', '2000-01-01'),
(99, '97.73.244.53', 'rafidalkaisi@gmail.com', '$2y$08$lTzjYdw6gBFfzggH5Yb5Q.aO.dYRmCd29CPdAiXGXyqmItyw1IHP6', 'afalqaisi44', NULL, 'rafidalkaisi@gmail.com', '', '', '', '', 'Rafid Alkaisi', 'Noor Alnayyar', '8113 Cerritos Ave Apt# 79 Stanton, CA 90680', '', NULL, NULL, NULL, NULL, 1535693833, NULL, 1, NULL, '0000-00-00 00:00:00', '0000-00-00 00:00:00', 0, 'parent', '2000-01-01'),
(100, '97.73.244.53', 'ramroumeh@hotmail.com', '$2y$08$PUFdlTRup7Ya2sSmrIKiEuB6gWXBiRMue8fRMKAap6jAwqIGF13OK', 'bouhairi123', NULL, 'ramroumeh@hotmail.com', '', '', '', '', 'Karim', 'Lamiaa Khayat', '124 Pendant Irvine, CA 92620', '', NULL, NULL, NULL, NULL, 1535694340, NULL, 1, NULL, '0000-00-00 00:00:00', '0000-00-00 00:00:00', 0, 'parent', '2000-01-01'),
(101, '97.73.244.53', 'wkeshk@yahoo.com', '$2y$08$iM2TN5Z33FalEch6XAnAk.xo3CpktG1gNdhG5cRY12Luf.hk0zQWa', 'keshk387', NULL, 'wkeshk@yahoo.com', 'aiatraafat@yahoo.com', '', '', '', 'Walied', 'Aiat Keshk', '387 Draft Way Placentia, CA 92870', '', NULL, NULL, NULL, NULL, 1535694546, NULL, 1, NULL, '0000-00-00 00:00:00', '0000-00-00 00:00:00', 0, 'parent', '2000-01-01'),
(103, '97.73.244.53', 'hananalziq@gmail.com', '$2y$08$ShIcVm3KzElKZCK8fQi5XOYmcOGBgqITMcTmQG1ylZhF2HHXMqsdi', 'nasif1700', NULL, 'hananalziq@gmail.com', '', '', '', '', 'Ahmed', 'Hanan Zak', '1700 West Cerritos Ave unit 139 Anaheim, CA 9', '', NULL, NULL, NULL, NULL, 1535742393, NULL, 1, NULL, '0000-00-00 00:00:00', '0000-00-00 00:00:00', 0, 'parent', '2000-01-01'),
(105, '134.71.249.23', 'rizana.huda@gmail.com', '$2y$08$.3456IL.MLBQIpxFFU9/TOXwgNJtXTigCQu0YPid8KXBqarixMV4i', 'setiawan456', NULL, 'rizana.huda@gmail.com', 'wsetiawan3@yahoo.com', '', '', '', 'Willy', 'Rizana Huda', '18946 Vickie Ave #03 Cerritos, CA 90703', '', NULL, NULL, NULL, NULL, 1535747865, NULL, 1, NULL, '0000-00-00 00:00:00', '0000-00-00 00:00:00', 0, 'parent', '2000-01-01'),
(106, '134.71.249.23', 'khalil.itani1@gmail.com', '$2y$08$86z6JSyGjUBahqIsp0ZVKuHyXRtpmiJeIhu7GsFhUeD8AS3pF0jN2', 'itani2527', NULL, 'khalil.itani1@gmail.com', 'cestrada2527@yahoo.com', '', '', '', 'Khalil', 'Celia Estrada', '14740 San Esteban Dr. La Mirada, CA 90638', '', NULL, NULL, NULL, NULL, 1535748339, NULL, 1, NULL, '0000-00-00 00:00:00', '0000-00-00 00:00:00', 0, 'parent', '2000-01-01'),
(107, '97.73.244.53', 's.abouelazm@gmail.com', '$2y$08$l0kiZBykEj9V73xsswkVfOzt1OTZf9Q9qLvN34E13T7Q1xvKMrfim', 'elkamash180', NULL, 's.abouelazm@gmail.com', '', '', '', '', 'Mohamed', 'Sherin Abouelazm', '180 N Muller St. #205 Anaheim, CA 92801', '', NULL, NULL, NULL, NULL, 1535756323, NULL, 1, NULL, '0000-00-00 00:00:00', '2018-10-13 20:26:09', 0, 'parent', '2000-01-01'),
(108, '97.73.244.53', 'dinasaied14@gmail.com', '$2y$08$3H9lxjhThsAied0v84.Ox.IbCddY/3Kca.WdtaCSvzoQBDrSRueZ6', 'abdelbaky14', NULL, 'dinasaied14@gmail.com', 'elarabyy@hotmail.com', '', '', '', 'Mahmoud', 'Dina Saied', '310 S Jefferson St. Placentia, CA 92870', '', NULL, NULL, NULL, NULL, 1535756687, NULL, 1, NULL, '0000-00-00 00:00:00', '0000-00-00 00:00:00', 0, 'parent', '2000-01-01'),
(109, '97.73.244.53', 'mahmood1_200y@yahoo.com', '$2y$08$T8ExrwQNxzm77f6uuu/cZesBysc9u2WtgxsyjgwIwRG/It7T/P3ZW', 'alshekhle1200', NULL, 'mahmood1_200y@yahoo.com', '', '', '', '', 'Mahmood', 'Qutadah Mohammed', '712 E South St 203, Anaheim, CA 92805', '', NULL, NULL, NULL, NULL, 1535757027, NULL, 1, NULL, '0000-00-00 00:00:00', '0000-00-00 00:00:00', 0, 'parent', '2000-01-01'),
(110, '97.73.244.53', 'ghadiaw@yahoo.com', '$2y$08$4hYeoBJERDEXIPO/luG6WO4p8AoXm7OwAJ2RWQ4RwxW4Zxt/LzUZu', 'awad1779', NULL, 'ghadiaw@yahoo.com', '', '', '', '', 'N/A', 'Ghadeer Awad', '1779 Majestic Dr. Corona, CA 92880', '', NULL, NULL, NULL, NULL, 1535757397, NULL, 1, NULL, '0000-00-00 00:00:00', '2018-12-08 19:23:16', 0, 'parent', '2000-01-01'),
(111, '97.73.244.53', 'dkarim803@gmail.com', '$2y$08$j3DWwp0iMN0VrGVRpeOv2OvJTrCHWRsa5ylsfESf2RZ4WobT0oa6S', 'abdelkarim803', NULL, 'dkarim803@gmail.com', '', '', '', '', 'Arafat', 'Donia Abdelkarim', '85 Legacy Way Irvine, CA 92602', '', NULL, NULL, NULL, NULL, 1535757663, NULL, 1, NULL, '0000-00-00 00:00:00', '0000-00-00 00:00:00', 0, 'parent', '2000-01-01'),
(112, '97.73.244.53', 'Htahiri@ymail.com', '$2y$08$hkyIkanpgD5.iESl1aWLKuiWor0lBR6r/MooGee13lT2kVUcQ14rW', 'tahiri9280', NULL, 'Htahiri@ymail.com', '', '', '', '', 'Yousuf', 'Hediya Tahiri', '928 South Flint Ridge Way, Anaheim, CA 92808', '', NULL, NULL, NULL, NULL, 1535759015, NULL, 1, NULL, '0000-00-00 00:00:00', '0000-00-00 00:00:00', 0, 'parent', '2000-01-01'),
(113, '97.73.244.53', 'lanalanon@gmail.com', '$2y$08$K630lulcGoqv.drn556UfOGw9O6zkqzvesPMe5srwX7G6UkDcoCwy', 'aldajani6407', NULL, 'lanalanon@gmail.com', '', '', '', '', 'Tiem', 'Lana Aldajani', '6407 E. Calle Del Norte Anaheim, CA 92807', '', NULL, NULL, NULL, NULL, 1535759324, NULL, 1, NULL, '0000-00-00 00:00:00', '0000-00-00 00:00:00', 0, 'parent', '2000-01-01'),
(114, '97.73.244.53', 'rama.sabeh@gmail.com', '$2y$08$QHJ0nApfPsOGfRNBmv6EKO963Q.kD0CRgzK8zBUa.GnFYVR3EWb/O', 'habibeh8215', NULL, 'rama.sabeh@gmail.com', '', '', '', '', 'Abdulkareem', 'Rama Sabeh', '8215 E. White Oak Ridge Unit 95, Orange, CA 9', '', NULL, NULL, NULL, NULL, 1535759491, NULL, 1, NULL, '0000-00-00 00:00:00', '0000-00-00 00:00:00', 0, 'parent', '2000-01-01'),
(115, '97.73.244.53', 'Shantash_99@yahoo.com', '$2y$08$Ov/JV692iGbbHzabr/pnJ.fEwNWj66H8ynck1FVImNQOuojN5vCsC', 'abuseer99', NULL, 'Shantash_99@yahoo.com', '', '', '', '', 'Ehab Abu Sair', 'Samah Abu Hantash', '125 N. Maude ln, Anaheim, CA 92807	', '', NULL, NULL, NULL, NULL, 1535760626, NULL, 1, NULL, '0000-00-00 00:00:00', '0000-00-00 00:00:00', 0, 'parent', '2000-01-01'),
(116, '97.73.244.53', 'bushranoor_10@hotmail.com', '$2y$08$BzcHhyd6anDHuqtA302ff.nXHkXLd8igSTDMXcgjuL09ZtKFSOARy', 'sheikh21510', NULL, 'bushranoor_10@hotmail.com', '', '', '', '', 'Abdul Ghaffar', 'Bushra Sheikh', '215 N. Magnolia Ave. Anaheim # D Anaheim, CA ', '', NULL, NULL, NULL, NULL, 1535761278, NULL, 1, NULL, '0000-00-00 00:00:00', '0000-00-00 00:00:00', 0, 'parent', '2000-01-01'),
(117, '97.73.244.53', 'firasabdulrahman@yahoo.com', '$2y$08$cqdDTnjLVeqbFIb4ooVOU.hahUstJqoTa7Cpsehrw9un6FIHbxcwi', 'abdulrahman13032', NULL, 'firasabdulrahman@yahoo.com', '', '', '', '', 'Firas', 'Rasha', '13032 Casa Linda ln apt B Garden Grove, CA 92', '', NULL, NULL, NULL, NULL, 1535761572, NULL, 1, NULL, '0000-00-00 00:00:00', '0000-00-00 00:00:00', 0, 'parent', '2000-01-01'),
(118, '97.73.244.53', 'yasiralrikabi@gmail.com', '$2y$08$3k4y1PlSH1t3IH6lh63xXORq0wzhG/at.4UaKWTDnp4WAAxOd6DU2', 'alrikabi2828', NULL, 'yasiralrikabi@gmail.com', '', '', '', '', 'Yasir', 'Sarah Nafea', '2828 W.Lincoln Ave Anaheim, CA 92801', '', NULL, NULL, NULL, NULL, 1535762380, 1538404956, 1, NULL, '0000-00-00 00:00:00', '0000-00-00 00:00:00', 0, 'parent', '2000-01-01'),
(119, '97.73.244.53', 'neso_77@hotmail.com', '$2y$08$H8BEshqieLYpMDL8sVtxpOVV3.dkKPPl2zYSZFSqc2SEI0RmBl3ai', 'neso7740', NULL, 'neso_77@hotmail.com', '', '', '', '', 'Feras', 'Nisreen AlKhateeb', '4 Wilking Drive, Irvine, CA 92620', '', NULL, NULL, NULL, NULL, 1535762696, NULL, 1, NULL, '0000-00-00 00:00:00', '0000-00-00 00:00:00', 0, 'parent', '2000-01-01'),
(120, '97.73.244.53', 'dgismail@aol.com', '$2y$08$gl2zZRrHLRlXHYziJmjFU.8G9dAVcmtN1oMQbN5g14Xl0leoOkpuO', 'ismail9096', NULL, 'dgismail@aol.com', '', '', '', '', 'Samer', 'Donia Ismail', '9096 Fallbrook Canyon Drive, Corona, CA 92883', '', NULL, NULL, NULL, NULL, 1535763295, NULL, 1, NULL, '0000-00-00 00:00:00', '0000-00-00 00:00:00', 0, 'parent', '2000-01-01'),
(121, '97.73.244.53', 'karaki99@yahoo.com', '$2y$08$8vtxnyiH1UigZ4VRcxoc5OYZl/LIompe2wzgQqw06fTdvKEMaFW9W', '99kloubkaraki', NULL, 'karaki99@yahoo.com', '', '', '', '', 'Emad', 'Sondos Kloub', '409 S. Windmill Ln Anaheim, CA, 92807', '', NULL, NULL, NULL, NULL, 1535763747, NULL, 1, NULL, '0000-00-00 00:00:00', '0000-00-00 00:00:00', 0, 'parent', '2000-01-01'),
(122, '97.73.244.53', 'uzma_munnee@yahoo.com', '$2y$08$yi4jphx.M7Mb28AcqoOzXu3CWLnOQPRuMItxvJhUl8VzcDugNcWGa', 'mamsa8850', NULL, 'uzma_munnee@yahoo.com', 'abdur.mamsa@gmail.com', '', '', '', 'Abdurrehman ', 'Uzma Mamsa', '8850 East Garden View Drive Anaheim, CA 92808', '', NULL, NULL, NULL, NULL, 1535764261, NULL, 1, NULL, '0000-00-00 00:00:00', '0000-00-00 00:00:00', 0, 'parent', '2000-01-01'),
(123, '97.73.244.53', 'zidansfun@gmail.com', '$2y$08$gt1b9S8Na.SBacpzlw1otOJQGtSb0Dg9bwDU9qlXw28mPD1dKY9Pu', 'zidan852', NULL, 'zidansfun@gmail.com', '', '', '', '', 'Walid', 'Zaena Sabeh', '852 South Endicott Court Anaheim Hills 92808', '', NULL, NULL, NULL, NULL, 1535764579, NULL, 1, NULL, '0000-00-00 00:00:00', '0000-00-00 00:00:00', 0, 'parent', '2000-01-01'),
(124, '97.73.244.53', 'sbahrawy@hotmail.com', '$2y$08$N/WZwbG0MeLoMD6K/GCQu.SnwYNyieL0SqXhiTNV7jNXYArRW2Opi', 'bahrawy2531', NULL, 'sbahrawy@hotmail.com', '', '', '', '', 'Mostafa', 'Dina Kandil', '2531 Thistlewood lane, Corona, CA 92882', '', NULL, NULL, NULL, NULL, 1535765755, NULL, 1, NULL, '0000-00-00 00:00:00', '0000-00-00 00:00:00', 0, 'parent', '2000-01-01'),
(125, '97.73.244.53', 'abuhajjaj@yahoo.com', '$2y$08$Diu6WZKKzbaMitJ9aGBYHOmcUqhZNgHSW5NI7cJh2Oes37uKoeuj6', 'hajjaj5845', NULL, 'abuhajjaj@yahoo.com', '', '', '', '', 'Iyad', 'Karen Abuhajjaj', '5845 Brushwood Court Chino Hills, CA 91709', '', NULL, NULL, NULL, NULL, 1535765967, NULL, 1, NULL, '0000-00-00 00:00:00', '0000-00-00 00:00:00', 0, 'parent', '2000-01-01'),
(126, '97.73.244.53', 'dydoria@yahoo.com', '$2y$08$9mgNLo8joX7W38/XRA85WOgjwNBfjMNKbvI1BL0Jys.0R8zfYSl.q', '12345678', NULL, 'dydoria@yahoo.com', '', '', '', '', 'Sal', 'Doria Yuan', '3228 E Longridge Dr, Orange CA 92867', '', NULL, NULL, NULL, NULL, 1535766518, 1548685152, 1, NULL, '0000-00-00 00:00:00', '2019-01-28 06:04:35', 0, 'parent', '2000-01-01'),
(127, '97.73.244.53', 'sarahalmagsoosi@gmail.com', '$2y$08$X2v4iMQAWQy.afuOsvTfduxq2yuqg.hQD76Pc7IE7DV0PjLCZLp.C', 'azez2740', NULL, 'sarahalmagsoosi@gmail.com', '', '', '', '', 'Firas', 'Sarah Almagsoosi', '2740 W Ball Rd. Apy #L4 Anaheim, CA 92804', '', NULL, NULL, NULL, NULL, 1535766981, NULL, 1, NULL, '0000-00-00 00:00:00', '0000-00-00 00:00:00', 0, 'parent', '2000-01-01'),
(128, '97.73.244.53', 'info@abushararlaw.com', '$2y$08$AHYvItCy8oX4lBPziujLBOw3bC53Y9xqFj4p.1tJtBpd/JkuR2piW', 'abusharar747', NULL, 'info@abushararlaw.com', '', '', '', '', 'Akram', 'Lubna Albajjar', '747 S Crown Pointe drive. Anaheim, CA 92807', '', NULL, NULL, NULL, NULL, 1535768114, NULL, 1, NULL, '0000-00-00 00:00:00', '0000-00-00 00:00:00', 0, 'parent', '2000-01-01'),
(129, '97.73.244.53', 'ghadafaysal1973@hotmail.com', '$2y$08$llYr92ULlSaV02AL8LQH5u3yKsVTC68y5ECMZt6yh4iuh.QTKLQcO', 'osman11251', NULL, 'ghadafaysal1973@hotmail.com', '', '', '', '', 'Mustafa', 'Ghada Mahmoud', '11251 Pioneer blvd., apt # H6, Norwalk, CA, 9', '', NULL, NULL, NULL, NULL, 1535769315, NULL, 1, NULL, '0000-00-00 00:00:00', '0000-00-00 00:00:00', 0, 'parent', '2000-01-01'),
(130, '97.73.244.53', 'newhendali@gmail.com', '$2y$08$H/8csv/zxcO.ELLYkzlUvu.tJADPRgViFDu1yrWzUq5pC8zsCQVTm', 'khalafalla11645', NULL, 'newhendali@gmail.com', '', '', '', '', 'Ahmed', 'Hend Ali', '11645 Old River School Road, Downey 90242', '', NULL, NULL, NULL, NULL, 1535769450, NULL, 1, NULL, '0000-00-00 00:00:00', '0000-00-00 00:00:00', 0, 'parent', '2000-01-01'),
(131, '97.73.244.53', 'talab89@yahoo.com', '$2y$08$5SARpsfyin9WLyxx1zaXke54uCfHto9JsBTtmJMpiBLdDNAylXKdq', 'ibrahim7140', NULL, 'talab89@yahoo.com', '', '', '', '', 'Talab', 'Olvat Tabel', '714 W Lamark Dr Anaheim, CA 92802', '', NULL, NULL, NULL, NULL, 1535770375, NULL, 1, NULL, '0000-00-00 00:00:00', '0000-00-00 00:00:00', 0, 'parent', '2000-01-01'),
(132, '97.73.244.53', 'tamim@twinmoons.com', '$2y$08$Qyq7vzjFZ3wRZwLeNHiG/OYhA/flZBmJTO4GG0vLURMmprQtyOhiu', 'azizadah170', NULL, 'tamim@twinmoons.com', '', '', '', '', 'Tamim', 'Husna Azizadah', '17006 New Pine Dr, Hacienda Heights, 91745', '', NULL, NULL, NULL, NULL, 1535770708, NULL, 1, NULL, '0000-00-00 00:00:00', '0000-00-00 00:00:00', 0, 'parent', '2000-01-01'),
(133, '97.73.244.53', 'ammari976@att.net', '$2y$08$u9Vn0KPr/68PY7iLPHnX4Oyo/WrDzT5YiRnKZ.fB6UZp5mkc6AEVC', 'issa2834', NULL, 'ammari976@att.net', '', '', '', '', 'Ammar', 'Manal', '2834 E. Frontera St., Unit D Anaheim, CA 9280', '', NULL, NULL, NULL, NULL, 1535770985, NULL, 1, NULL, '0000-00-00 00:00:00', '0000-00-00 00:00:00', 0, 'parent', '2000-01-01'),
(134, '97.73.244.53', 'susu.sabeh@gmail.com', '$2y$08$WbnhPGGFi5fEOLEE7ACLJOVBNt6eVjOqHeJnSDBfYtT2Ui5d0nmBW', 'sabeh1054', NULL, 'susu.sabeh@gmail.com', '', '', '', '', 'Gino', 'Sawsan Sabeh', '1054 S Mountvale Ct Anaheim, CA 92808', '', NULL, NULL, NULL, NULL, 1535773019, NULL, 1, NULL, '0000-00-00 00:00:00', '0000-00-00 00:00:00', 0, 'parent', '2000-01-01'),
(135, '97.73.244.53', 'mayaya7@aol.com', '$2y$08$OaqCg2NYtCnOHX9KvzCioef451jf72Wvaa3w99go0sTRPSeDKhUDq', 'hassan777', NULL, 'mayaya7@aol.com', '', '', '', '', 'Morad', 'May Hassan', '8582 Emerywood Dr Beuna Park, CA 90621', '', NULL, NULL, NULL, NULL, 1535774803, NULL, 1, NULL, '0000-00-00 00:00:00', '0000-00-00 00:00:00', 0, 'parent', '2000-01-01'),
(136, '97.73.244.53', 'amonaabood@yahoo.com', '$2y$08$HswhvpDaWnMpM/dgHbWe9O0679ch2ldIWtZLSivFo3R9rv7.UiFta', 'arar4390', NULL, 'amonaabood@yahoo.com', '', '', '', '', 'Abdallah', 'Amani Arar', '439 S. Westridge Cir Anaheim, CA 92807', '', NULL, NULL, NULL, NULL, 1535775390, NULL, 1, NULL, '0000-00-00 00:00:00', '0000-00-00 00:00:00', 0, 'parent', '2000-01-01'),
(140, '12.162.220.106', 'hebaabudebei09@hotmai.com', '$2y$08$uZGF8DeL38qO8fY5KIntfugFs/EdgUIWFsJYWNQF9atw/rbvWlNa.', 'abujableh2900', NULL, 'hebaabudebei09@hotmai.com', '', '', '', '', 'Baker', 'Heba', '2900 E Lincoln Ave Anaheim, CA 92806	', '', NULL, NULL, NULL, NULL, 1535825645, NULL, 1, NULL, '0000-00-00 00:00:00', '0000-00-00 00:00:00', 0, 'parent', '2000-01-01'),
(141, '12.162.220.106', 'tmasri@gmail.com', '$2y$08$tvf82.RumNCyUz8asce3XOY7QcJExgWq7yH./FGIW89KyZOpyXO0q', 'masri140', NULL, 'tmasri@gmail.com', 'raniamasri99@hotmail.com', '', '', '', 'Toufic', 'Rania Masri', '140 N. Hidden Cyn, Orange, CA 92869', '', NULL, NULL, NULL, NULL, 1535827312, NULL, 1, NULL, '0000-00-00 00:00:00', '2018-10-13 17:00:22', 0, 'parent', '2000-01-01'),
(143, '12.162.220.106', 'jasminemcdonald762@yahoo.com', '$2y$08$KZ7iXIPNlNHr.k3/dhFTGe9nRWyYn2LfA75lYJfTkl6vysjzvYlG2', 'mcdonald13005', NULL, 'jasminemcdonald762@yahoo.com', '', '', '', '', 'James', 'Jasmine McDonald', '13005 Cambridge Ct. Chino CA 91710', '', NULL, NULL, NULL, NULL, 1535827712, NULL, 1, NULL, '0000-00-00 00:00:00', '0000-00-00 00:00:00', 0, 'parent', '2000-01-01'),
(144, '4.34.87.243', 'manarkreiker@gmail.com', '$2y$08$WmP4vG5Fr7ByaPLGrBoXxOmDudRcxz/DV.fHHI/MUj9GjioD4ryFq', 'manar8771', NULL, 'manarkreiker@gmail.com', NULL, '', 'Manar', 'Kreiker', '', '', '', '714-727-8771', NULL, NULL, NULL, NULL, 1535846092, 1547311089, 1, NULL, '0000-00-00 00:00:00', '0000-00-00 00:00:00', 0, 'teacher', '2002-03-30'),
(145, '4.34.87.243', 'lanmachta@hotmail.com', '$2y$08$Kff0OGZKGtlJOdz8dW..fueKtJOJXKpPf03jXbI5nkPMSF4KBI5Ma', 'lana7605', NULL, 'lanmachta@hotmail.com', NULL, '', 'Lana', 'Machta', '', '', '', '714-487-7605', NULL, NULL, NULL, NULL, 1535846169, NULL, 1, NULL, '0000-00-00 00:00:00', '2018-09-07 14:43:28', 0, 'teacher', '2001-12-26'),
(146, '4.34.87.243', 'ykamalan@gmail.com', '$2y$08$P9igJtXKncu0L5o9skhEn.aahJzShXwdH/ATr8rOOkzX4GReRbFzm', 'mohamed9722', NULL, 'ykamalan@gmail.com', '', '', '', '', 'Islam Abdelaziz', 'Youssra Nasr', '9722 Paseo De Oro Cypress, CA 90630', '', NULL, NULL, NULL, NULL, 1535849812, NULL, 1, NULL, '0000-00-00 00:00:00', '0000-00-00 00:00:00', 0, 'parent', '2000-01-01'),
(147, '4.34.87.243', 'emailrazan@gmail.com', '$2y$08$qUze0OtwxnJhGxZAKn0.KOmSflS/nduWNqtb21GFIZgvOEh8p0JJW', 'farshoukh2111', NULL, 'emailrazan@gmail.com', '', '', '', '', 'Nabil', 'Razanne', '2111 Warfield Ave #B Redondo Beach CA 90278', '', NULL, NULL, NULL, NULL, 1535850123, NULL, 1, NULL, '0000-00-00 00:00:00', '0000-00-00 00:00:00', 0, 'parent', '2000-01-01'),
(149, '4.34.87.243', 'rorotani2014@hotmail.com', '$2y$08$LNHZ7vcSjQQSUDUNdQ2lM.2/srC4OBaD109erG.gUlX6J6so4he32', 'itani5573', NULL, 'rorotani2014@hotmail.com', '', '', '', '', 'Mohammad', 'Rania Itani', '5573 Saint Ann Ave Cypress, CA 90630', '', NULL, NULL, NULL, NULL, 1535850716, NULL, 1, NULL, '0000-00-00 00:00:00', '0000-00-00 00:00:00', 0, 'parent', '2000-01-01'),
(150, '4.34.87.243', 'h.doukmak@yahoo.com', '$2y$08$jhXLBno/QibtD9j.Y7PUEeCWzu.eSMS58svJZGoBQgFsrGzQypiBO', 'almasri425', NULL, 'h.doukmak@yahoo.com', '', '', '', '', 'Kinan', 'Hazar Almasri', '425 E Arrow Hwy Glendora, CA 91740', '', NULL, NULL, NULL, NULL, 1535850992, NULL, 1, NULL, '0000-00-00 00:00:00', '0000-00-00 00:00:00', 0, 'parent', '2000-01-01'),
(151, '4.34.87.243', 'duaa.kassar@gmail.com', '$2y$08$NrQMw.6Me5.u83JCAnUQF.7z2vl90GwhuyiOpR019tUutasz0zESC', 'aljabi20615', NULL, 'duaa.kassar@gmail.com', '', '', '', '', 'Reda', 'Duoa Alkassar', '20615 Fuero Dr Walnut, CA 91789', '', NULL, NULL, NULL, NULL, 1535851180, NULL, 1, NULL, '0000-00-00 00:00:00', '0000-00-00 00:00:00', 0, 'parent', '2000-01-01'),
(152, '4.34.87.243', 'rkabbara@msn.com', '$2y$08$0OOxVlfL9o0az732Evr2DuWv93HeZYFh5FM0jM/vxl8Z4QP1NRSTa', 'kabbara3659', NULL, 'rkabbara@msn.com', '', '', '', '', 'Mazen', 'Rana', '3659 Garretson Avenue Corona, CA 92881', '', NULL, NULL, NULL, NULL, 1535851448, NULL, 1, NULL, '0000-00-00 00:00:00', '0000-00-00 00:00:00', 0, 'parent', '2000-01-01'),
(153, '4.34.87.243', 'mnrabah@hotmail.com', '$2y$08$lHD5rs3pJ3PMKJTPZoDTQum6ejZ/72jnHBFxO245l/ORJKY9KAV1i', 'alramahi5310', NULL, 'mnrabah@hotmail.com', '', '', '', '', 'Mohd', 'Tharwa Ahmad', '5310 Fairview Avenue Beuna Park, CA 90621', '', NULL, NULL, NULL, NULL, 1535851683, NULL, 1, NULL, '0000-00-00 00:00:00', '0000-00-00 00:00:00', 0, 'parent', '2000-01-01'),
(154, '4.34.87.243', 'shirinelwir@gmail.com', '$2y$08$ZDF6g0ReHe9L2LR1sau0P.XVqHEGThJnLnE94oya5pxUOhWIYoKge', 'zaid2132', NULL, 'shirinelwir@gmail.com', '', '', '', '', 'Eid', 'Shirin Elwir', '2132 Derek Dr Apt A Fullerton, CA 92831', '', NULL, NULL, NULL, NULL, 1535851889, NULL, 1, NULL, '0000-00-00 00:00:00', '0000-00-00 00:00:00', 0, 'parent', '2000-01-01'),
(155, '4.34.87.243', 'rasha_jubran@hotmail.com', '$2y$08$lWRpSr479DGeI2je1tGuveizZdfXWfcoxL/5JbrLnpDf0Ek116zTy', '2254jubran', NULL, 'rasha_jubran@hotmail.com', '', '', '', '', 'Jubran', 'Rasha Jubran', '2254 E. Vermont Ave Anaheim, CA 92806	', '', NULL, NULL, NULL, NULL, 1535852065, NULL, 1, NULL, '0000-00-00 00:00:00', '0000-00-00 00:00:00', 0, 'parent', '2000-01-01'),
(156, '4.34.87.243', 'bassamghazal@gmail.com', '$2y$08$kX9MHR/Dnj.fvSbT1JKaiOnbgnVWzFlMf9Fm5QRQdXOznTEsX39qC', '6600ghazal', NULL, 'bassamghazal@gmail.com', '', '', '', '', 'Bassam', 'Tamara', '6600 Warner Ave UNIT 195 Huntington Beach, CA', '', NULL, NULL, NULL, NULL, 1535852377, NULL, 1, NULL, '0000-00-00 00:00:00', '0000-00-00 00:00:00', 0, 'parent', '2000-01-01'),
(157, '4.34.87.243', 'm.bakr@yahoo.com', '$2y$08$91OScOkVUZDEQ52oxmQ0fO9cEXKvoh9GGbIKDJX.oDHBUONHORkHa', 'saleh124', NULL, 'm.bakr@yahoo.com', '', '', '', '', 'Mohamed', 'Yasmin Noureldin', '124 Stratford Cir., Placentia, CA 92870	', '', NULL, NULL, NULL, NULL, 1535852512, NULL, 1, NULL, '0000-00-00 00:00:00', '0000-00-00 00:00:00', 0, 'parent', '2000-01-01'),
(158, '4.34.87.243', 'abirzantout@hotmail.com', '$2y$08$cMWsJ1GryTwi9p63qaGMLewEIUEodef5WH6dSCA.jRF2xagdwU3LK', 'reinadiane53', NULL, 'abirzantout@hotmail.com', '', '', '', '', 'Mazen', 'Abir Almaoui', '53 Diamond, Irvine CA 92620', '', NULL, NULL, NULL, NULL, 1535852677, NULL, 1, NULL, '0000-00-00 00:00:00', '0000-00-00 00:00:00', 0, 'parent', '2000-01-01'),
(160, '4.34.87.243', 'lailasobhy@gmail.com', '$2y$08$6J4e7STkHyNQ7khc/cSope9HOwBNBSRusGwlQdgiDyOn5bc7etvri', 'abdelrazek6141', NULL, 'lailasobhy@gmail.com', '', '', '', '', 'Ahmed', 'Laila Sobhy', '1416 Sunnycrest Drive Fullerton, CA 92835', '', NULL, NULL, NULL, NULL, 1535853025, NULL, 1, NULL, '0000-00-00 00:00:00', '0000-00-00 00:00:00', 0, 'parent', '2000-01-01'),
(161, '4.34.87.243', 'khuloudhassan80@gmail.com', '$2y$08$dJaHVqF1oHC5DnGZCtcNX.Wtu4VlWAx6G1f3Np11PgvpjP6xnsQsK', 'alhenn2769', NULL, 'khuloudhassan80@gmail.com', '', '', '', '', 'Omar', 'Khuloud hassan', '9672 Colony Streeet Anaheim, CA 92804	', '', NULL, NULL, NULL, NULL, 1535853396, NULL, 1, NULL, '0000-00-00 00:00:00', '0000-00-00 00:00:00', 0, 'parent', '2000-01-01'),
(162, '97.73.244.53', 'emanshehadeh@gmail.com', '$2y$08$P5AUnMKCNGkoFW24utCm/uwUPcNvJnVvlvq49Hv/pWQIN5p4WcFRK', 'jazaeri7295', NULL, 'emanshehadeh@gmail.com', '', '', '', '', 'Ahmad', 'Eman Shehadeh', '2957 Brea Blvd. Fullerton, CA 92835', '', NULL, NULL, NULL, NULL, 1535906610, NULL, 1, NULL, '0000-00-00 00:00:00', '0000-00-00 00:00:00', 0, 'parent', '2000-01-01'),
(164, '97.73.244.35', 'shumailakamran29@gmail.com', '$2y$08$B8eb0vxaL4W9FmQQfNciUu0vIlCBNxWdfjauyWnsK2OvNdBhgLW5u', 'kamran313', NULL, 'shumailakamran29@gmail.com', '', '', '', '', 'Kamran', 'Shumaila Kamran', '313 North East Street C Anaheim, CA 92805', '', NULL, NULL, NULL, NULL, 1536260362, NULL, 1, NULL, '0000-00-00 00:00:00', '0000-00-00 00:00:00', 0, 'parent', '2000-01-01'),
(165, '97.73.244.35', 'hebahani_90@hotmail.com', '$2y$08$kdJ6GRidUtEX6bDBSOHRYORAfSWoBTFx5sD.QnTprCyFEV/nxg.ai', 'elwir9451', NULL, 'hebahani_90@hotmail.com', '', '', '', '', 'Eid', 'Heba Abdelhady', '1549 Cherry Street Unit D Placentia, CA', '', NULL, NULL, NULL, NULL, 1536260882, NULL, 1, NULL, '0000-00-00 00:00:00', '0000-00-00 00:00:00', 0, 'parent', '2000-01-01'),
(167, '97.73.244.35', 'drlinaa@yahoo.com', '$2y$08$gF.NiO8kRDa/j4gcm02FF.dc6Fo/fbHgQNl6I87p2Fg2pH4GMC9A2', 'nassr736', NULL, 'drlinaa@yahoo.com', '', '', '', '', 'Hussein', 'Lina Abou Ayache', '18736 Turfway Park Yorba Linda, CA 92886', '', NULL, NULL, NULL, NULL, 1536335374, NULL, 1, NULL, '0000-00-00 00:00:00', '0000-00-00 00:00:00', 0, 'parent', '2000-01-01'),
(169, '97.73.244.35', 'ibrahemahamda@hotmail.com', '$2y$08$XdcL3RL87FQyi..iNOFml.Iyt6MJHjNQXfFof8bZwVmGFG0V3eXli', 'mahamda2633', NULL, 'ibrahemahamda@hotmail.com', '', '', '', '', 'Ibrahim', 'Shereen Imran', '2633 E La Palma Ave Apt 122 Anaheim, CA 92806', '', NULL, NULL, NULL, NULL, 1536335959, NULL, 1, NULL, '0000-00-00 00:00:00', '0000-00-00 00:00:00', 0, 'parent', '2000-01-01'),
(170, '134.71.249.19', 'noura.tarek.saad@gmail.com', '$2y$08$9FrRk4ci.rLlGZQ4EC/q6OP0QHQrm7UYVVRZZUSHrmNi5u8t/7Ljm', 'nofal1540', NULL, 'noura.tarek.saad@gmail.com', '', '', '', '', 'Moustafa', 'Nouran', '1540 W Ball Rd Apt 20A Anaheim, CA 92802	', '', NULL, NULL, NULL, NULL, 1536348671, NULL, 1, NULL, '0000-00-00 00:00:00', '0000-00-00 00:00:00', 0, 'parent', '2000-01-01'),
(171, '134.71.249.19', 'hudamraish@gmail.com', '$2y$08$x.S11DArFWznXPe50rfc4e1YK6EoSr4nLZp7wUgQkDOHzPYtPo5iS', 'aseel7140', NULL, 'hudamraish@gmail.com', '', '', '', '', 'Basem', 'Huda Mraish', '850 N West St Anaheim, CA 92801', '', NULL, NULL, NULL, NULL, 1536348933, NULL, 1, NULL, '0000-00-00 00:00:00', '2018-10-13 19:54:25', 0, 'parent', '2000-01-01'),
(172, '12.162.220.106', 'sabaejaz@live.com', '$2y$08$Y/v3VRyM4tNLmMRMVg2V6uRorrnWqs7x7YhJHH4yO8gBzI3CU5/ru', 'khan1219', NULL, 'sabaejaz@live.com', '', '', '', '', 'Umer', 'Saba Ejaz', '1219  S Athena Way Apt #2, Anaheim CA 92806', '', NULL, NULL, NULL, NULL, 1536431788, NULL, 1, NULL, '0000-00-00 00:00:00', '0000-00-00 00:00:00', 0, 'parent', '2000-01-01'),
(173, '12.162.220.106', 'zfardon@yahoo.com', '$2y$08$R02YezAbIW.Qbw9Q09S6ZedanK1KJHhPqZ5.n6nNe1uUL8MQ.8PXW', 'fardoun5522', NULL, 'zfardon@yahoo.com', '', '', '', '', 'Mohamad', 'Zahra Fardoun', '5225 Edgemont Cir Cypress, CA 90630', '', NULL, NULL, NULL, NULL, 1536432526, NULL, 1, NULL, '0000-00-00 00:00:00', '0000-00-00 00:00:00', 0, 'parent', '2000-01-01'),
(175, '12.162.220.106', 'hadoool_85@hotmail.com', '$2y$08$eW3s6WFxm8PI60ZIB9thY.DVv.mEvcltEBAnqEQaU22UGcqzSw.HK', 'shatat1421', NULL, 'hadoool_85@hotmail.com', '', '', '', '', 'Mohd', 'Hadeel Shatat', '1421 S Knott Ave 31 Anaheim CA 92804', '', NULL, NULL, NULL, NULL, 1536434527, NULL, 1, NULL, '0000-00-00 00:00:00', '0000-00-00 00:00:00', 0, 'parent', '2000-01-01'),
(176, '12.162.220.106', 'nalrushiedat@fullerton.edu', '$2y$08$SDeamXBKWSD9wrwt3JocLOsIJcPpt9Fut.WLtDLr7M77raqJYj4RC', 'laith0072', NULL, 'nalrushiedat@fullerton.edu', '', '', '', '', 'Nimer ', 'Wafaa Alrushiedat', '720 Cienaga Drive Fullerton, CA 92835', '', NULL, NULL, NULL, NULL, 1536435299, NULL, 1, NULL, '0000-00-00 00:00:00', '0000-00-00 00:00:00', 0, 'parent', '2000-01-01'),
(177, '12.162.220.106', 'manejahaidary@gmail.com', '$2y$08$8fjm0J5SXX1uxqKei245jO.AIACwBy4G/yMDEDGEQ2fjFsZDEWFMe', 'rahmatee1001', NULL, 'manejahaidary@gmail.com', '', '', '', '', 'Rafatullah ', 'Maneja Haidary', '100 North Citrus Ranch Road Anaheim, CA 92805', '', NULL, NULL, NULL, NULL, 1536435863, NULL, 1, NULL, '0000-00-00 00:00:00', '0000-00-00 00:00:00', 0, 'parent', '2000-01-01'),
(179, '12.162.220.106', 'Jamlaza@yahoo.com', '$2y$08$ld4h7OBtxxlL4BAs3ET9JO5Bho9RIsK2amDF4V.55gJLTKREzx.k2', 'zaid8811', NULL, 'Jamlaza@yahoo.com', '', '', '', '', 'Mohamad', 'Jamla Zaid', '1218 Eckenroad Placentia, CA 92870', '', NULL, NULL, NULL, NULL, 1536436995, 1548685415, 1, NULL, '0000-00-00 00:00:00', '0000-00-00 00:00:00', 0, 'parent', '2000-01-01'),
(180, '12.162.220.106', 'tonyz1510@iclould.com', '$2y$08$kV8lITcl7SX.vONYIw.wAO8KSDFOUqgKQkid0KJfx9QzQTBCYB8o6', 'zayed1510', NULL, 'tonyz1510@iclould.com', '', '', '', '', 'Toafek', 'Rehab Zayed', '4661 Plumosa DrYorba Linda, CA 92886', '', NULL, NULL, NULL, NULL, 1536437455, NULL, 1, NULL, '0000-00-00 00:00:00', '2018-10-03 01:08:15', 0, 'parent', '2000-01-01'),
(181, '12.162.220.106', 'alanabdo@gmail.com', '$2y$08$bYbMQ5uZMSoeeNnhxWRhfO9cba7uAJdVLRZHj/BNdTvtsecgmitby', 'abdo77144', NULL, 'alanabdo@gmail.com', '', '', '', '', 'Ahmad', 'Bana Abdo', '11774 Tulip CtFountain Valley, CA 92708', '', NULL, NULL, NULL, NULL, 1536437928, NULL, 1, NULL, '0000-00-00 00:00:00', '0000-00-00 00:00:00', 0, 'parent', '2000-01-01'),
(182, '12.162.220.106', 'hooha2009@yahoo.com', '$2y$08$jnXT6srG6YuBv7qh3SP0nePv9nCibJuSNs5SlISJlo4FPdRmoSGx6', 'mansour721', NULL, 'hooha2009@yahoo.com', '', '', '', '', 'Moataz ', 'Maha Mansour', '721 S Webster Ave Anaheim, CA 82804', '', NULL, NULL, NULL, NULL, 1536438722, NULL, 1, NULL, '0000-00-00 00:00:00', '0000-00-00 00:00:00', 0, 'parent', '2000-01-01'),
(183, '12.162.220.106', 'sarahanafy1984@hotmail.com', '$2y$08$LdcYnceWaVdLABAJaacXcusuX2A6NzCT5TIne5.JYHyGCJvkMV3j6', 'abdelkader9124', NULL, 'sarahanafy1984@hotmail.com', '', '', '', '', 'Mohamed', 'Sara', '4291 Green Ave Los Alamitos, CA 90720', '', NULL, NULL, NULL, NULL, 1536439086, NULL, 1, NULL, '0000-00-00 00:00:00', '0000-00-00 00:00:00', 0, 'parent', '2000-01-01'),
(184, '12.162.220.106', 'neveen.palmer@gmail.com', '$2y$08$jHu3Gs6uwd7IzpVVLcMUT.kpBsTmyGff2nz5nWL4biQMDawPVQ/nK', 'palmer0032', NULL, 'neveen.palmer@gmail.com', '', '', '', '', 'Muhammad', 'Neveen Palmer', ' 3020 Yorba Linda Blvd R12 Fullerton, CA 9283', '', NULL, NULL, NULL, NULL, 1536439347, NULL, 1, NULL, '0000-00-00 00:00:00', '0000-00-00 00:00:00', 0, 'parent', '2000-01-01'),
(185, '12.162.220.106', 'manalbarakat@yahoo.com', '$2y$08$WwVksHfMwBju6KgMp46rcOdDUJPbhlUloQbWGaokpBq5qFL7.0cgy', 'alhammouri5678', NULL, 'manalbarakat@yahoo.com', '', '', '', '', 'Nabih', 'Manal Barakat', '2856 W Lincoln Ave k2 Anaheim, CA 92801', '', NULL, NULL, NULL, NULL, 1536440310, NULL, 1, NULL, '0000-00-00 00:00:00', '0000-00-00 00:00:00', 0, 'parent', '2000-01-01'),
(188, '12.162.220.106', 'maithalouni@gmail.com', '$2y$08$ll8KCiBazEo.BlC5n9kbFOiGDYLPt5hPghXq6nvmd2ONCe9NV236y', 'jubara17308', NULL, 'maithalouni@gmail.com', '', '', '', '', 'Aam', 'Maram Maithalouni', '17308 De Groot Pl, Cerrits CA 90703', '', NULL, NULL, NULL, NULL, 1536443608, NULL, 1, NULL, '0000-00-00 00:00:00', '0000-00-00 00:00:00', 0, 'parent', '2000-01-01'),
(189, '12.162.220.106', 'denahassan5@icloud.com', '$2y$08$JEDAjAai1Jqj16xulXfdU.z7VVPdvEj.aYtc3W0inPscvpfXyCB3i', 'hassan13061', NULL, 'denahassan5@icloud.com', '', '', '', '', 'Aleyyan ', 'Dena Hassan', '13061 Lampson Ave Garden Grove, CA 92840', '', NULL, NULL, NULL, NULL, 1536443829, NULL, 1, NULL, '0000-00-00 00:00:00', '0000-00-00 00:00:00', 0, 'parent', '2000-01-01'),
(190, '134.71.249.19', 'shahemazayed@gmail.com', '$2y$08$HnzD3ElmZmiWWHSgQDG9aeJfIZNNbBy2eCPqS6yifIPr/HI5fPUle', 'zayed92870', NULL, 'shahemazayed@gmail.com', '', '', '', '', 'Tarek', 'Shahema Zayed', '837 Powell Dr. Placentia, CA 92870', '', NULL, NULL, NULL, NULL, 1536609516, NULL, 1, NULL, '0000-00-00 00:00:00', '0000-00-00 00:00:00', 0, 'parent', '2000-01-01'),
(191, '12.162.220.106', 'mawwa001@gmail.com', '$2y$08$tItCw54odTxMyN./.WL29.7Cv8GgrhrEl2gLcAEqMH2iL7osi2lPu', 'taha26930', NULL, 'mawwa001@gmail.com', '', '', '', '', 'Abed', 'Manal', '26930 Red Maple St Murrieta, CA 92562', '', NULL, NULL, NULL, NULL, 1537034433, NULL, 1, NULL, '0000-00-00 00:00:00', '0000-00-00 00:00:00', 0, 'parent', '2000-01-01'),
(192, '12.162.220.106', 'moe_832000@yahoo.com', '$2y$08$JLqxTzcwetGtmsNgctSnI.YV7YjFB370yhstGp.NnX15sfTeiB1H.', 'almawajdeh1791', NULL, 'moe_832000@yahoo.com', '', '', '', '', 'Mohammed', 'Dina Alzubi', '1791 E Warrenton Ave Anaheim, CA 92805', '', NULL, NULL, NULL, NULL, 1537035957, NULL, 1, NULL, '0000-00-00 00:00:00', '0000-00-00 00:00:00', 0, 'parent', '2000-01-01'),
(193, '12.162.220.106', 'Hebbssc@aol.com', '$2y$08$GBSQhnTEZXNN9z1JXl6UOeAK0zjsMl4841O0KYQ3O/gpY8hDR7ru2', 'bassiouni706', NULL, 'Hebbssc@aol.com', '', '', '', '', 'Ihab Shehata', 'Heba Hamouda', '706 San Diego Lane Placentia, CA 92870', '', NULL, NULL, NULL, NULL, 1537036621, NULL, 1, NULL, '0000-00-00 00:00:00', '0000-00-00 00:00:00', 0, 'parent', '2000-01-01'),
(194, '12.162.220.106', 'daliaeid21@yahoo.com', '$2y$08$3fKZmnx4SqAQmTDbuIcTG.jqFhZVpFPpj.o6yKsjUqMtlscsMi4Sm', 'salamh1667', NULL, 'daliaeid21@yahoo.com', '', '', '', '', 'Mahmoud', 'Dalia', '1667 S Diamond Bar Blvd Diamond Bar, CA 91765', '', NULL, NULL, NULL, NULL, 1537037422, NULL, 1, NULL, '0000-00-00 00:00:00', '2018-10-20 20:12:35', 0, 'parent', '2000-01-01'),
(195, '12.162.220.106', 'basma.arar@yahoo.com', '$2y$08$ozl7gYXXdHqruZ1VZuiMfOp/OhgqURuf3bPXFKgTkyZkBnpIs3e2a', 'mohammad520', NULL, 'basma.arar@yahoo.com', '', '', '', '', 'Asmar', 'Basma Arar', '520 East Riverdale Orange, CA 92865', '', NULL, NULL, NULL, NULL, 1537037699, NULL, 1, NULL, '0000-00-00 00:00:00', '0000-00-00 00:00:00', 0, 'parent', '2000-01-01'),
(196, '12.162.220.106', 'walaydie@gmail.com', '$2y$08$4gNp/l4R3Cx6VOmQD3d45e5HgIwUSPLfzILmhr/dbYZyRytoYQv0W', 'zayid825', NULL, 'walaydie@gmail.com', '', '', '', '', 'Nadar', 'Wisal Alaydie', '825 Tamarack Ave #135 Brea, CA 92821', '', NULL, NULL, NULL, NULL, 1537038053, NULL, 1, NULL, '0000-00-00 00:00:00', '0000-00-00 00:00:00', 0, 'parent', '2000-01-01'),
(197, '12.162.220.106', 'mayandray97@gmail.com', '$2y$08$OB8cQLI6D2b5qcPzt2WMBeEzl0zI2NMNT/qdQNMRIFEaE3W7wMLq6', 'abdelhady1726', NULL, 'mayandray97@gmail.com', '', '', '', '', 'Riyad', 'Maha', '1726 Cartlen Dr Placentia, CA 92870', '', NULL, NULL, NULL, NULL, 1537038927, NULL, 1, NULL, '0000-00-00 00:00:00', '0000-00-00 00:00:00', 0, 'parent', '2000-01-01'),
(198, '12.162.220.106', 'hamayel_sanad@yahoo.com', '$2y$08$8oX0wJ8INqMmAiTFpVoknu24Z4pznaGA10wcWqNAg9K.kBJ7HMjhy', 'morra2180', NULL, 'hamayel_sanad@yahoo.com', '', '', '', '', 'Iyad', 'Reem', '2180 West Hiawatha Avenue Anaheim, CA 92804', '', NULL, NULL, NULL, NULL, 1537043022, NULL, 1, NULL, '0000-00-00 00:00:00', '0000-00-00 00:00:00', 0, 'parent', '2000-01-01'),
(199, '12.162.220.106', 'khloud.sabha@yahoo.com', '$2y$08$HDcOrqxzK3iYPSs5cRc4x.gpLuYhaASORevEkLN3o8RCoPgxT5aCu', 'shouman21650', NULL, 'khloud.sabha@yahoo.com', '', '', '', '', 'Ahmad', 'Khloud Sabha', '21650 Brookside Ct Walnut, CA 91789	', '', NULL, NULL, NULL, NULL, 1538247806, NULL, 1, NULL, '0000-00-00 00:00:00', '0000-00-00 00:00:00', 0, 'parent', '2000-01-01'),
(200, '134.71.249.9', 'z.a_joy@yahoo.com', '$2y$08$q/TWk90Ql3scd3zjfBTiDumTA8m/MK6aGIH6QlquwBkMXDCHd07Bq', 'ayesh2633', NULL, 'z.a_joy@yahoo.com', '', '', '', '', 'Abdelrahman', 'Zain Abu Farha', '2633 East La Palma Ave Apt #156 Anaheim, CA 9', '', NULL, NULL, NULL, NULL, 1538515032, NULL, 1, NULL, '0000-00-00 00:00:00', '0000-00-00 00:00:00', 0, 'parent', '2000-01-01'),
(201, '134.71.249.9', 'gougou77@hotmail.com', '$2y$08$HkV3XH7B7eYaIlQ1.GdeqO4DawMwVzL..pMsN9KwH0Xl1nSMsfbq6', 'antabli7108', NULL, 'gougou77@hotmail.com', '', '', '', '', 'Moatassem ', 'Fareh Daher', ' 7108 Katella Ave #283 Stanton, CA 90680', '', NULL, NULL, NULL, NULL, 1538515891, NULL, 1, NULL, '0000-00-00 00:00:00', '0000-00-00 00:00:00', 0, 'parent', '2000-01-01'),
(202, '134.71.249.9', 'noemail1@email.com', '$2y$08$RYwiNJGW1VStU9hsCna.Ven5YPdEurpfYzzrgw7rux8gH15cPwP3i', 'hazarbar70', NULL, 'noemail1@email.com', '', '', '', '', 'Mohammed', 'Hazar Baroutaji', '5541 Saint Ann Avenue Cypres, CA 90630', '', NULL, NULL, NULL, NULL, 1538526101, NULL, 1, NULL, '0000-00-00 00:00:00', '2018-10-03 00:27:21', 0, 'parent', '2000-01-01'),
(203, '134.71.249.9', 'noemail2@email.com', '$2y$08$iOi3hIn830eYSPX8R6yMduaBlx7i/2wJ3J4lonSL1nlcs1cFIjuXi', 'ranamtow', NULL, 'noemail2@email.com', '', '', '', '', 'Saer', 'Rana AlMughrabi', '222 North Muller Street Apt. 21 Anaheim, CA 9', '', NULL, NULL, NULL, NULL, 1538526426, NULL, 1, NULL, '0000-00-00 00:00:00', '2018-10-03 00:27:54', 0, 'parent', '2000-01-01'),
(204, '134.71.249.9', 'noemail3@email.com', '$2y$08$q6Jxgre1fxX2f8e6qJaVEul.ZhBFD8LDBZ2oYocEtvjCCmEX/Gpwy', 'bino7486', NULL, 'noemail3@email.com', '', '', '', '', 'Ghassan', 'Bayan Naamani', '', '', NULL, NULL, NULL, NULL, 1538526690, NULL, 1, NULL, '0000-00-00 00:00:00', '2018-10-03 00:31:54', 0, 'parent', '2000-01-01'),
(205, '134.71.249.9', 'noemail4@email.com', '$2y$08$bqM22q25aOFCIHXEySeSouVVqsRZ4gw0QKUqSlaVffKmHctzIg1lS', 'zsquared22', NULL, 'noemail4@email.com', '', '', '', '', 'Zeyad', 'Zeina El-Kassem', ' 17060 San Bruno St F11 Fountain Valley, CA 9', '', NULL, NULL, NULL, NULL, 1538526905, NULL, 1, NULL, '0000-00-00 00:00:00', '2018-10-03 00:35:31', 0, 'parent', '2000-01-01'),
(206, '134.71.249.98', 'nermeendereki@gmail.com', '$2y$08$g/OfjK03T5uCYP5o5fRMq.zfXcT3XsovbZbYSdRfgpWDJ1JyQN00K', 'alam7331421', NULL, 'nermeendereki@gmail.com', '', '', '', '', 'Mohammed', 'Nermeen Dereki', '1421 S Knott Ave #17 Anaheim, CA 92804', '', NULL, NULL, NULL, NULL, 1539356376, NULL, 1, NULL, '0000-00-00 00:00:00', '0000-00-00 00:00:00', 0, 'parent', '2000-01-01'),
(207, '12.162.220.106', 'saif.r007@hotmail.com', '$2y$08$ctSMTU7xHL4FtHB8dR3kLOZG/mIQ8YeEQ1rAxV3LwnL.Jk28n2i7y', 'rahimeh007', NULL, 'saif.r007@hotmail.com', '', '', '', '', 'Saif', 'Rasha Karamani', '3637 Legato Ct Pomona, CA 91766 Web ', '', NULL, NULL, NULL, NULL, 1539458181, NULL, 1, NULL, '0000-00-00 00:00:00', '0000-00-00 00:00:00', 0, 'parent', '2000-01-01'),
(208, '12.162.220.106', 'rashaemad84@yahoo.com', '$2y$08$eS8C1ifX4ED3VPfAmQiFoeBlK3Dvj9jhKj1XzwTHXaKk94nrfUJ8K', 'masadeh3139', NULL, 'rashaemad84@yahoo.com', '', '', '', '', 'Emad', 'Rasha', '3139 West Grasiosa Ln Anaheim, CA 92804', '', NULL, NULL, NULL, NULL, 1539458737, NULL, 1, NULL, '0000-00-00 00:00:00', '0000-00-00 00:00:00', 0, 'parent', '2000-01-01'),
(209, '12.162.220.106', 'noemail5@email.com', '$2y$08$zijE2WepuLynJJXksLcQBO2C2hXMEMXBm1Bs36DOEoIXCtOC4vJLS', 'tahaahmed', NULL, 'noemail5@email.com', '', '', '', '', 'Haithem', 'Shaimaa Ahmed', '7 Vega Ct Irvine, CA 92617', '', NULL, NULL, NULL, NULL, 1539459558, NULL, 1, NULL, '0000-00-00 00:00:00', '0000-00-00 00:00:00', 0, 'parent', '2000-01-01'),
(210, '12.162.220.106', 'dtabbaa@yahoo.com', '$2y$08$a56O6aEUh1dcDDDrXCmFXu25UhNHw5iz3czvoKMwZxhVOuGqijP1S', 'kattih53535', NULL, 'dtabbaa@yahoo.com', '', '', '', '', 'Ziyad', 'Dima Tabbaa', '535 Calle Monterey San Dimas, CA 91773', '', NULL, NULL, NULL, NULL, 1539459836, NULL, 1, NULL, '0000-00-00 00:00:00', '0000-00-00 00:00:00', 0, 'parent', '2000-01-01'),
(211, '97.93.121.183', 'luay_gebriel@yahoo.com', '$2y$08$McoYd2wAvWk.pOoskvCOrO339tDcpH/gqEn53ALwUk6UdyXNA9c4C', 'gebriel2000', NULL, 'luay_gebriel@yahoo.com', '', '', '', '', 'Luay', 'Rama', '2000 W. Glenoaks Ave, #8, Anaheim, CA 92801', '', NULL, NULL, NULL, NULL, 1540001634, NULL, 1, NULL, '0000-00-00 00:00:00', '0000-00-00 00:00:00', 0, 'parent', '2000-01-01'),
(212, '97.93.121.183', 'arar.suzan@yahoo.com', '$2y$08$NNvDe/PKP2cHlhfH3ZdReOtBq8pFbPXbrZWrtoKvaj7gMAtcaOo5u', 'kinan92867', NULL, 'arar.suzan@yahoo.com', '', '', '', '', 'Suhail', 'Suzan', '2204 E Cloverdale Ave Orange, CA 92867', '', NULL, NULL, NULL, NULL, 1540001990, NULL, 1, NULL, '0000-00-00 00:00:00', '0000-00-00 00:00:00', 0, 'parent', '2000-01-01'),
(213, '134.71.249.201', 'hebaalbitar@hotmail.com', '$2y$08$Ck/6W0sfyzhzwXEguso1y.nTQfY6BLT/K8Z11pE0XLiur9n6BgZAi', 'almassri74401', NULL, 'hebaalbitar@hotmail.com', '', '', '', '', 'Ammar', 'Heba Almassri', '744 E Juanita Ave Glendora, CA 91740', '', NULL, NULL, NULL, NULL, 1540571536, NULL, 1, NULL, '0000-00-00 00:00:00', '0000-00-00 00:00:00', 0, 'parent', '2000-01-01'),
(214, '134.71.249.201', 'marisaelena02@yahoo.com', '$2y$08$DWg8w3mdxsz02U0NIm3hauyqlYwridk3UykGhYGcwNaR/.xzcqtae', 'alghazali7645', NULL, 'marisaelena02@yahoo.com', '', '', '', '', 'Mohmad', 'Marisa Alghazali', '7645 Manzanar Ave Pico Rivera CA 90660', '', NULL, NULL, NULL, NULL, 1540571888, NULL, 1, NULL, '0000-00-00 00:00:00', '0000-00-00 00:00:00', 0, 'parent', '2000-01-01'),
(215, '12.162.220.106', 'n.azad723@yahoo.com', '$2y$08$tOeFgme8PSsLQ4cskCxFb.E3NTWkIj9WB3XOsgExu5O/C0BOK8lAy', 'mateen12345', NULL, 'n.azad723@yahoo.com', '', '', '', '', 'Syed', 'Nargis Azad', '5621 Rostrata Ave Buena Park CA, 90621', '', NULL, NULL, NULL, NULL, 1540670601, NULL, 1, NULL, '0000-00-00 00:00:00', '0000-00-00 00:00:00', 0, 'parent', '2000-01-01'),
(216, '12.162.220.106', 'tahmina.quraishi@gmail.com', '$2y$08$WlQCxQE5qSHj7aPb1eveRuTpMFvIM7c/Ev0iAFfv0JqOvDpB27OF2', 'haidary6260', NULL, 'tahmina.quraishi@gmail.com', '', '', '', '', 'Ahmed', 'Bibi', '626 N Rose St Anaheim, CA 92805', '', NULL, NULL, NULL, NULL, 1540671541, NULL, 1, NULL, '0000-00-00 00:00:00', '0000-00-00 00:00:00', 0, 'parent', '2000-01-01'),
(217, '12.162.220.106', 'aqilo@msn.com', '$2y$08$PX9J3mHAnbgh3gtjJ5haJurYb23WSq0QMoMb5huKYSHps1NnbFe4S', 'hassan4140', NULL, 'aqilo@msn.com', '', '', '', '', 'Aqil', 'Abeer', '414 South Empire St. Anaheim, CA 92804', '', NULL, NULL, NULL, NULL, 1540672930, NULL, 1, NULL, '0000-00-00 00:00:00', '0000-00-00 00:00:00', 0, 'parent', '2000-01-01');
INSERT INTO `users` (`id`, `ip_address`, `username`, `password`, `non_encrept_pass`, `salt`, `email`, `email2`, `activation_code`, `first_name`, `last_name`, `father_name`, `mother_name`, `address`, `mobile`, `phone`, `forgotten_password_code`, `forgotten_password_time`, `remember_code`, `created_on`, `last_login`, `active`, `company`, `created_at`, `updated_at`, `deleted`, `type`, `birthdate`) VALUES
(218, '12.162.220.106', 'noemail@email.com', '$2y$08$NVHuC8OwmvglrPq..5uJi.xWeJyP7jXAFD5GFJtdNwYq1pjOcLDA6', 'ibrahim7160', NULL, 'noemail@email.com', '', '', '', '', 'Osman', 'Selma Saleh', '716 South Webster Ave. Anaheim, CA 92084', '', NULL, NULL, NULL, NULL, 1540673293, NULL, 1, NULL, '0000-00-00 00:00:00', '0000-00-00 00:00:00', 0, 'parent', '2000-01-01'),
(219, '12.162.220.106', 'noemail6@email.com', '$2y$08$9LZGEuV.UPPPTcnApH6e4.xluV6FRzXUmLwsaekwbmeB6wOJv2chG', 'machta1170', NULL, 'noemail6@email.com', '', '', '', '', 'Malak', 'Roua Jaboulie', '117 South Leandro St. Anaheim, CA 92807', '', NULL, NULL, NULL, NULL, 1540673456, NULL, 1, NULL, '0000-00-00 00:00:00', '0000-00-00 00:00:00', 0, 'parent', '2000-01-01'),
(220, '12.162.220.106', 'noemail7@email.com', '$2y$08$aholvM7/P6./vBdUn036rOrjqU0SYm3rwwzJOY/4S/Isgi4O8BX26', 'estwani1032', NULL, 'noemail7@email.com', '', '', '', '', 'Basem', 'Samah Misri', '1032 River Bend Cir. Corona, CA 29881', '', NULL, NULL, NULL, NULL, 1540675340, NULL, 1, NULL, '0000-00-00 00:00:00', '0000-00-00 00:00:00', 0, 'parent', '2000-01-01'),
(221, '12.162.220.106', 'ivetahanzlikova@yahoo.com', '$2y$08$7fZGvGBKTXiaJ1U2KB3zdOBxH26hjO0NQ4nCOQkyaRR3nRmLSwnt2', 'elkodary5635', NULL, 'ivetahanzlikova@yahoo.com', '', '', '', '', 'Gabriel ', 'Iveta Hanzlikova', '5635 Clearwater Dr Yorba Linda, CA 92887', '', NULL, NULL, NULL, NULL, 1540675630, NULL, 1, NULL, '0000-00-00 00:00:00', '0000-00-00 00:00:00', 0, 'parent', '2000-01-01'),
(223, '12.162.220.106', 'lenarahma@yahoo.com', '$2y$08$3XzS96fj9RTnpk1ICgTnNeRPF4ONY8H2QrWfYrWPFXJloFQpXktx6', 'abuzeid11406', NULL, 'lenarahma@yahoo.com', '', '', '', '', 'Mahmoud', 'Hemat Aly', '11406 Rives Ave Downey, CA 90241', '', NULL, NULL, NULL, NULL, 1541269762, NULL, 1, NULL, '0000-00-00 00:00:00', '0000-00-00 00:00:00', 0, 'parent', '2000-01-01'),
(224, '12.162.220.106', 'adlah2015@gmail.com', '$2y$08$f.yIzhJ1xQa3rG.zfJcuRus8pZuCFL40tKxALxO2Van/DCFVV4RtC', 'jaber12030', NULL, 'adlah2015@gmail.com', '', '', '', '', 'Tareq', 'Adlah Jaber', '1203 N Kraemer Blvd Placentia, CA 92870', '', NULL, NULL, NULL, NULL, 1541270184, NULL, 1, NULL, '0000-00-00 00:00:00', '0000-00-00 00:00:00', 0, 'parent', '2000-01-01'),
(225, '12.162.220.106', 'rami-yaman2014@hotmail.com', '$2y$08$7uIHxP84FfhDbPb3gSaTSO8EcpSOqpk3KxCB/MT3jUo.oAz/Ewe/G', 'akil2014', NULL, 'rami-yaman2014@hotmail.com', '', '', '', '', 'Rami', 'Yaman Akil', '2396 Mangular Ave Corona, CA 92882', '', NULL, NULL, NULL, NULL, 1541880436, NULL, 1, NULL, '0000-00-00 00:00:00', '2018-11-10 20:09:10', 0, 'parent', '2000-01-01'),
(226, '97.93.121.183', 'hibaanas2@gmail.com', '$2y$08$J2Bo6yBeRB0B681rRkjtGulwPnVbQwqJEt3vmY8Q/Y3UXAGqyIGaK', 'hibaanas2535', NULL, 'hibaanas2@gmail.com', '', '', '', '', 'Anas ', 'Hiba Al Adhami', '2535 W Lincoln Ave #12 Anaheim, CA 92801', '', NULL, NULL, NULL, NULL, 1541914805, NULL, 1, NULL, '0000-00-00 00:00:00', '0000-00-00 00:00:00', 0, 'parent', '2000-01-01'),
(227, '12.162.220.106', 'hamdanuf@yahoo.com', '$2y$08$Xy65/Otwi9IANSuDOJyd3.JUVQRp/fPhLtUIru.eLse1mRuJAZwn6', 'hamdan1900', NULL, 'hamdanuf@yahoo.com', 'shirinbacker1@gmail.com', '', '', '', 'Basel Hamdan', 'Shirin Hamdan', '19 Lucero E. Irvine, CA 92620', '', NULL, NULL, NULL, NULL, 1542482433, NULL, 1, NULL, '0000-00-00 00:00:00', '2018-12-22 17:42:24', 0, 'parent', '2000-01-01'),
(228, '12.162.220.106', 'noemail9@email.com', '$2y$08$zcKG3ov6GxSGbG/lgejXQO.1W47Ly/A5hKD9FPpFumZZGC3mLVpBi', 'hijazi2456', NULL, 'noemail9@email.com', '', '', '', '', 'Maher', 'Maysan Saad Aldeen', '9900 la alameda #8 fountain valley CA.92708', '', NULL, NULL, NULL, NULL, 1542484016, NULL, 1, NULL, '0000-00-00 00:00:00', '0000-00-00 00:00:00', 0, 'parent', '2000-01-01'),
(229, '12.162.220.106', 'abir.sab@live.com', '$2y$08$FIpVthKx91AkKsY2Hc4u.uTftDZMvN7VpUiE6/45kpxMTsh8Z7I5a', 'ismail40487', NULL, 'abir.sab@live.com', '', '', '', '', 'Modar ', 'Abeer Sabbagh', '404 Westchester Pl Fullerton, CA 92835', '', NULL, NULL, NULL, NULL, 1543697405, NULL, 1, NULL, '0000-00-00 00:00:00', '2018-12-01 21:04:53', 0, 'parent', '2000-01-01'),
(230, '12.162.220.106', 'omnia_sherif22@yahoo.com', '$2y$08$zno84XOoPZI/8BqOxPDmLe2ZR5sTuqeh0MAF4KKocFgNrcRjxz59e', 'elsayed11670', NULL, 'omnia_sherif22@yahoo.com', '', '', '', '', 'Moustafa', 'Omnia Elzeny', '1167 W Duarte Rd Arcadia, CA 91007', '', NULL, NULL, NULL, NULL, 1543698806, NULL, 1, NULL, '0000-00-00 00:00:00', '2018-12-01 21:14:13', 0, 'parent', '2000-01-01'),
(231, '12.162.220.106', 'quietangel66@hotmail.com', '$2y$08$DeP0bDRHuRQqLerUAxiDQuIFYEU0/nb7/zI3fsFA3bWP0zaIRg4Na', 'albisani7140', NULL, 'quietangel66@hotmail.com', '', '', '', '', 'Bilal Kanaan', 'Hend Kanaan', '804 S Webster Ave Apt 11 Anaheim, CA 92804 ', '', NULL, NULL, NULL, NULL, 1544893550, NULL, 1, NULL, '0000-00-00 00:00:00', '0000-00-00 00:00:00', 0, 'parent', '2000-01-01'),
(232, '12.162.220.106', 'emankenj1@gmail.com', '$2y$08$lZ/NEyomtVoPWru7ar0UYeEdqQi3T3N0qUlMBs.UkdRJbGfv4dnBa', 'khayatkenj735', NULL, 'emankenj1@gmail.com', '', '', '', '', 'Mohamed ', 'Eman Kenj', '735 S Rock Garden Cir Anaheim, CA 92808', '', NULL, NULL, NULL, NULL, 1544900452, NULL, 1, NULL, '0000-00-00 00:00:00', '2018-12-15 19:02:16', 0, 'parent', '2000-01-01'),
(233, '71.84.58.154', 'ghassanhallaq@hotmail.com', '$2y$08$YGKNN4pOTGqFJoZ/T07koeBwbyDwjnd6sf1a3lLxADQhvEf2tFR9e', 'hallaq12270', NULL, 'ghassanhallaq@hotmail.com', '', '', '', '', 'Ghassan', 'Mayada', '1227 Pendio Irvine,CA 92620', '', NULL, NULL, NULL, NULL, 1545437485, NULL, 1, NULL, '0000-00-00 00:00:00', '0000-00-00 00:00:00', 0, 'parent', '2000-01-01'),
(234, '12.162.220.106', 'bsbarrishi@hotmail.com', '$2y$08$PJ0iXoqg/zaVEjyHoXSdGODWVbcGQl3a4RIxn5nLsZ1A2UECKHHoy', 'albarrishi4365', NULL, 'bsbarrishi@hotmail.com', '', '', '', '', 'Bashar', 'Nada', '4365 Casa Grande Cir #314 Cypress, CA 90630', '', NULL, NULL, NULL, NULL, 1546714827, NULL, 1, NULL, '0000-00-00 00:00:00', '2019-01-05 19:04:03', 0, 'parent', '2000-01-01'),
(235, '12.162.220.106', 'taimjoud@yahoo.com', '$2y$08$LJGhzFC1fLjYR4VUaz0FXu0Q5/li0XKvCnSZ9hAr5g3iQRix8ejfe', 'barnia10191', NULL, 'taimjoud@yahoo.com', '', '', '', '', 'Hazem Barnia ', 'Alaa Al Tabbaa', '19101 Ansel Irvine, CA 92618', '', NULL, NULL, NULL, NULL, 1546715377, NULL, 1, NULL, '0000-00-00 00:00:00', '2019-01-05 19:11:14', 0, 'parent', '2000-01-01'),
(238, '192.119.160.106', '1547634270', '$2y$08$KRCulWFJ0pmW9BuJNRaD0.gh96pL2KiO7B12I0yHzqrS1RGrAgRXm', 'djwrhWXz', NULL, '1547634270', NULL, '', '', '', NULL, NULL, NULL, '', NULL, NULL, NULL, NULL, 1547634270, NULL, 1, NULL, '0000-00-00 00:00:00', '0000-00-00 00:00:00', 0, 'student', '2000-01-01'),
(239, '192.119.160.106', '1547634271', '$2y$08$v1dOdXQC/zt4qt.6tJdnyOZAhEBVOnyq0qgQkn0d9FU3pwAzld5xi', 'v0vMutqT', NULL, '1547634271', NULL, '', '', '', NULL, NULL, NULL, '', NULL, NULL, NULL, NULL, 1547634271, NULL, 1, NULL, '0000-00-00 00:00:00', '0000-00-00 00:00:00', 0, 'student', '2000-01-01'),
(240, '192.119.160.106', '1547634273', '$2y$08$lfo2lUlxpQKtGuIb6Wb/1.SefaUt9YQHQ/HCfUZqbk60HeWtboQXa', '2OaDviVc', NULL, '1547634273', NULL, '', '', '', NULL, NULL, NULL, '', NULL, NULL, NULL, NULL, 1547634273, NULL, 1, NULL, '0000-00-00 00:00:00', '0000-00-00 00:00:00', 0, 'student', '2000-01-01'),
(241, '192.119.160.106', '1547634274', '$2y$08$.4.wf33N8GRp86Fkza69xuE.p4tBXKVG1BfUTBtp55HaUZZSR27Oa', 'ejbQvSyy', NULL, '1547634274', NULL, '', '', '', NULL, NULL, NULL, '', NULL, NULL, NULL, NULL, 1547634274, NULL, 1, NULL, '0000-00-00 00:00:00', '0000-00-00 00:00:00', 0, 'student', '2000-01-01'),
(242, '192.119.160.106', '1547634275', '$2y$08$MLAcY78MbCgL6qRYaGDQ3e1JSw8/b0HvVV2sH7EF.1CelnYsWSFDy', '2UQ0HDy3', NULL, '1547634275', NULL, '', '', '', NULL, NULL, NULL, '', NULL, NULL, NULL, NULL, 1547634275, NULL, 1, NULL, '0000-00-00 00:00:00', '0000-00-00 00:00:00', 0, 'student', '2000-01-01'),
(243, '192.119.160.106', '1547634276', '$2y$08$3d7F6lI.RPnCzsG0T2eli.upLOPrqxx9bMKR1mcNrcg7XhFZTgpi6', 'DUEXeVG6', NULL, '1547634276', NULL, '', '', '', NULL, NULL, NULL, '', NULL, NULL, NULL, NULL, 1547634276, NULL, 1, NULL, '0000-00-00 00:00:00', '0000-00-00 00:00:00', 0, 'student', '2000-01-01'),
(244, '192.119.160.106', '1547634277', '$2y$08$ygsroTgkrYcSMQYbhF6.JeZ5jz5k0HKRaiWvnb0SYntarY1dcewX.', 'AHzWPlYT', NULL, '1547634277', NULL, '', '', '', NULL, NULL, NULL, '', NULL, NULL, NULL, NULL, 1547634277, NULL, 1, NULL, '0000-00-00 00:00:00', '0000-00-00 00:00:00', 0, 'student', '2000-01-01'),
(245, '192.119.160.106', '1547634278', '$2y$08$DfIuMC819U/gqy8GLeXuMOFsO3ScuQAnVW4edERE/QZxGyw5E/NHK', 'v1AQIYfA', NULL, '1547634278', NULL, '', '', '', NULL, NULL, NULL, '', NULL, NULL, NULL, NULL, 1547634278, NULL, 1, NULL, '0000-00-00 00:00:00', '0000-00-00 00:00:00', 0, 'student', '2000-01-01'),
(246, '192.119.160.106', '1547634279', '$2y$08$5f4m37O4DsOgVigkcPMpuexr8GvS7wjNrNptaky0b.K5DYsUJdTUO', 'JVzhpXaS', NULL, '1547634279', NULL, '', '', '', NULL, NULL, NULL, '', NULL, NULL, NULL, NULL, 1547634279, NULL, 1, NULL, '0000-00-00 00:00:00', '0000-00-00 00:00:00', 0, 'student', '2000-01-01'),
(247, '192.119.160.106', '1547634280', '$2y$08$l4cjdX0r2.mwCmBODsKeDeCy5xu4r9pUUvn0wNuwTRop/dklo8Tt6', 'IFGMqdHR', NULL, '1547634280', NULL, '', '', '', NULL, NULL, NULL, '', NULL, NULL, NULL, NULL, 1547634280, NULL, 1, NULL, '0000-00-00 00:00:00', '0000-00-00 00:00:00', 0, 'student', '2000-01-01'),
(248, '192.119.160.106', '1547634281', '$2y$08$km///sPAJuBPcPouXPZsQeerFOezZ89Qjd9QD5obNbZa8/2taNbCC', 'L8EqisaD', NULL, '1547634281', NULL, '', '', '', NULL, NULL, NULL, '', NULL, NULL, NULL, NULL, 1547634281, NULL, 1, NULL, '0000-00-00 00:00:00', '0000-00-00 00:00:00', 0, 'student', '2000-01-01'),
(249, '192.119.160.106', '1547634282', '$2y$08$dmgq9sv5AZToMfpW3goWwOuotrXqAPHKBGCo0dTklFR9jsBSqCqUO', 'iAkRpphZ', NULL, '1547634282', NULL, '', '', '', NULL, NULL, NULL, '', NULL, NULL, NULL, NULL, 1547634282, NULL, 1, NULL, '0000-00-00 00:00:00', '0000-00-00 00:00:00', 0, 'student', '2000-01-01'),
(250, '192.119.160.106', '1547634283', '$2y$08$s3kz/N8Ap9uYCmyQzpTVLOPwefk0BqCgTgPOi3vVHZHQ2Rra8jWkK', 'aG7qu703', NULL, '1547634283', NULL, '', '', '', NULL, NULL, NULL, '', NULL, NULL, NULL, NULL, 1547634283, NULL, 1, NULL, '0000-00-00 00:00:00', '0000-00-00 00:00:00', 0, 'student', '2000-01-01'),
(251, '192.119.160.106', '1547634284', '$2y$08$sk1m6RuoG8ik35NW.2dZlOaJp0kPaA6oOdvuZtdR8fn3t7gU8uH0G', 'CFESJcAk', NULL, '1547634284', NULL, '', '', '', NULL, NULL, NULL, '', NULL, NULL, NULL, NULL, 1547634284, NULL, 1, NULL, '0000-00-00 00:00:00', '0000-00-00 00:00:00', 0, 'student', '2000-01-01'),
(252, '192.119.160.106', '1547634285', '$2y$08$iK3apIkJhkRh4sCYNvD5D.ZV8AylK72LxkanG3z3tgdvU7WEOQRwS', '05AinBMw', NULL, '1547634285', NULL, '', '', '', NULL, NULL, NULL, '', NULL, NULL, NULL, NULL, 1547634285, NULL, 1, NULL, '0000-00-00 00:00:00', '0000-00-00 00:00:00', 0, 'student', '2000-01-01'),
(253, '192.119.160.106', '1547634286', '$2y$08$5Nn0va7BdCdmtiFb7g/1d.p9wy3XcckvSr.JuHX5w7HdGYmUu4bgq', '2Wdhbl7c', NULL, '1547634286', NULL, '', '', '', NULL, NULL, NULL, '', NULL, NULL, NULL, NULL, 1547634286, NULL, 1, NULL, '0000-00-00 00:00:00', '0000-00-00 00:00:00', 0, 'student', '2000-01-01'),
(254, '192.119.160.106', '1547634287', '$2y$08$V2mUZSGuVv.yK5LQbnhX6OMWfBXU3gZkKWGAwFtEKzc2iDyWF798G', 'R4sc1r5s', NULL, '1547634287', NULL, '', '', '', NULL, NULL, NULL, '', NULL, NULL, NULL, NULL, 1547634287, NULL, 1, NULL, '0000-00-00 00:00:00', '0000-00-00 00:00:00', 0, 'student', '2000-01-01'),
(255, '192.119.160.106', '1547634288', '$2y$08$NMJql0x1jVNUpI5YSXeMwOuAkDxoeXPiMqT4RnE2Rfu7ehO3JUl3.', 'XzbwBBGB', NULL, '1547634288', NULL, '', '', '', NULL, NULL, NULL, '', NULL, NULL, NULL, NULL, 1547634288, NULL, 1, NULL, '0000-00-00 00:00:00', '0000-00-00 00:00:00', 0, 'student', '2000-01-01'),
(256, '192.119.160.106', '1547634289', '$2y$08$txwuM8qjADPXGGdx5qmLieWVkv3ZOaxD8KWdTmMfzbX5C5CKqMwSa', 'w8JJyl6q', NULL, '1547634289', NULL, '', '', '', NULL, NULL, NULL, '', NULL, NULL, NULL, NULL, 1547634289, NULL, 1, NULL, '0000-00-00 00:00:00', '0000-00-00 00:00:00', 0, 'student', '2000-01-01'),
(257, '192.119.160.106', '1547634290', '$2y$08$q4yfaZbWW2hpWyDHHKRj2.YQdFZ08lWhgbBHb.QVDEygP7JdsNxUK', '90y0kvc3', NULL, '1547634290', NULL, '', '', '', NULL, NULL, NULL, '', NULL, NULL, NULL, NULL, 1547634290, NULL, 1, NULL, '0000-00-00 00:00:00', '0000-00-00 00:00:00', 0, 'student', '2000-01-01'),
(258, '192.119.160.106', '1547634291', '$2y$08$yZ8MvrDbPW2AeP4hTIKV9eOjmaqonRkcWUCBRqOoNKfmOhp2wmRoe', 'ou5eLZxy', NULL, '1547634291', NULL, '', '', '', NULL, NULL, NULL, '', NULL, NULL, NULL, NULL, 1547634291, NULL, 1, NULL, '0000-00-00 00:00:00', '0000-00-00 00:00:00', 0, 'student', '2000-01-01'),
(259, '192.119.160.106', '1547634292', '$2y$08$EFMMGyP/Es4GYBxatYE6FuxJB54Pf31hqcPsGhwNR.3z0Oxs5XZa.', 'oyVPZrhm', NULL, '1547634292', NULL, '', '', '', NULL, NULL, NULL, '', NULL, NULL, NULL, NULL, 1547634292, NULL, 1, NULL, '0000-00-00 00:00:00', '0000-00-00 00:00:00', 0, 'student', '2000-01-01'),
(260, '192.119.160.106', '1547634293', '$2y$08$3.Tw1/x0V93qkzUaOUrNMO9RitFylj/R2bayXFlfSqMIlQsPlJHAa', 'pQVO3R61', NULL, '1547634293', NULL, '', '', '', NULL, NULL, NULL, '', NULL, NULL, NULL, NULL, 1547634293, NULL, 1, NULL, '0000-00-00 00:00:00', '0000-00-00 00:00:00', 0, 'student', '2000-01-01'),
(261, '192.119.160.106', '1547634294', '$2y$08$5RZL4WVsi6XUJopo8fGTDeYEQS1oiGXz3K7xHWLMLPch0JPrB50Qa', 'Qt11O3T4', NULL, '1547634294', NULL, '', '', '', NULL, NULL, NULL, '', NULL, NULL, NULL, NULL, 1547634294, NULL, 1, NULL, '0000-00-00 00:00:00', '0000-00-00 00:00:00', 0, 'student', '2000-01-01'),
(262, '192.119.160.106', '1547634295', '$2y$08$r9x9S00smOotHVrzfyy8u.MXEImT9CcpwtMwESSj4iQ0Cun3oEeLS', 'nN8ZCuoR', NULL, '1547634295', NULL, '', '', '', NULL, NULL, NULL, '', NULL, NULL, NULL, NULL, 1547634295, NULL, 1, NULL, '0000-00-00 00:00:00', '0000-00-00 00:00:00', 0, 'student', '2000-01-01'),
(263, '192.119.160.106', '1547634296', '$2y$08$tEf9421UPxcZLr0tEYfEHuSxZu49jpsJzc9pKF4o79V/Vfh5JKIOu', 'T0wJrEVG', NULL, '1547634296', NULL, '', '', '', NULL, NULL, NULL, '', NULL, NULL, NULL, NULL, 1547634296, NULL, 1, NULL, '0000-00-00 00:00:00', '0000-00-00 00:00:00', 0, 'student', '2000-01-01'),
(264, '192.119.160.106', '1547634297', '$2y$08$0J.4Bh8C5.Ye6JPuXgTFr.0KMJ1tXDA5x2hdCl/ixI4W2OJBmTbIO', 'lHldog55', NULL, '1547634297', NULL, '', '', '', NULL, NULL, NULL, '', NULL, NULL, NULL, NULL, 1547634297, NULL, 1, NULL, '0000-00-00 00:00:00', '0000-00-00 00:00:00', 0, 'student', '2000-01-01'),
(265, '192.119.160.106', '1547634298', '$2y$08$yRJ/vyKvH78a3s62epFlJOu5MQ9dnrkC7d5M017bHriRO7PGbUIv6', 'AVVeOE82', NULL, '1547634298', NULL, '', '', '', NULL, NULL, NULL, '', NULL, NULL, NULL, NULL, 1547634298, NULL, 1, NULL, '0000-00-00 00:00:00', '0000-00-00 00:00:00', 0, 'student', '2000-01-01'),
(266, '192.119.160.106', '1547634299', '$2y$08$VwiA7SXrT8XD92nV1.CqyurtGp7bq/iW.61Z34TYvqqhYAuq7H9em', 'i6QKq5r0', NULL, '1547634299', NULL, '', '', '', NULL, NULL, NULL, '', NULL, NULL, NULL, NULL, 1547634299, NULL, 1, NULL, '0000-00-00 00:00:00', '0000-00-00 00:00:00', 0, 'student', '2000-01-01'),
(267, '192.119.160.106', '1547634300', '$2y$08$17lvWKjumWFN7eF64WywyuOKGZmwKO4y8voOwBxJhlLGouWqI4dTy', '5OIliuSt', NULL, '1547634300', NULL, '', '', '', NULL, NULL, NULL, '', NULL, NULL, NULL, NULL, 1547634300, NULL, 1, NULL, '0000-00-00 00:00:00', '0000-00-00 00:00:00', 0, 'student', '2000-01-01'),
(268, '192.119.160.106', '1547634301', '$2y$08$DM0Qwlbg3e0jBJ/j9TnxWOdxUdCQZVca6hD5Q8CVKeeZk4/Sg0mNy', '24xf0saz', NULL, '1547634301', NULL, '', '', '', NULL, NULL, NULL, '', NULL, NULL, NULL, NULL, 1547634301, NULL, 1, NULL, '0000-00-00 00:00:00', '0000-00-00 00:00:00', 0, 'student', '2000-01-01'),
(269, '192.119.160.106', '1547634302', '$2y$08$eufkoZjCjyXT15n1FkQoUu7mGqucfUpcNWRc3h2XFQsw3L/C5pU4G', 'dWERrCJz', NULL, '1547634302', NULL, '', '', '', NULL, NULL, NULL, '', NULL, NULL, NULL, NULL, 1547634302, NULL, 1, NULL, '0000-00-00 00:00:00', '0000-00-00 00:00:00', 0, 'student', '2000-01-01'),
(270, '192.119.160.106', '1547634303', '$2y$08$sx5l37NRiOxwLbwOWuPX5uZLKOQNLqYqO.CPgxF4gHdxNC142XjUm', 'yqaOlsOf', NULL, '1547634303', NULL, '', '', '', NULL, NULL, NULL, '', NULL, NULL, NULL, NULL, 1547634303, NULL, 1, NULL, '0000-00-00 00:00:00', '0000-00-00 00:00:00', 0, 'student', '2000-01-01'),
(271, '192.119.160.106', '1547634304', '$2y$08$m6pz1IS/mLlltJrQHufUlOPcLXqCGZhjBt8CM.zuyhoTCAwJuciP.', '7nqfH0zz', NULL, '1547634304', NULL, '', '', '', NULL, NULL, NULL, '', NULL, NULL, NULL, NULL, 1547634304, NULL, 1, NULL, '0000-00-00 00:00:00', '0000-00-00 00:00:00', 0, 'student', '2000-01-01'),
(272, '192.119.160.106', '1547634305', '$2y$08$53bKPT5S5xR3ufjISXlNYec1GFUldt6.OFd5Leci7Xo8h316MRJdC', '3XF3fGsj', NULL, '1547634305', NULL, '', '', '', NULL, NULL, NULL, '', NULL, NULL, NULL, NULL, 1547634305, NULL, 1, NULL, '0000-00-00 00:00:00', '0000-00-00 00:00:00', 0, 'student', '2000-01-01'),
(273, '192.119.160.106', '1547634306', '$2y$08$1qrDFMLsZgOV/s/0E5lCOOM5Sjf4Ru4CNn3vQagLiodefIA9yeeJq', 'sW2JoA0N', NULL, '1547634306', NULL, '', '', '', NULL, NULL, NULL, '', NULL, NULL, NULL, NULL, 1547634306, NULL, 1, NULL, '0000-00-00 00:00:00', '0000-00-00 00:00:00', 0, 'student', '2000-01-01'),
(274, '192.119.160.106', '1547634307', '$2y$08$PbfyXmsP/1uBNV3ED36M2upGopUo0.UpwXPaSigoT1Tu70T9EucIi', 'R0r3r78o', NULL, '1547634307', NULL, '', '', '', NULL, NULL, NULL, '', NULL, NULL, NULL, NULL, 1547634307, NULL, 1, NULL, '0000-00-00 00:00:00', '0000-00-00 00:00:00', 0, 'student', '2000-01-01'),
(275, '192.119.160.106', '1547634308', '$2y$08$796u5mLVTfyI0kY.726OZup65Rs6eQex0mtgtP71SP5f2cLRNhi5q', 'jouRnUhg', NULL, '1547634308', NULL, '', '', '', NULL, NULL, NULL, '', NULL, NULL, NULL, NULL, 1547634308, NULL, 1, NULL, '0000-00-00 00:00:00', '0000-00-00 00:00:00', 0, 'student', '2000-01-01'),
(276, '192.119.160.106', '1547634309', '$2y$08$qILzqPM1MBiFoNTJVP/co.IvABcaVGboPjQU03EB.89qo6LsT7gzK', 'HM9NiqWB', NULL, '1547634309', NULL, '', '', '', NULL, NULL, NULL, '', NULL, NULL, NULL, NULL, 1547634309, NULL, 1, NULL, '0000-00-00 00:00:00', '0000-00-00 00:00:00', 0, 'student', '2000-01-01'),
(277, '192.119.160.106', '1547634310', '$2y$08$dfy9SWg3PtfreoOx.C8A6.GaqHqiUe1YEPHJk4wHZzUaSgDm2a6QG', 'dObsea6W', NULL, '1547634310', NULL, '', '', '', NULL, NULL, NULL, '', NULL, NULL, NULL, NULL, 1547634310, NULL, 1, NULL, '0000-00-00 00:00:00', '0000-00-00 00:00:00', 0, 'student', '2000-01-01'),
(278, '192.119.160.106', '1547634311', '$2y$08$.11441f1qVeKdFxrppCP6.EZO/crEViCSRcEq0OS8ZPK12FTaCT5K', 'amOsjMGs', NULL, '1547634311', NULL, '', '', '', NULL, NULL, NULL, '', NULL, NULL, NULL, NULL, 1547634311, NULL, 1, NULL, '0000-00-00 00:00:00', '0000-00-00 00:00:00', 0, 'student', '2000-01-01'),
(279, '192.119.160.106', '1547634312', '$2y$08$EhBXBZOImkhtRgK7r6f3o.McfZeaRaTY61/VVluEUgEJoKJ3Ylb4S', '12aeLhli', NULL, '1547634312', NULL, '', '', '', NULL, NULL, NULL, '', NULL, NULL, NULL, NULL, 1547634312, NULL, 1, NULL, '0000-00-00 00:00:00', '0000-00-00 00:00:00', 0, 'student', '2000-01-01'),
(280, '192.119.160.106', '1547634313', '$2y$08$kGj0.ah36.ed.VuQ0wylquNVQbXYeyjYHMGGiJUQxfdPk/Tla8WeW', 'UjW4AIuD', NULL, '1547634313', NULL, '', '', '', NULL, NULL, NULL, '', NULL, NULL, NULL, NULL, 1547634313, NULL, 1, NULL, '0000-00-00 00:00:00', '0000-00-00 00:00:00', 0, 'student', '2000-01-01'),
(281, '192.119.160.106', '1547634314', '$2y$08$w2mjvK2P2dRaNcLEff9Z4.N04021NvMcW30wbWUyAQn0vgydY2/pW', 'mwWrwRdx', NULL, '1547634314', NULL, '', '', '', NULL, NULL, NULL, '', NULL, NULL, NULL, NULL, 1547634315, NULL, 1, NULL, '0000-00-00 00:00:00', '0000-00-00 00:00:00', 0, 'student', '2000-01-01'),
(282, '192.119.160.106', '1547634316', '$2y$08$2o7k7CdD9iTHYBIr3n.rG.wWG0fmrxRitGppaziReO6bIDR11P9Zy', '5SPdumwl', NULL, '1547634316', NULL, '', '', '', NULL, NULL, NULL, '', NULL, NULL, NULL, NULL, 1547634316, NULL, 1, NULL, '0000-00-00 00:00:00', '0000-00-00 00:00:00', 0, 'student', '2000-01-01'),
(283, '192.119.160.106', '1547634317', '$2y$08$3rLn1zIdF540Alrtd3wkjeQ8TZdNCUgLZ6H1uAc34H4P.a8gKRkwW', 'dwqOEBXp', NULL, '1547634317', NULL, '', '', '', NULL, NULL, NULL, '', NULL, NULL, NULL, NULL, 1547634317, NULL, 1, NULL, '0000-00-00 00:00:00', '0000-00-00 00:00:00', 0, 'student', '2000-01-01'),
(284, '192.119.160.106', '1547634318', '$2y$08$VzxcjaM/RPXUK6327yK87.9HNZf81CtwBzWfZEHeMGEKIEJK1ZX5a', 'LJichDFu', NULL, '1547634318', NULL, '', '', '', NULL, NULL, NULL, '', NULL, NULL, NULL, NULL, 1547634318, NULL, 1, NULL, '0000-00-00 00:00:00', '0000-00-00 00:00:00', 0, 'student', '2000-01-01'),
(285, '192.119.160.106', '1547634319', '$2y$08$zb8.SFtdesxwP.LxIf11Xe//iUmVOKDyE.drIYNotQbqChjfFIzxW', 'ZsMm0QJ4', NULL, '1547634319', NULL, '', '', '', NULL, NULL, NULL, '', NULL, NULL, NULL, NULL, 1547634319, NULL, 1, NULL, '0000-00-00 00:00:00', '0000-00-00 00:00:00', 0, 'student', '2000-01-01'),
(286, '192.119.160.106', '1547634320', '$2y$08$HGGHqNoQOEWs06Pl0ZBFcenR2HFwd5AmADvRifKsIz96ATBpqJcei', 'yp7TBt5E', NULL, '1547634320', NULL, '', '', '', NULL, NULL, NULL, '', NULL, NULL, NULL, NULL, 1547634320, NULL, 1, NULL, '0000-00-00 00:00:00', '0000-00-00 00:00:00', 0, 'student', '2000-01-01'),
(287, '192.119.160.106', '1547634321', '$2y$08$3ZScUNuMsMexONQywyTeT.daMD8PGo/fNXIb1fxCq.sfjljMXYQ0m', 'QkilM7An', NULL, '1547634321', NULL, '', '', '', NULL, NULL, NULL, '', NULL, NULL, NULL, NULL, 1547634321, NULL, 1, NULL, '0000-00-00 00:00:00', '0000-00-00 00:00:00', 0, 'student', '2000-01-01'),
(288, '192.119.160.106', '1547634322', '$2y$08$KpyH4wTRgCtpAZcoUuEUO.Tg0Vs3qvtLlpg/KnohGTHwt6cMsd/Ze', 'FJpNcV93', NULL, '1547634322', NULL, '', '', '', NULL, NULL, NULL, '', NULL, NULL, NULL, NULL, 1547634322, NULL, 1, NULL, '0000-00-00 00:00:00', '0000-00-00 00:00:00', 0, 'student', '2000-01-01'),
(289, '192.119.160.106', '1547634323', '$2y$08$7XUpmo435HNbXbvNWlnxs.TVcyP2es0xsjiiRy1vIDFEaMnOE7ayO', 'dKecrO7Q', NULL, '1547634323', NULL, '', '', '', NULL, NULL, NULL, '', NULL, NULL, NULL, NULL, 1547634323, NULL, 1, NULL, '0000-00-00 00:00:00', '0000-00-00 00:00:00', 0, 'student', '2000-01-01'),
(290, '192.119.160.106', '1547634324', '$2y$08$Uh0DAtkHdv0M4hNkFDlUj.1YwmdGHQd4DALNnE88hA9MNsyZhNcE.', '44zvmuZ3', NULL, '1547634324', NULL, '', '', '', NULL, NULL, NULL, '', NULL, NULL, NULL, NULL, 1547634324, NULL, 1, NULL, '0000-00-00 00:00:00', '0000-00-00 00:00:00', 0, 'student', '2000-01-01'),
(291, '192.119.160.106', '1547634325', '$2y$08$ZTyexGbgmW8/OI6tHUPuYuJIPOF8YvtcQs/exLTsPrmXEJWvjbyBa', 'F9dh5DuA', NULL, '1547634325', NULL, '', '', '', NULL, NULL, NULL, '', NULL, NULL, NULL, NULL, 1547634325, NULL, 1, NULL, '0000-00-00 00:00:00', '0000-00-00 00:00:00', 0, 'student', '2000-01-01'),
(292, '192.119.160.106', '1547634326', '$2y$08$b4CLwfeUABkqWI.696pzC.6KVetj7woHsnjZr2M0WYIS.icN0Pcu2', 'dKdgwb9z', NULL, '1547634326', NULL, '', '', '', NULL, NULL, NULL, '', NULL, NULL, NULL, NULL, 1547634326, NULL, 1, NULL, '0000-00-00 00:00:00', '0000-00-00 00:00:00', 0, 'student', '2000-01-01'),
(293, '192.119.160.106', '1547634327', '$2y$08$xxS.r4D.QCCfZlSWk2eW5uG9BXIQ8/sxO6w044zEVa7O8O5/GaBnu', 'MdC5SzKL', NULL, '1547634327', NULL, '', '', '', NULL, NULL, NULL, '', NULL, NULL, NULL, NULL, 1547634327, NULL, 1, NULL, '0000-00-00 00:00:00', '0000-00-00 00:00:00', 0, 'student', '2000-01-01'),
(294, '192.119.160.106', '1547634328', '$2y$08$MYMu7O8i246a5u/mKJnVsO9Rw9a17zOnk0rlO1tnqaeQ7EMkiMc/W', 'sa8EuWx1', NULL, '1547634328', NULL, '', '', '', NULL, NULL, NULL, '', NULL, NULL, NULL, NULL, 1547634328, NULL, 1, NULL, '0000-00-00 00:00:00', '0000-00-00 00:00:00', 0, 'student', '2000-01-01'),
(295, '192.119.160.106', '1547634329', '$2y$08$fekJ444haUO.DLbAX7Ex9uHAMOfL5rP588Ouol7oBBDIE41SfiiNC', 'VA8Q5sg9', NULL, '1547634329', NULL, '', '', '', NULL, NULL, NULL, '', NULL, NULL, NULL, NULL, 1547634329, NULL, 1, NULL, '0000-00-00 00:00:00', '0000-00-00 00:00:00', 0, 'student', '2000-01-01'),
(296, '192.119.160.106', '1547634330', '$2y$08$7XWE4kX2kZDsciTKR4pKnu5r3gTKLfz84/IgA4EDhrDXa3uoK7d2a', '3keolcOY', NULL, '1547634330', NULL, '', '', '', NULL, NULL, NULL, '', NULL, NULL, NULL, NULL, 1547634330, NULL, 1, NULL, '0000-00-00 00:00:00', '0000-00-00 00:00:00', 0, 'student', '2000-01-01'),
(297, '192.119.160.106', '1547634331', '$2y$08$P8GIZVbN5GE6SkJ2g/ULx.v2fFP.LjZyWME0HoY5ozwyUR0pdMJEW', 'fhSXGszY', NULL, '1547634331', NULL, '', '', '', NULL, NULL, NULL, '', NULL, NULL, NULL, NULL, 1547634331, NULL, 1, NULL, '0000-00-00 00:00:00', '0000-00-00 00:00:00', 0, 'student', '2000-01-01'),
(298, '192.119.160.106', '1547634332', '$2y$08$RKQ0Ir5ubUCJ/FmVDBqREuq45cd7oo1RDr1b8ASFDU7Wm3Hr/gMm2', 'twtNjQD6', NULL, '1547634332', NULL, '', '', '', NULL, NULL, NULL, '', NULL, NULL, NULL, NULL, 1547634332, NULL, 1, NULL, '0000-00-00 00:00:00', '0000-00-00 00:00:00', 0, 'student', '2000-01-01'),
(299, '192.119.160.106', '1547634333', '$2y$08$Xpz.hfKBKumQrnLTNRJH8Ol.f0w77juIAhvqMj0pgGIA6bdMpDlLq', 'hBMcTTaM', NULL, '1547634333', NULL, '', '', '', NULL, NULL, NULL, '', NULL, NULL, NULL, NULL, 1547634333, NULL, 1, NULL, '0000-00-00 00:00:00', '0000-00-00 00:00:00', 0, 'student', '2000-01-01'),
(300, '192.119.160.106', '1547634334', '$2y$08$KqFoLMSpfvoAfB/zwXO//eJQGXmRlONpsaxv8W3E3worpNyiJsNgG', '4e2fgG4m', NULL, '1547634334', NULL, '', '', '', NULL, NULL, NULL, '', NULL, NULL, NULL, NULL, 1547634334, NULL, 1, NULL, '0000-00-00 00:00:00', '0000-00-00 00:00:00', 0, 'student', '2000-01-01'),
(301, '192.119.160.106', '1547634335', '$2y$08$HV/UumnTfPnNUYrujH0zX.DIi.iJ3MytXEV67sKnQMH7brh9KT.7K', 'NMaj6A9o', NULL, '1547634335', NULL, '', '', '', NULL, NULL, NULL, '', NULL, NULL, NULL, NULL, 1547634335, NULL, 1, NULL, '0000-00-00 00:00:00', '0000-00-00 00:00:00', 0, 'student', '2000-01-01'),
(302, '192.119.160.106', '1547634336', '$2y$08$4iznh1a58cEAxXFNi2FWge4/SfjdtxSO.8WwYbGEy/k8OVf2zhTEm', 'Xr389w4f', NULL, '1547634336', NULL, '', '', '', NULL, NULL, NULL, '', NULL, NULL, NULL, NULL, 1547634336, NULL, 1, NULL, '0000-00-00 00:00:00', '0000-00-00 00:00:00', 0, 'student', '2000-01-01'),
(303, '192.119.160.106', '1547634337', '$2y$08$5ZIH0FZzYH1vsG14OUPyE.BXd625.9tnLrPNjFSZ7OFP4t2Fq1GCu', 'YFiHoikh', NULL, '1547634337', NULL, '', '', '', NULL, NULL, NULL, '', NULL, NULL, NULL, NULL, 1547634337, NULL, 1, NULL, '0000-00-00 00:00:00', '0000-00-00 00:00:00', 0, 'student', '2000-01-01'),
(304, '192.119.160.106', '1547634338', '$2y$08$XEfVWWyE91MbISxfdbOl9en0wHejKhqTV6/lq29hgzCMeZSRiszWW', 'mcntJgGm', NULL, '1547634338', NULL, '', '', '', NULL, NULL, NULL, '', NULL, NULL, NULL, NULL, 1547634338, NULL, 1, NULL, '0000-00-00 00:00:00', '0000-00-00 00:00:00', 0, 'student', '2000-01-01'),
(305, '192.119.160.106', '1547634339', '$2y$08$f/Ck/rsbGEiCgaYW.kE1JOZ0UQo68Y3s43DOX2uYE.fn2JX0Ia3Na', 'TGwO8v4U', NULL, '1547634339', NULL, '', '', '', NULL, NULL, NULL, '', NULL, NULL, NULL, NULL, 1547634339, NULL, 1, NULL, '0000-00-00 00:00:00', '0000-00-00 00:00:00', 0, 'student', '2000-01-01'),
(306, '192.119.160.106', '1547634340', '$2y$08$NRCDAcjdPFnDOrXAL1Jnpu1U6amzMLIjQDALVzmNYznWfw/aiH9uy', 'NWSLiLR7', NULL, '1547634340', NULL, '', '', '', NULL, NULL, NULL, '', NULL, NULL, NULL, NULL, 1547634340, NULL, 1, NULL, '0000-00-00 00:00:00', '0000-00-00 00:00:00', 0, 'student', '2000-01-01'),
(307, '192.119.160.106', '1547634341', '$2y$08$z/BN.fU2AoLJstBQXMTpP.HSEkpRhoUra2Kxa21nfLByxrN7kI3jG', 'gZEu9PCk', NULL, '1547634341', NULL, '', '', '', NULL, NULL, NULL, '', NULL, NULL, NULL, NULL, 1547634341, NULL, 1, NULL, '0000-00-00 00:00:00', '0000-00-00 00:00:00', 0, 'student', '2000-01-01'),
(308, '192.119.160.106', '1547634342', '$2y$08$TiqBE0IowIFf1OjD0yjVfeqFnAQDRHYl1WzakxOoH4SHXrAAs7yfi', 'SPDrW0EF', NULL, '1547634342', NULL, '', '', '', NULL, NULL, NULL, '', NULL, NULL, NULL, NULL, 1547634342, NULL, 1, NULL, '0000-00-00 00:00:00', '0000-00-00 00:00:00', 0, 'student', '2000-01-01'),
(309, '192.119.160.106', '1547634343', '$2y$08$saZiK1veV07q72T2UCh5TOiyWAqoDnZvLUZDjtslFU5loRK41NtDu', 'G2kEmeoZ', NULL, '1547634343', NULL, '', '', '', NULL, NULL, NULL, '', NULL, NULL, NULL, NULL, 1547634343, NULL, 1, NULL, '0000-00-00 00:00:00', '0000-00-00 00:00:00', 0, 'student', '2000-01-01'),
(310, '192.119.160.106', '1547634344', '$2y$08$N2LNFWNWQ2Fw5JcK./oT/OrdsY2C4XIy1I8Xtnd6imAZ5F9hSsIsm', '18B0Ij6O', NULL, '1547634344', NULL, '', '', '', NULL, NULL, NULL, '', NULL, NULL, NULL, NULL, 1547634344, NULL, 1, NULL, '0000-00-00 00:00:00', '0000-00-00 00:00:00', 0, 'student', '2000-01-01'),
(311, '192.119.160.106', '1547634345', '$2y$08$7/LGJMksFH9uknrPTGFmy.PbcMoYDRExnGMfkYNaN3YJ5EiF4Ebge', '9A07gBhY', NULL, '1547634345', NULL, '', '', '', NULL, NULL, NULL, '', NULL, NULL, NULL, NULL, 1547634345, NULL, 1, NULL, '0000-00-00 00:00:00', '0000-00-00 00:00:00', 0, 'student', '2000-01-01'),
(312, '192.119.160.106', '1547634346', '$2y$08$IpK0ehxiuilZbY9CugTwGOgqmR4GgdOn7RzwvICKzMntfnObrcThi', 'hLg4LKzi', NULL, '1547634346', NULL, '', '', '', NULL, NULL, NULL, '', NULL, NULL, NULL, NULL, 1547634346, NULL, 1, NULL, '0000-00-00 00:00:00', '0000-00-00 00:00:00', 0, 'student', '2000-01-01'),
(313, '192.119.160.106', '1547634347', '$2y$08$SNNxu7LtcOFiK0jaXFe6IOpUvbXtMeru82rqThgSsKLexjZnafDXK', 'BKMNO2DE', NULL, '1547634347', NULL, '', '', '', NULL, NULL, NULL, '', NULL, NULL, NULL, NULL, 1547634347, NULL, 1, NULL, '0000-00-00 00:00:00', '0000-00-00 00:00:00', 0, 'student', '2000-01-01'),
(314, '192.119.160.106', '1547634348', '$2y$08$eUAKkQ1Rpj/RnxmpHdUNJeMu7Swp3Av8auIOIkSwhZIz.rDZvDBlq', 'Y5Dwdzac', NULL, '1547634348', NULL, '', '', '', NULL, NULL, NULL, '', NULL, NULL, NULL, NULL, 1547634348, NULL, 1, NULL, '0000-00-00 00:00:00', '0000-00-00 00:00:00', 0, 'student', '2000-01-01'),
(315, '192.119.160.106', '1547634349', '$2y$08$YPkS2TsU8no2Eze617eV0u2DP0yeNHrQHbx9rbTaR04xUJobaGG5K', '1a07CgVJ', NULL, '1547634349', NULL, '', '', '', NULL, NULL, NULL, '', NULL, NULL, NULL, NULL, 1547634349, NULL, 1, NULL, '0000-00-00 00:00:00', '0000-00-00 00:00:00', 0, 'student', '2000-01-01'),
(316, '192.119.160.106', '1547634350', '$2y$08$CTXSnt8WpP2wWJYV86WRcOQKAMRUBbsdZ00PZde1xGLYYJr66h3Zu', 'S2CtB3B4', NULL, '1547634350', NULL, '', '', '', NULL, NULL, NULL, '', NULL, NULL, NULL, NULL, 1547634350, NULL, 1, NULL, '0000-00-00 00:00:00', '0000-00-00 00:00:00', 0, 'student', '2000-01-01'),
(317, '192.119.160.106', '1547634351', '$2y$08$erYODOq/pqLMFZH6SRE0t.BXJQZ3s1yECHqPNuV2lBHrYCxGpKPtu', 'CeGg60LT', NULL, '1547634351', NULL, '', '', '', NULL, NULL, NULL, '', NULL, NULL, NULL, NULL, 1547634351, NULL, 1, NULL, '0000-00-00 00:00:00', '0000-00-00 00:00:00', 0, 'student', '2000-01-01'),
(318, '192.119.160.106', '1547634352', '$2y$08$NTnlfenkbfgF9Kl2zpeHQOfuqk7qmiiByHTExtkOUen0bOz/avEZO', '5ef8Eg0v', NULL, '1547634352', NULL, '', '', '', NULL, NULL, NULL, '', NULL, NULL, NULL, NULL, 1547634352, NULL, 1, NULL, '0000-00-00 00:00:00', '0000-00-00 00:00:00', 0, 'student', '2000-01-01'),
(319, '192.119.160.106', '1547634353', '$2y$08$KGIOn.e.66SkaUtxz/Tv2ehlinZQvUkdiORvM.srJFD7A2E2hQAGy', 'g0rIfciY', NULL, '1547634353', NULL, '', '', '', NULL, NULL, NULL, '', NULL, NULL, NULL, NULL, 1547634353, NULL, 1, NULL, '0000-00-00 00:00:00', '0000-00-00 00:00:00', 0, 'student', '2000-01-01'),
(320, '192.119.160.106', '1547634354', '$2y$08$17lxdlVYSVGAl3nLYXtEteRLSLc4e8OlpVDIccPJrkTSxRFY6ssU.', '5LhvDJo6', NULL, '1547634354', NULL, '', '', '', NULL, NULL, NULL, '', NULL, NULL, NULL, NULL, 1547634354, NULL, 1, NULL, '0000-00-00 00:00:00', '0000-00-00 00:00:00', 0, 'student', '2000-01-01'),
(321, '192.119.160.106', '1547634355', '$2y$08$NOeiTLIxKhYFE7WuYF09kObXnZmk8c21ji48aONPDU.kShA7FP1/e', 'OVcJVNsP', NULL, '1547634355', NULL, '', '', '', NULL, NULL, NULL, '', NULL, NULL, NULL, NULL, 1547634355, NULL, 1, NULL, '0000-00-00 00:00:00', '0000-00-00 00:00:00', 0, 'student', '2000-01-01'),
(322, '192.119.160.106', '1547634356', '$2y$08$KPYbnNbRTLMIvxdXrlcoXeyFSLxTxGmy1Ve0sw3mvc2vCOkE.ZeNS', 'SyNmEMHL', NULL, '1547634356', NULL, '', '', '', NULL, NULL, NULL, '', NULL, NULL, NULL, NULL, 1547634356, NULL, 1, NULL, '0000-00-00 00:00:00', '0000-00-00 00:00:00', 0, 'student', '2000-01-01'),
(323, '192.119.160.106', '1547634357', '$2y$08$wXA.2w2OWoqqtr61pHU2IutxOQAUYB0YBIAMFW1xdd9ph1Td/4QaO', 'LZkR3sFW', NULL, '1547634357', NULL, '', '', '', NULL, NULL, NULL, '', NULL, NULL, NULL, NULL, 1547634357, NULL, 1, NULL, '0000-00-00 00:00:00', '0000-00-00 00:00:00', 0, 'student', '2000-01-01'),
(324, '192.119.160.106', '1547634358', '$2y$08$UMZ62Shge2NJI0v2rRvV..dQDkDnSjFxIbSRyrn6KRzSQeZpXYOJO', '4Niwnxs2', NULL, '1547634358', NULL, '', '', '', NULL, NULL, NULL, '', NULL, NULL, NULL, NULL, 1547634359, NULL, 1, NULL, '0000-00-00 00:00:00', '0000-00-00 00:00:00', 0, 'student', '2000-01-01'),
(325, '192.119.160.106', '1547634360', '$2y$08$/zzHRcCtY.KTCq6YLZwbROw4K1F/1WMVtz68Yd0gD9J4lkzY.aefu', 'juB58TKP', NULL, '1547634360', NULL, '', '', '', NULL, NULL, NULL, '', NULL, NULL, NULL, NULL, 1547634360, NULL, 1, NULL, '0000-00-00 00:00:00', '0000-00-00 00:00:00', 0, 'student', '2000-01-01'),
(326, '192.119.160.106', '1547634361', '$2y$08$j74oENx3StWbutlA4NRQ7eVyM4/ho7oO7Nvao5iQ//8RDwtzPm0um', 'hn3M1AnC', NULL, '1547634361', NULL, '', '', '', NULL, NULL, NULL, '', NULL, NULL, NULL, NULL, 1547634361, NULL, 1, NULL, '0000-00-00 00:00:00', '0000-00-00 00:00:00', 0, 'student', '2000-01-01'),
(327, '192.119.160.106', '1547634362', '$2y$08$E3f7pRlSp73j6gkX5KNRku2X6lNy3jFrgStXGQq81t3VTob4N96ze', 'qyjiQP6J', NULL, '1547634362', NULL, '', '', '', NULL, NULL, NULL, '', NULL, NULL, NULL, NULL, 1547634362, NULL, 1, NULL, '0000-00-00 00:00:00', '0000-00-00 00:00:00', 0, 'student', '2000-01-01'),
(328, '192.119.160.106', '1547634363', '$2y$08$UbEBvrAq8cLQbWhCioVhPuWQmmvMqUrsThEUzYOzC7a4s3duHLdXG', 'te7HCozL', NULL, '1547634363', NULL, '', '', '', NULL, NULL, NULL, '', NULL, NULL, NULL, NULL, 1547634363, NULL, 1, NULL, '0000-00-00 00:00:00', '0000-00-00 00:00:00', 0, 'student', '2000-01-01'),
(329, '192.119.160.106', '1547634364', '$2y$08$VIbWuEAyfNAiwWzYvz1ZgOlbFEL6m27xKWuuARayPG.KFyJ2JwzBy', 'I1FGKglS', NULL, '1547634364', NULL, '', '', '', NULL, NULL, NULL, '', NULL, NULL, NULL, NULL, 1547634364, NULL, 1, NULL, '0000-00-00 00:00:00', '0000-00-00 00:00:00', 0, 'student', '2000-01-01'),
(330, '192.119.160.106', '1547634365', '$2y$08$6ayikn2IJW2TfGbGLhHqfe9oEjJqMhJNobBndwWxNURSuakSoQFf.', 'tevjEIMU', NULL, '1547634365', NULL, '', '', '', NULL, NULL, NULL, '', NULL, NULL, NULL, NULL, 1547634365, NULL, 1, NULL, '0000-00-00 00:00:00', '0000-00-00 00:00:00', 0, 'student', '2000-01-01'),
(331, '192.119.160.106', '1547634366', '$2y$08$gaOWL8b9hVlhyIP/eFiTou0O8lreMB.RASYNESzCadsFR7pm8ZFuu', '8W4NBYnV', NULL, '1547634366', NULL, '', '', '', NULL, NULL, NULL, '', NULL, NULL, NULL, NULL, 1547634366, NULL, 1, NULL, '0000-00-00 00:00:00', '0000-00-00 00:00:00', 0, 'student', '2000-01-01'),
(332, '192.119.160.106', '1547634367', '$2y$08$plOmMvS99gXv6O8xn5lY7uJPqQ9CgY2Nr4VckhQwYIBd6Wdj7IOKm', '4jtvyT78', NULL, '1547634367', NULL, '', '', '', NULL, NULL, NULL, '', NULL, NULL, NULL, NULL, 1547634367, NULL, 1, NULL, '0000-00-00 00:00:00', '0000-00-00 00:00:00', 0, 'student', '2000-01-01'),
(333, '192.119.160.106', '1547634368', '$2y$08$mAOZIORhQBKV4zQ4RjeduOT9IzsFzckqVPndgpntMW3DM1hFdiLpu', 'JCDkIP33', NULL, '1547634368', NULL, '', '', '', NULL, NULL, NULL, '', NULL, NULL, NULL, NULL, 1547634368, NULL, 1, NULL, '0000-00-00 00:00:00', '0000-00-00 00:00:00', 0, 'student', '2000-01-01'),
(334, '192.119.160.106', '1547634369', '$2y$08$tqehLWFSdk6hmipkl0.FU.0HLV/aa5izpgQsx9SyBQ9gZcItj6pgO', 'UncoWO0T', NULL, '1547634369', NULL, '', '', '', NULL, NULL, NULL, '', NULL, NULL, NULL, NULL, 1547634369, NULL, 1, NULL, '0000-00-00 00:00:00', '0000-00-00 00:00:00', 0, 'student', '2000-01-01'),
(335, '192.119.160.106', '1547634370', '$2y$08$o9maTPNMxZatCyb.lziz3.w1zMllzkMIBj1xrNBDqgraVKjUsqD56', 'A3x3RKOL', NULL, '1547634370', NULL, '', '', '', NULL, NULL, NULL, '', NULL, NULL, NULL, NULL, 1547634370, NULL, 1, NULL, '0000-00-00 00:00:00', '0000-00-00 00:00:00', 0, 'student', '2000-01-01'),
(336, '192.119.160.106', '1547634371', '$2y$08$/uC0ViLIVHP8hChs0PS1H.H3N.gY8NnhcS9CVz8u5cImjeV2YOI8G', 'U87jQ4gq', NULL, '1547634371', NULL, '', '', '', NULL, NULL, NULL, '', NULL, NULL, NULL, NULL, 1547634371, NULL, 1, NULL, '0000-00-00 00:00:00', '0000-00-00 00:00:00', 0, 'student', '2000-01-01'),
(337, '192.119.160.106', '1547634372', '$2y$08$xLLNIvvcuiMZgP5YyrdlZeqm4PgGgyw1BnDJdQ5iCnUq4FMxvsyZG', 'vKA5qtWa', NULL, '1547634372', NULL, '', '', '', NULL, NULL, NULL, '', NULL, NULL, NULL, NULL, 1547634372, NULL, 1, NULL, '0000-00-00 00:00:00', '0000-00-00 00:00:00', 0, 'student', '2000-01-01'),
(338, '192.119.160.106', '1547634373', '$2y$08$xI/nuI8/Dj16abSi6hi6uuKFKTv9qSlJG6yw/4/SQ17QoYfYP2PYG', 'HYotDod4', NULL, '1547634373', NULL, '', '', '', NULL, NULL, NULL, '', NULL, NULL, NULL, NULL, 1547634373, NULL, 1, NULL, '0000-00-00 00:00:00', '0000-00-00 00:00:00', 0, 'student', '2000-01-01'),
(339, '192.119.160.106', '1547634374', '$2y$08$j5gHCkf0VuhiOKtgtAXQRemjSVVvCDLe5SAiYHTty2u0Y2.66X7e.', 'hAVZbzAW', NULL, '1547634374', NULL, '', '', '', NULL, NULL, NULL, '', NULL, NULL, NULL, NULL, 1547634374, NULL, 1, NULL, '0000-00-00 00:00:00', '0000-00-00 00:00:00', 0, 'student', '2000-01-01'),
(340, '192.119.160.106', '1547634375', '$2y$08$tynE0QPld8/0sTxodnjY2.gcycvWHybPx0TfqT3AARUgcKS5GGmz.', 'xw6dqbuL', NULL, '1547634375', NULL, '', '', '', NULL, NULL, NULL, '', NULL, NULL, NULL, NULL, 1547634375, NULL, 1, NULL, '0000-00-00 00:00:00', '0000-00-00 00:00:00', 0, 'student', '2000-01-01'),
(341, '192.119.160.106', '1547634376', '$2y$08$usfpM3eXGm1mOAlcZBQUUuMo03UQtgurwSp2jf43MMypq.nyMjCXq', 'LUG2es3L', NULL, '1547634376', NULL, '', '', '', NULL, NULL, NULL, '', NULL, NULL, NULL, NULL, 1547634376, NULL, 1, NULL, '0000-00-00 00:00:00', '0000-00-00 00:00:00', 0, 'student', '2000-01-01'),
(342, '192.119.160.106', '1547634377', '$2y$08$Wt6vjau2yYxmbTS85n6ZJ.3p0/.uCqKBfmeElP61LzLiF1vD.Tgwa', 'hh6Lv0ED', NULL, '1547634377', NULL, '', '', '', NULL, NULL, NULL, '', NULL, NULL, NULL, NULL, 1547634377, NULL, 1, NULL, '0000-00-00 00:00:00', '0000-00-00 00:00:00', 0, 'student', '2000-01-01'),
(343, '192.119.160.106', '1547634378', '$2y$08$Qyyd4ztIMZEIuymWDh.o6.u1thp7nbFC1rSZXyxZiK/r1k3r9IPWC', 'zqsBPTnd', NULL, '1547634378', NULL, '', '', '', NULL, NULL, NULL, '', NULL, NULL, NULL, NULL, 1547634378, NULL, 1, NULL, '0000-00-00 00:00:00', '0000-00-00 00:00:00', 0, 'student', '2000-01-01'),
(344, '192.119.160.106', '1547634379', '$2y$08$tUJ8nK7DIjFZXtSBBvWGLeLYbQ/KNZq9fmKZuwymKH/0wNmXd6CTO', 'fihwkB8V', NULL, '1547634379', NULL, '', '', '', NULL, NULL, NULL, '', NULL, NULL, NULL, NULL, 1547634379, NULL, 1, NULL, '0000-00-00 00:00:00', '0000-00-00 00:00:00', 0, 'student', '2000-01-01'),
(345, '192.119.160.106', '1547634380', '$2y$08$qRAqMnnFUOyg5NOIKSs6jug9L2AmvlcXhuVDc1avMbFvcIn0DJ7HO', 'mDNqWG35', NULL, '1547634380', NULL, '', '', '', NULL, NULL, NULL, '', NULL, NULL, NULL, NULL, 1547634380, NULL, 1, NULL, '0000-00-00 00:00:00', '0000-00-00 00:00:00', 0, 'student', '2000-01-01'),
(346, '192.119.160.106', '1547634381', '$2y$08$KTta4c5MeHlzmJTpjQuYZusClt3gTfuATdS1AYyJeeDusecG79UFG', 'NXF9W0Bm', NULL, '1547634381', NULL, '', '', '', NULL, NULL, NULL, '', NULL, NULL, NULL, NULL, 1547634381, NULL, 1, NULL, '0000-00-00 00:00:00', '0000-00-00 00:00:00', 0, 'student', '2000-01-01'),
(347, '192.119.160.106', '1547634382', '$2y$08$FuHUC7tVj.U7enuyenndw.grvX.GBclxPjeNxrNfnCy4hd/yJpTH2', 'qUN7D20J', NULL, '1547634382', NULL, '', '', '', NULL, NULL, NULL, '', NULL, NULL, NULL, NULL, 1547634382, NULL, 1, NULL, '0000-00-00 00:00:00', '0000-00-00 00:00:00', 0, 'student', '2000-01-01'),
(348, '192.119.160.106', '1547634384', '$2y$08$oe0HvkvCQrPdN36.JyrXx.d6ab5sAsn7WcZzi0i5cxl9bE4WSB8Cu', '0g6jI46U', NULL, '1547634384', NULL, '', '', '', NULL, NULL, NULL, '', NULL, NULL, NULL, NULL, 1547634384, NULL, 1, NULL, '0000-00-00 00:00:00', '0000-00-00 00:00:00', 0, 'student', '2000-01-01'),
(349, '192.119.160.106', '1547634385', '$2y$08$9wLROBtQ1N7UdLAG18YgVu2NXASh4jOjiFj9RAQ5Fw586HGekmSTm', 'wJbjf4eS', NULL, '1547634385', NULL, '', '', '', NULL, NULL, NULL, '', NULL, NULL, NULL, NULL, 1547634385, NULL, 1, NULL, '0000-00-00 00:00:00', '0000-00-00 00:00:00', 0, 'student', '2000-01-01'),
(350, '192.119.160.106', '1547634386', '$2y$08$ZMnA1/.ehtX5D58PADdH.exoIQTh9nMwmvOhcuy7/n0UDhZd8RVSO', 'RJRDJjQZ', NULL, '1547634386', NULL, '', '', '', NULL, NULL, NULL, '', NULL, NULL, NULL, NULL, 1547634386, NULL, 1, NULL, '0000-00-00 00:00:00', '0000-00-00 00:00:00', 0, 'student', '2000-01-01'),
(351, '192.119.160.106', '1547634387', '$2y$08$PLZWrjLEuNoRjSl/K2nu3eM0c.o4E2ETqWqJkHwPUnp3kTA63NJx6', '4tVwlV6k', NULL, '1547634387', NULL, '', '', '', NULL, NULL, NULL, '', NULL, NULL, NULL, NULL, 1547634387, NULL, 1, NULL, '0000-00-00 00:00:00', '0000-00-00 00:00:00', 0, 'student', '2000-01-01'),
(352, '192.119.160.106', '1547634388', '$2y$08$L5dHCdKh87siAvAE23lYYO2EVXYAFFqZLxBBrF0RtodAPvonB05xC', '22uzUqkh', NULL, '1547634388', NULL, '', '', '', NULL, NULL, NULL, '', NULL, NULL, NULL, NULL, 1547634388, NULL, 1, NULL, '0000-00-00 00:00:00', '0000-00-00 00:00:00', 0, 'student', '2000-01-01'),
(353, '192.119.160.106', '1547634389', '$2y$08$sQzYFQkfgmq0bFgHlmW0EufKn1l4f8INjclP0kVYvb1Y5ojIfDaOW', 'Zlq6fuOW', NULL, '1547634389', NULL, '', '', '', NULL, NULL, NULL, '', NULL, NULL, NULL, NULL, 1547634389, NULL, 1, NULL, '0000-00-00 00:00:00', '0000-00-00 00:00:00', 0, 'student', '2000-01-01'),
(354, '192.119.160.106', '1547634390', '$2y$08$qFMkal7VUEJGFZgjCSdK7OPjKEXXSZjfrgzISYGENDMePDiuoENdK', '5vpDE6ty', NULL, '1547634390', NULL, '', '', '', NULL, NULL, NULL, '', NULL, NULL, NULL, NULL, 1547634390, NULL, 1, NULL, '0000-00-00 00:00:00', '0000-00-00 00:00:00', 0, 'student', '2000-01-01'),
(355, '192.119.160.106', '1547634391', '$2y$08$Dhbl4Du/DCuj9HUssSg5U.iWp/k6BRSBsy2RdDWXUirkRP4/aYyuq', 'pfVA1RLS', NULL, '1547634391', NULL, '', '', '', NULL, NULL, NULL, '', NULL, NULL, NULL, NULL, 1547634391, NULL, 1, NULL, '0000-00-00 00:00:00', '0000-00-00 00:00:00', 0, 'student', '2000-01-01'),
(356, '192.119.160.106', '1547634467', '$2y$08$ur4ur.OuWKhF6h6qdLImE.x0kPNF.Qhjp6aVIJbnOjzY/F1bQJkL2', '7Nsouowv', NULL, '1547634467', NULL, '', '', '', NULL, NULL, NULL, '', NULL, NULL, NULL, NULL, 1547634467, NULL, 1, NULL, '0000-00-00 00:00:00', '0000-00-00 00:00:00', 0, 'student', '2000-01-01'),
(357, '192.119.160.106', '1547634468', '$2y$08$kHgR5j6FE7svFPj/vx08P.AKJSuWRqHdyAzwQmMw4J9iGsHvDO7dm', 'y6kXWLlx', NULL, '1547634468', NULL, '', '', '', NULL, NULL, NULL, '', NULL, NULL, NULL, NULL, 1547634468, NULL, 1, NULL, '0000-00-00 00:00:00', '0000-00-00 00:00:00', 0, 'student', '2000-01-01'),
(358, '192.119.160.106', '1547634469', '$2y$08$31B0AyCbwiIfURbqyoSkTOVoEcXJRFatp1wBDHNlWi8s1Pynshj0e', 'yLYNUAGp', NULL, '1547634469', NULL, '', '', '', NULL, NULL, NULL, '', NULL, NULL, NULL, NULL, 1547634469, NULL, 1, NULL, '0000-00-00 00:00:00', '0000-00-00 00:00:00', 0, 'student', '2000-01-01'),
(359, '192.119.160.106', '1547634470', '$2y$08$EVioUG50oXbijeM.26l8tO2IdXe23dzuYvNA.QNe2Up3ANcBMpvs6', '0ZKbqIsn', NULL, '1547634470', NULL, '', '', '', NULL, NULL, NULL, '', NULL, NULL, NULL, NULL, 1547634470, NULL, 1, NULL, '0000-00-00 00:00:00', '0000-00-00 00:00:00', 0, 'student', '2000-01-01'),
(360, '192.119.160.106', '1547634471', '$2y$08$PdVNSnIo37uccdbOSfaqVONgb0/o/nUS8m7Vg5bhkYnR8KYZIrnj6', 'mKCHZY4n', NULL, '1547634471', NULL, '', '', '', NULL, NULL, NULL, '', NULL, NULL, NULL, NULL, 1547634471, NULL, 1, NULL, '0000-00-00 00:00:00', '0000-00-00 00:00:00', 0, 'student', '2000-01-01'),
(361, '192.119.160.106', '1547634472', '$2y$08$Ivx86qhfBp70//cRtlAjyeRm4e1C6XtkmjmX1dhKClOJcTCHUEdaG', 'UdbGPm5d', NULL, '1547634472', NULL, '', '', '', NULL, NULL, NULL, '', NULL, NULL, NULL, NULL, 1547634472, NULL, 1, NULL, '0000-00-00 00:00:00', '0000-00-00 00:00:00', 0, 'student', '2000-01-01'),
(362, '192.119.160.106', '1547634473', '$2y$08$3xogDh3XLdohxsIy8S6hTuj53gt8fIh4uNt7WWxEJI1o33OAolrRm', 'YTRIjoXj', NULL, '1547634473', NULL, '', '', '', NULL, NULL, NULL, '', NULL, NULL, NULL, NULL, 1547634473, NULL, 1, NULL, '0000-00-00 00:00:00', '0000-00-00 00:00:00', 0, 'student', '2000-01-01'),
(363, '192.119.160.106', '1547634474', '$2y$08$my16RdWtFGsQuxUAjrihvu94xbkBuyf94jtraXGKnFfKerPgEG3Om', 'dxku7CHj', NULL, '1547634474', NULL, '', '', '', NULL, NULL, NULL, '', NULL, NULL, NULL, NULL, 1547634474, NULL, 1, NULL, '0000-00-00 00:00:00', '0000-00-00 00:00:00', 0, 'student', '2000-01-01'),
(364, '192.119.160.106', '1547634475', '$2y$08$l3C8qr4Gtnt0zweuDoMjkuimtMqfxJjevjsP4TcqVyCqH7R5O.vEK', 'd0Q3YKgI', NULL, '1547634475', NULL, '', '', '', NULL, NULL, NULL, '', NULL, NULL, NULL, NULL, 1547634475, NULL, 1, NULL, '0000-00-00 00:00:00', '0000-00-00 00:00:00', 0, 'student', '2000-01-01'),
(365, '192.119.160.106', '1547634476', '$2y$08$tb37SCv4UrzDNUuWFRaN7OozihrWa/5dwNoOJy/fq6ttSXdpCxqte', 'Nhfttaxi', NULL, '1547634476', NULL, '', '', '', NULL, NULL, NULL, '', NULL, NULL, NULL, NULL, 1547634476, NULL, 1, NULL, '0000-00-00 00:00:00', '0000-00-00 00:00:00', 0, 'student', '2000-01-01'),
(366, '192.119.160.106', '1547634477', '$2y$08$ivy.weqFbd.zLJDHFguex.lKIfx2WTuo.uuQgpnnjaDMOkgWPXkmC', 'TeQ4sEcv', NULL, '1547634477', NULL, '', '', '', NULL, NULL, NULL, '', NULL, NULL, NULL, NULL, 1547634477, NULL, 1, NULL, '0000-00-00 00:00:00', '0000-00-00 00:00:00', 0, 'student', '2000-01-01'),
(367, '192.119.160.106', '1547634478', '$2y$08$vO0oEhwMm6xbJv6oWVNmiu/GgRPQ.Zcrg2JC85Chcur1nURYLEpVa', '2mPYPn8S', NULL, '1547634478', NULL, '', '', '', NULL, NULL, NULL, '', NULL, NULL, NULL, NULL, 1547634478, NULL, 1, NULL, '0000-00-00 00:00:00', '0000-00-00 00:00:00', 0, 'student', '2000-01-01'),
(368, '192.119.160.106', '1547634479', '$2y$08$0P5oE5zYyVVDkTZONjscge0FutLiibYSDwcxfc.aRwY4m5AaP5yFO', 'mOKbpQK4', NULL, '1547634479', NULL, '', '', '', NULL, NULL, NULL, '', NULL, NULL, NULL, NULL, 1547634479, NULL, 1, NULL, '0000-00-00 00:00:00', '0000-00-00 00:00:00', 0, 'student', '2000-01-01'),
(369, '192.119.160.106', '1547634480', '$2y$08$F5DWnw0lxd1QQLUMjIhaxusFRR4I/o0cMZ6k6wf9oKgEwILeRGdT.', 'XPmhQJqz', NULL, '1547634480', NULL, '', '', '', NULL, NULL, NULL, '', NULL, NULL, NULL, NULL, 1547634480, NULL, 1, NULL, '0000-00-00 00:00:00', '0000-00-00 00:00:00', 0, 'student', '2000-01-01'),
(370, '192.119.160.106', '1547634481', '$2y$08$weMZ6lAnElLom0bUpP1icekA2I770u6J5Z2oyU2ca6xNlBb88vVjm', 'N7s7Avrs', NULL, '1547634481', NULL, '', '', '', NULL, NULL, NULL, '', NULL, NULL, NULL, NULL, 1547634481, NULL, 1, NULL, '0000-00-00 00:00:00', '0000-00-00 00:00:00', 0, 'student', '2000-01-01'),
(371, '192.119.160.106', '1547634482', '$2y$08$UstGmJgGBtZnuxmoMMrxN.O2ilcuRPrmf.tXj2qBo5AAWZ7oC29.y', 'H8hnke6x', NULL, '1547634482', NULL, '', '', '', NULL, NULL, NULL, '', NULL, NULL, NULL, NULL, 1547634482, NULL, 1, NULL, '0000-00-00 00:00:00', '0000-00-00 00:00:00', 0, 'student', '2000-01-01'),
(372, '192.119.160.106', '1547634483', '$2y$08$D1itAOgdQZlyTWvewq5PbOq77YQBxBdnYyFzdbVUCibdBRmAdkz5a', 'TGy9n92a', NULL, '1547634483', NULL, '', '', '', NULL, NULL, NULL, '', NULL, NULL, NULL, NULL, 1547634483, NULL, 1, NULL, '0000-00-00 00:00:00', '0000-00-00 00:00:00', 0, 'student', '2000-01-01'),
(373, '192.119.160.106', '1547634484', '$2y$08$E0bqlReHSvCXcR9TnUBm2unLOiX5QEN1/oV4C7.3vkYNoBSOYUHQS', 'OeiuNyUr', NULL, '1547634484', NULL, '', '', '', NULL, NULL, NULL, '', NULL, NULL, NULL, NULL, 1547634484, NULL, 1, NULL, '0000-00-00 00:00:00', '0000-00-00 00:00:00', 0, 'student', '2000-01-01'),
(374, '192.119.160.106', '1547634485', '$2y$08$IVUchfmkdpAHzgvvRSl77.ayjqMF7Jht1iOyG2WPdpwbHmCzR1Lqe', 'vdnWyFe7', NULL, '1547634485', NULL, '', '', '', NULL, NULL, NULL, '', NULL, NULL, NULL, NULL, 1547634485, NULL, 1, NULL, '0000-00-00 00:00:00', '0000-00-00 00:00:00', 0, 'student', '2000-01-01'),
(375, '192.119.160.106', '1547634487', '$2y$08$zKnNmF5vCW1SwH6UdCIN5enhmibXF0kmVrLTtA8pNWCuXHhWkUxYy', 'CljNqfaa', NULL, '1547634487', NULL, '', '', '', NULL, NULL, NULL, '', NULL, NULL, NULL, NULL, 1547634487, NULL, 1, NULL, '0000-00-00 00:00:00', '0000-00-00 00:00:00', 0, 'student', '2000-01-01'),
(376, '192.119.160.106', '1547634488', '$2y$08$Y48aDwI3LLemwt.wvOb0kOAFnBWJ8VNhNgA/aO4VCtjkyKjN10lMS', 'Ly9Yx1Zb', NULL, '1547634488', NULL, '', '', '', NULL, NULL, NULL, '', NULL, NULL, NULL, NULL, 1547634488, NULL, 1, NULL, '0000-00-00 00:00:00', '0000-00-00 00:00:00', 0, 'student', '2000-01-01'),
(377, '192.119.160.106', '1547634489', '$2y$08$13DLirh6DjZfwJUY.jIILeHfI.RMXBeAtjayqw9PlT5C9ItsXom/.', '59wIxgZS', NULL, '1547634489', NULL, '', '', '', NULL, NULL, NULL, '', NULL, NULL, NULL, NULL, 1547634489, NULL, 1, NULL, '0000-00-00 00:00:00', '0000-00-00 00:00:00', 0, 'student', '2000-01-01'),
(378, '192.119.160.106', '1547634490', '$2y$08$/AXhdbo8hdiElf3jabHFv.4vJJhhhyRSvQb4ER0IhvDT7/XsHbfSO', 'kdEIIJEb', NULL, '1547634490', NULL, '', '', '', NULL, NULL, NULL, '', NULL, NULL, NULL, NULL, 1547634490, NULL, 1, NULL, '0000-00-00 00:00:00', '0000-00-00 00:00:00', 0, 'student', '2000-01-01'),
(379, '192.119.160.106', '1547634491', '$2y$08$RwcwHz2HTn6IICKaNg020eHMf64cCaXuhZBmgx4rawBSUx1jeov4G', 'VOPbTPbu', NULL, '1547634491', NULL, '', '', '', NULL, NULL, NULL, '', NULL, NULL, NULL, NULL, 1547634491, NULL, 1, NULL, '0000-00-00 00:00:00', '0000-00-00 00:00:00', 0, 'student', '2000-01-01'),
(380, '192.119.160.106', '1547634492', '$2y$08$jqVy7Z5Lr9BE/SZLhNZV0.i/2N6DHpKjX2.6Oen50SRqbVLchT6fO', 'eajB29DV', NULL, '1547634492', NULL, '', '', '', NULL, NULL, NULL, '', NULL, NULL, NULL, NULL, 1547634492, NULL, 1, NULL, '0000-00-00 00:00:00', '0000-00-00 00:00:00', 0, 'student', '2000-01-01'),
(381, '192.119.160.106', '1547634493', '$2y$08$BkWnClSPymqLL/9ZhAEldOHCcC8cfZzO8XiA.js55tVqEyx0xRLLm', '7Zuu7jcg', NULL, '1547634493', NULL, '', '', '', NULL, NULL, NULL, '', NULL, NULL, NULL, NULL, 1547634493, NULL, 1, NULL, '0000-00-00 00:00:00', '0000-00-00 00:00:00', 0, 'student', '2000-01-01');
INSERT INTO `users` (`id`, `ip_address`, `username`, `password`, `non_encrept_pass`, `salt`, `email`, `email2`, `activation_code`, `first_name`, `last_name`, `father_name`, `mother_name`, `address`, `mobile`, `phone`, `forgotten_password_code`, `forgotten_password_time`, `remember_code`, `created_on`, `last_login`, `active`, `company`, `created_at`, `updated_at`, `deleted`, `type`, `birthdate`) VALUES
(382, '192.119.160.106', '1547634494', '$2y$08$vjYBhUK7Ywkl62dFAcX9ZuQO7cjRS6aN3cv7IlPDj0sFsydX5hbNu', 'nHPWgkY2', NULL, '1547634494', NULL, '', '', '', NULL, NULL, NULL, '', NULL, NULL, NULL, NULL, 1547634494, NULL, 1, NULL, '0000-00-00 00:00:00', '0000-00-00 00:00:00', 0, 'student', '2000-01-01'),
(383, '192.119.160.106', '1547634495', '$2y$08$9wjxzgzpeHMfPNE/TFVMteVI/A08HeqE/xIpOuX0kKwVDwoEBliOO', 'YD4Hi63n', NULL, '1547634495', NULL, '', '', '', NULL, NULL, NULL, '', NULL, NULL, NULL, NULL, 1547634495, NULL, 1, NULL, '0000-00-00 00:00:00', '0000-00-00 00:00:00', 0, 'student', '2000-01-01'),
(384, '192.119.160.106', '1547634496', '$2y$08$RiVCQCOkWm4VUKsYovsQt.Nr4m8lzA4hCrtfkz1LmodzMltDUpShe', '7bPXaiI8', NULL, '1547634496', NULL, '', '', '', NULL, NULL, NULL, '', NULL, NULL, NULL, NULL, 1547634496, NULL, 1, NULL, '0000-00-00 00:00:00', '0000-00-00 00:00:00', 0, 'student', '2000-01-01'),
(385, '192.119.160.106', '1547634497', '$2y$08$Gn60jZszMKpeyNJGeIXNfehymllDMvPIWbuwc15/SdPadIxsEW01e', '94r6ctcq', NULL, '1547634497', NULL, '', '', '', NULL, NULL, NULL, '', NULL, NULL, NULL, NULL, 1547634497, NULL, 1, NULL, '0000-00-00 00:00:00', '0000-00-00 00:00:00', 0, 'student', '2000-01-01'),
(386, '192.119.160.106', '1547634498', '$2y$08$vbSk0XwTxpVlOzjJYuNlVe2mYz1hCUvCftXwb4id1QI/dMqH0ctpm', '2Rc9211P', NULL, '1547634498', NULL, '', '', '', NULL, NULL, NULL, '', NULL, NULL, NULL, NULL, 1547634498, NULL, 1, NULL, '0000-00-00 00:00:00', '0000-00-00 00:00:00', 0, 'student', '2000-01-01'),
(387, '192.119.160.106', '1547634499', '$2y$08$nl6aatLalCm9R99XC5DnnOztcA8LRMwDTgXYikNpGyWKLfngU1jPG', 'tTnCPgPL', NULL, '1547634499', NULL, '', '', '', NULL, NULL, NULL, '', NULL, NULL, NULL, NULL, 1547634499, NULL, 1, NULL, '0000-00-00 00:00:00', '0000-00-00 00:00:00', 0, 'student', '2000-01-01'),
(388, '192.119.160.106', '1547634500', '$2y$08$RuPKIUrk4Bz8H.1Jr5wS8.3ZOiMJ8fSashZupc/Gh/1YQSvbYmanC', 'huyiD8fC', NULL, '1547634500', NULL, '', '', '', NULL, NULL, NULL, '', NULL, NULL, NULL, NULL, 1547634500, NULL, 1, NULL, '0000-00-00 00:00:00', '0000-00-00 00:00:00', 0, 'student', '2000-01-01'),
(389, '192.119.160.106', '1547634501', '$2y$08$ZzY5J954RDZ7O0kjXBTxxehiCLDhHwWDzdFH.lHpLGwyuQHfngnCm', '1wx4QzjH', NULL, '1547634501', NULL, '', '', '', NULL, NULL, NULL, '', NULL, NULL, NULL, NULL, 1547634501, NULL, 1, NULL, '0000-00-00 00:00:00', '0000-00-00 00:00:00', 0, 'student', '2000-01-01'),
(390, '192.119.160.106', '1547634502', '$2y$08$teA2MoWCFViqcDtiaL/kMeBLl9F6JCouVn1KbKVy5iM2M750op7pG', 'hmF9cwOw', NULL, '1547634502', NULL, '', '', '', NULL, NULL, NULL, '', NULL, NULL, NULL, NULL, 1547634502, NULL, 1, NULL, '0000-00-00 00:00:00', '0000-00-00 00:00:00', 0, 'student', '2000-01-01'),
(391, '192.119.160.106', '1547634503', '$2y$08$YOM7WHay3ZDoL37SqryTXeRqdI9Jq91P0ZFHUdPT0Zb22KrbkXWVe', 'f2ZU8Fvf', NULL, '1547634503', NULL, '', '', '', NULL, NULL, NULL, '', NULL, NULL, NULL, NULL, 1547634503, NULL, 1, NULL, '0000-00-00 00:00:00', '0000-00-00 00:00:00', 0, 'student', '2000-01-01'),
(392, '192.119.160.106', '1547634504', '$2y$08$kKINdFC9PvJrEcJgh6/lz.TGfOYU4GfMo/rFfzqt8iDweWbEGxYxa', '1UnuRtWI', NULL, '1547634504', NULL, '', '', '', NULL, NULL, NULL, '', NULL, NULL, NULL, NULL, 1547634504, NULL, 1, NULL, '0000-00-00 00:00:00', '0000-00-00 00:00:00', 0, 'student', '2000-01-01'),
(393, '192.119.160.106', '1547634505', '$2y$08$0Wi6AbWobIsqMxLteZ.l6OK6YMc6aAS4QPeevNC2apS1Enj7MfAQy', 'PjBwJK5Q', NULL, '1547634505', NULL, '', '', '', NULL, NULL, NULL, '', NULL, NULL, NULL, NULL, 1547634505, NULL, 1, NULL, '0000-00-00 00:00:00', '0000-00-00 00:00:00', 0, 'student', '2000-01-01'),
(394, '192.119.160.106', '1547634506', '$2y$08$DYEmq2gzW57HNPExIa6ziuRUz/KkI3/lOGCZcYlsHzplQTsqMpw9S', 'XAP1Wtm2', NULL, '1547634506', NULL, '', '', '', NULL, NULL, NULL, '', NULL, NULL, NULL, NULL, 1547634506, NULL, 1, NULL, '0000-00-00 00:00:00', '0000-00-00 00:00:00', 0, 'student', '2000-01-01'),
(395, '192.119.160.106', '1547634507', '$2y$08$uHSp3XbTk5tmctpNiHGLdOzqDHW0W2G0fXdCRQO0ROARpyJH6fmGq', 'lcMjI9oy', NULL, '1547634507', NULL, '', '', '', NULL, NULL, NULL, '', NULL, NULL, NULL, NULL, 1547634507, NULL, 1, NULL, '0000-00-00 00:00:00', '0000-00-00 00:00:00', 0, 'student', '2000-01-01'),
(396, '192.119.160.106', '1547634508', '$2y$08$mYBKRWnLKn3aaoKRx8kkpuH3E0l52/qLWaPc1Rpp9Q5m5AOnscXcW', 'SCSAVE9B', NULL, '1547634508', NULL, '', '', '', NULL, NULL, NULL, '', NULL, NULL, NULL, NULL, 1547634508, NULL, 1, NULL, '0000-00-00 00:00:00', '0000-00-00 00:00:00', 0, 'student', '2000-01-01'),
(397, '192.119.160.106', '1547634509', '$2y$08$Z37mt97qCF1lUiakD6GH0O9R1LolrgOrQeX5BnMaEZZzvzRv4IOOK', 'OAYoaS5Y', NULL, '1547634509', NULL, '', '', '', NULL, NULL, NULL, '', NULL, NULL, NULL, NULL, 1547634509, NULL, 1, NULL, '0000-00-00 00:00:00', '0000-00-00 00:00:00', 0, 'student', '2000-01-01'),
(398, '192.119.160.106', '1547634510', '$2y$08$WreuZnTFIzWubOvdpSsiEOvSJSSW/ZA8waBHUtjZhH2aNt8DRzyOm', 'iJO542We', NULL, '1547634510', NULL, '', '', '', NULL, NULL, NULL, '', NULL, NULL, NULL, NULL, 1547634510, NULL, 1, NULL, '0000-00-00 00:00:00', '0000-00-00 00:00:00', 0, 'student', '2000-01-01'),
(399, '192.119.160.106', '1547634512', '$2y$08$Tk3MnXXDaSHBYzToas4c2eTBD8.Lngjb8z08gW9qj7vYm7lT.GZui', '4znBxC1g', NULL, '1547634512', NULL, '', '', '', NULL, NULL, NULL, '', NULL, NULL, NULL, NULL, 1547634512, NULL, 1, NULL, '0000-00-00 00:00:00', '0000-00-00 00:00:00', 0, 'student', '2000-01-01'),
(400, '192.119.160.106', '1547634513', '$2y$08$8a3Jh969njTu74SmHGpASuMQGln46gWE.ItegYwOxBiexUmCJByA.', '5JHQdFiS', NULL, '1547634513', NULL, '', '', '', NULL, NULL, NULL, '', NULL, NULL, NULL, NULL, 1547634513, NULL, 1, NULL, '0000-00-00 00:00:00', '0000-00-00 00:00:00', 0, 'student', '2000-01-01'),
(401, '192.119.160.106', '1547634514', '$2y$08$KnXUu6GWzjH0AfnlVz5Y3uSkI2ExBI/7SGXZFxDYX6R12peqedTSm', '6777P2UX', NULL, '1547634514', NULL, '', '', '', NULL, NULL, NULL, '', NULL, NULL, NULL, NULL, 1547634514, NULL, 1, NULL, '0000-00-00 00:00:00', '0000-00-00 00:00:00', 0, 'student', '2000-01-01'),
(402, '192.119.160.106', '1547634515', '$2y$08$vTR3UdMwXprqCzR5tN4X4e2l1dw5Z2.V/j0K/obhTNVMYupTGpnj.', 'BzSuqEyk', NULL, '1547634515', NULL, '', '', '', NULL, NULL, NULL, '', NULL, NULL, NULL, NULL, 1547634515, NULL, 1, NULL, '0000-00-00 00:00:00', '0000-00-00 00:00:00', 0, 'student', '2000-01-01'),
(403, '192.119.160.106', '1547634516', '$2y$08$XSOC2zNe8Lt3euPFGbDAleUmQcdeQvFCfgNqzMh5uGFeb/wNBcLtC', '4LMrdCx9', NULL, '1547634516', NULL, '', '', '', NULL, NULL, NULL, '', NULL, NULL, NULL, NULL, 1547634516, NULL, 1, NULL, '0000-00-00 00:00:00', '0000-00-00 00:00:00', 0, 'student', '2000-01-01'),
(404, '192.119.160.106', '1547634517', '$2y$08$46Ehlc763HCTUht9KFSr4eWkEm8pkivXdTnjIjwmrzpIAA8N53YRm', 'b6PfAXYw', NULL, '1547634517', NULL, '', '', '', NULL, NULL, NULL, '', NULL, NULL, NULL, NULL, 1547634517, NULL, 1, NULL, '0000-00-00 00:00:00', '0000-00-00 00:00:00', 0, 'student', '2000-01-01'),
(405, '192.119.160.106', '1547634518', '$2y$08$ojRYCTtOVAVvwTT..iSMtOia90SGDnttfUL72eZs991BZnO9qbs6u', 'UUtzMend', NULL, '1547634518', NULL, '', '', '', NULL, NULL, NULL, '', NULL, NULL, NULL, NULL, 1547634518, NULL, 1, NULL, '0000-00-00 00:00:00', '0000-00-00 00:00:00', 0, 'student', '2000-01-01'),
(406, '192.119.160.106', '1547634519', '$2y$08$RzSrQiTlYNLZHGxMJ5rltef4hk9dfVShuZD5/IPFMCzcuTP0s2oW2', 'D6xUAW5u', NULL, '1547634519', NULL, '', '', '', NULL, NULL, NULL, '', NULL, NULL, NULL, NULL, 1547634519, NULL, 1, NULL, '0000-00-00 00:00:00', '0000-00-00 00:00:00', 0, 'student', '2000-01-01'),
(407, '192.119.160.106', '1547634520', '$2y$08$Rl9OQ8mbClGluxfF4L37YefYNne5FR0gVk2cBHbPY1liza3a1z5fy', 'yGLC90Aa', NULL, '1547634520', NULL, '', '', '', NULL, NULL, NULL, '', NULL, NULL, NULL, NULL, 1547634520, NULL, 1, NULL, '0000-00-00 00:00:00', '0000-00-00 00:00:00', 0, 'student', '2000-01-01'),
(408, '192.119.160.106', '1547634521', '$2y$08$H0.4SZ5ucQSPDFBs8rPd4ed5iHVpVeAiJBgYMlw4DkYv/.xPjlJHK', '5gfv54SO', NULL, '1547634521', NULL, '', '', '', NULL, NULL, NULL, '', NULL, NULL, NULL, NULL, 1547634521, NULL, 1, NULL, '0000-00-00 00:00:00', '0000-00-00 00:00:00', 0, 'student', '2000-01-01'),
(409, '192.119.160.106', '1547634522', '$2y$08$6DdgtehkMdy2aybC.824AuYhqjCoRgiDuBJRNddy52lF8iEdXnecC', 'ObeqfsuJ', NULL, '1547634522', NULL, '', '', '', NULL, NULL, NULL, '', NULL, NULL, NULL, NULL, 1547634522, NULL, 1, NULL, '0000-00-00 00:00:00', '0000-00-00 00:00:00', 0, 'student', '2000-01-01'),
(410, '192.119.160.106', '1547634523', '$2y$08$8MkeTyPvsGYKo3BTk2HD7.CU95li.Bcnc/w6dmj.vF5dv5Gj7acc6', 'oStPEo03', NULL, '1547634523', NULL, '', '', '', NULL, NULL, NULL, '', NULL, NULL, NULL, NULL, 1547634523, NULL, 1, NULL, '0000-00-00 00:00:00', '0000-00-00 00:00:00', 0, 'student', '2000-01-01'),
(411, '192.119.160.106', '1547634524', '$2y$08$nE.9K7s1oeF2Q341LcLbeu0HgVM0z9naS13YtQVB5J5FIRymfB73a', 'ULvTLVTF', NULL, '1547634524', NULL, '', '', '', NULL, NULL, NULL, '', NULL, NULL, NULL, NULL, 1547634524, NULL, 1, NULL, '0000-00-00 00:00:00', '0000-00-00 00:00:00', 0, 'student', '2000-01-01'),
(412, '192.119.160.106', '1547634525', '$2y$08$5b/.ge5IT7ZsmZGyfME4neeHqA6ir61n.721SaEf.qr0GacmILCEe', '3Z2WSJBx', NULL, '1547634525', NULL, '', '', '', NULL, NULL, NULL, '', NULL, NULL, NULL, NULL, 1547634525, NULL, 1, NULL, '0000-00-00 00:00:00', '0000-00-00 00:00:00', 0, 'student', '2000-01-01'),
(413, '192.119.160.106', '1547634526', '$2y$08$RzJANTfGSwaClfdGJAzOsuUwCXE3Ly51pzonKAuG8m4Forp5KNakK', 'LFORY9rc', NULL, '1547634526', NULL, '', '', '', NULL, NULL, NULL, '', NULL, NULL, NULL, NULL, 1547634526, NULL, 1, NULL, '0000-00-00 00:00:00', '0000-00-00 00:00:00', 0, 'student', '2000-01-01'),
(414, '192.119.160.106', '1547634527', '$2y$08$ntYxqC4PSVm0MIzvykbpwukYCGsZO/hSuY9iwkDx8LIrsziEPY0H.', 'RKRlYQeJ', NULL, '1547634527', NULL, '', '', '', NULL, NULL, NULL, '', NULL, NULL, NULL, NULL, 1547634527, NULL, 1, NULL, '0000-00-00 00:00:00', '0000-00-00 00:00:00', 0, 'student', '2000-01-01'),
(415, '192.119.160.106', '1547634528', '$2y$08$ZFHmaGLytzfKGjUQcSrsE.o6EOn.W5hKp3DXVUChiX1IVh2v7RiY.', 'szs4lcye', NULL, '1547634528', NULL, '', '', '', NULL, NULL, NULL, '', NULL, NULL, NULL, NULL, 1547634528, NULL, 1, NULL, '0000-00-00 00:00:00', '0000-00-00 00:00:00', 0, 'student', '2000-01-01'),
(416, '192.119.160.106', '1547634529', '$2y$08$Jm9nOFhf29issVxwNFRyNesi.7/1FODnsffgIYo9L2vq5yj7EhWL2', '2q1K1r8B', NULL, '1547634529', NULL, '', '', '', NULL, NULL, NULL, '', NULL, NULL, NULL, NULL, 1547634529, NULL, 1, NULL, '0000-00-00 00:00:00', '0000-00-00 00:00:00', 0, 'student', '2000-01-01'),
(417, '192.119.160.106', '1547634530', '$2y$08$aW/NIm3ewzpwPipynJWfJejV8E/rMWmmiN4HsRU9veXNoLzzlqU32', 'XMjLLANs', NULL, '1547634530', NULL, '', '', '', NULL, NULL, NULL, '', NULL, NULL, NULL, NULL, 1547634530, NULL, 1, NULL, '0000-00-00 00:00:00', '0000-00-00 00:00:00', 0, 'student', '2000-01-01'),
(418, '192.119.160.106', '1547634531', '$2y$08$ilmF3Ct64kqr3luTk6rBrOmwwZDgNqy/E6iUKhiniUd.L3mkWMDL.', 'bvE1bJzt', NULL, '1547634531', NULL, '', '', '', NULL, NULL, NULL, '', NULL, NULL, NULL, NULL, 1547634531, NULL, 1, NULL, '0000-00-00 00:00:00', '0000-00-00 00:00:00', 0, 'student', '2000-01-01'),
(419, '192.119.160.106', '1547634532', '$2y$08$Uk28lBdlXNqnrQuvZgYkgOl2x07RsoUmxfhTJcnsXOfXJEf/VnvTS', '0SnlUMpL', NULL, '1547634532', NULL, '', '', '', NULL, NULL, NULL, '', NULL, NULL, NULL, NULL, 1547634532, NULL, 1, NULL, '0000-00-00 00:00:00', '0000-00-00 00:00:00', 0, 'student', '2000-01-01'),
(420, '192.119.160.106', '1547634533', '$2y$08$l8ULYSMqOMyEAAvxTxNTquxCxsR7NryjsiCF1Q37Si49qU3PuR67q', '3fmSxkkk', NULL, '1547634533', NULL, '', '', '', NULL, NULL, NULL, '', NULL, NULL, NULL, NULL, 1547634533, NULL, 1, NULL, '0000-00-00 00:00:00', '0000-00-00 00:00:00', 0, 'student', '2000-01-01'),
(421, '192.119.160.106', '1547634534', '$2y$08$FkmsbPoiRdfB05YcT.ATKOQIad0IgRzC/gsoDPxVhNauSEb38/0Nu', 'WuVyUzQV', NULL, '1547634534', NULL, '', '', '', NULL, NULL, NULL, '', NULL, NULL, NULL, NULL, 1547634534, NULL, 1, NULL, '0000-00-00 00:00:00', '0000-00-00 00:00:00', 0, 'student', '2000-01-01'),
(422, '192.119.160.106', '1547634536', '$2y$08$r5JNTiDBLfNpDBf3I.t6TuKwxQHEXZ1Qgrzn7BtV.kOMQHZygB1sC', 'UlMWUbgT', NULL, '1547634536', NULL, '', '', '', NULL, NULL, NULL, '', NULL, NULL, NULL, NULL, 1547634536, NULL, 1, NULL, '0000-00-00 00:00:00', '0000-00-00 00:00:00', 0, 'student', '2000-01-01'),
(423, '192.119.160.106', '1547634537', '$2y$08$PZPGs5MblL85d50vXuhz/ODtB508xG9kmxcc5xdnNExPo.8PMx/Bm', 'Tt5D6kfY', NULL, '1547634537', NULL, '', '', '', NULL, NULL, NULL, '', NULL, NULL, NULL, NULL, 1547634537, NULL, 1, NULL, '0000-00-00 00:00:00', '0000-00-00 00:00:00', 0, 'student', '2000-01-01'),
(424, '192.119.160.106', '1547634538', '$2y$08$Vd26RPMGMeVwHruqOd76uemSuEHaJYEKIG1mgAvrgKbRRWw64rBqm', 'qrHNCSXo', NULL, '1547634538', NULL, '', '', '', NULL, NULL, NULL, '', NULL, NULL, NULL, NULL, 1547634538, NULL, 1, NULL, '0000-00-00 00:00:00', '0000-00-00 00:00:00', 0, 'student', '2000-01-01'),
(425, '192.119.160.106', '1547634539', '$2y$08$TgWVr6xg/ADQpeii9W/EQO1GO9hHw1bCoepwzg1b5v8GK/DVtfPJi', 'cJMX0tIT', NULL, '1547634539', NULL, '', '', '', NULL, NULL, NULL, '', NULL, NULL, NULL, NULL, 1547634539, NULL, 1, NULL, '0000-00-00 00:00:00', '0000-00-00 00:00:00', 0, 'student', '2000-01-01'),
(426, '192.119.160.106', '1547634540', '$2y$08$DHQMDlUeaW62VZDbAV4SO..tgPCp7WoYDE6ipzOs0aiyuQEkFZGa6', 'EkGomM96', NULL, '1547634540', NULL, '', '', '', NULL, NULL, NULL, '', NULL, NULL, NULL, NULL, 1547634540, NULL, 1, NULL, '0000-00-00 00:00:00', '0000-00-00 00:00:00', 0, 'student', '2000-01-01'),
(427, '192.119.160.106', '1547634541', '$2y$08$7Gy.TEK3hDas7rPLHwOuHebafRfsPnijmiG4xZ47/Azj1FDs5l7NS', '74z3dFQu', NULL, '1547634541', NULL, '', '', '', NULL, NULL, NULL, '', NULL, NULL, NULL, NULL, 1547634541, NULL, 1, NULL, '0000-00-00 00:00:00', '0000-00-00 00:00:00', 0, 'student', '2000-01-01'),
(428, '192.119.160.106', '1547634542', '$2y$08$D6wc8O0KGBG2N4n0DRRRwuRIHreT08dt74Mkgg2kwxgh.7ujxdk2m', 'Xn8p6VE8', NULL, '1547634542', NULL, '', '', '', NULL, NULL, NULL, '', NULL, NULL, NULL, NULL, 1547634542, NULL, 1, NULL, '0000-00-00 00:00:00', '0000-00-00 00:00:00', 0, 'student', '2000-01-01'),
(429, '192.119.160.106', '1547634543', '$2y$08$XsPe5aPAovQBNTNUtf6CnOe86tPq0QEM1lrKJdLFnrxIzeaLfnWfy', 'vhUuAte6', NULL, '1547634543', NULL, '', '', '', NULL, NULL, NULL, '', NULL, NULL, NULL, NULL, 1547634543, NULL, 1, NULL, '0000-00-00 00:00:00', '0000-00-00 00:00:00', 0, 'student', '2000-01-01'),
(430, '192.119.160.106', '1547634544', '$2y$08$2yjGa7ylrpUxk2q2qdoiXuI0wTeRYWamWIXXzyMbuPyWRswfOYfOa', 'EKkQniMk', NULL, '1547634544', NULL, '', '', '', NULL, NULL, NULL, '', NULL, NULL, NULL, NULL, 1547634544, NULL, 1, NULL, '0000-00-00 00:00:00', '0000-00-00 00:00:00', 0, 'student', '2000-01-01'),
(431, '192.119.160.106', '1547634545', '$2y$08$DZCGYFtVjc5MEefdC8B5cujM7pb.h1g79K1119fFViX12rj11ErcG', 'cccgHSAv', NULL, '1547634545', NULL, '', '', '', NULL, NULL, NULL, '', NULL, NULL, NULL, NULL, 1547634545, NULL, 1, NULL, '0000-00-00 00:00:00', '0000-00-00 00:00:00', 0, 'student', '2000-01-01'),
(432, '192.119.160.106', '1547634546', '$2y$08$Eeh4LpAOCdVlomG5.s9fj.Rp2/KnRq3AVXTJI.QGNc5ANxqMfVQaO', '6xK2jeYE', NULL, '1547634546', NULL, '', '', '', NULL, NULL, NULL, '', NULL, NULL, NULL, NULL, 1547634546, NULL, 1, NULL, '0000-00-00 00:00:00', '0000-00-00 00:00:00', 0, 'student', '2000-01-01'),
(433, '192.119.160.106', '1547634547', '$2y$08$GO9yCA/i67suUTUXW6wIqOAmqNI7PGQMP8K.SFXRCKE72YjTkh11W', 'lJYM44Hx', NULL, '1547634547', NULL, '', '', '', NULL, NULL, NULL, '', NULL, NULL, NULL, NULL, 1547634547, NULL, 1, NULL, '0000-00-00 00:00:00', '0000-00-00 00:00:00', 0, 'student', '2000-01-01'),
(434, '192.119.160.106', '1547634548', '$2y$08$UiVy3X5NU6xnr3FJfvzm9.yrAPYPgjFqNl3D5vz1vUM015LcFgWPy', 'EReS1R33', NULL, '1547634548', NULL, '', '', '', NULL, NULL, NULL, '', NULL, NULL, NULL, NULL, 1547634548, NULL, 1, NULL, '0000-00-00 00:00:00', '0000-00-00 00:00:00', 0, 'student', '2000-01-01'),
(435, '192.119.160.106', '1547634549', '$2y$08$QHNdN/PZPf.PZC9Kx0m5M.uRaHSml7Ox1PEtcqrhqnRx6Mmv.xS3G', 'U59sNzNJ', NULL, '1547634549', NULL, '', '', '', NULL, NULL, NULL, '', NULL, NULL, NULL, NULL, 1547634549, NULL, 1, NULL, '0000-00-00 00:00:00', '0000-00-00 00:00:00', 0, 'student', '2000-01-01'),
(436, '192.119.160.106', '1547634550', '$2y$08$GdAKhUkFGCGJNBMb6Aft4e923424eT6V9tb0FNciN3Sqlxzx7bGH6', 'WnA6spAE', NULL, '1547634550', NULL, '', '', '', NULL, NULL, NULL, '', NULL, NULL, NULL, NULL, 1547634550, NULL, 1, NULL, '0000-00-00 00:00:00', '0000-00-00 00:00:00', 0, 'student', '2000-01-01'),
(437, '192.119.160.106', '1547634551', '$2y$08$tmNx6NdYBdD4Z64hrforo.mpvg0qMzY3bZU0SYqTJpjboRfWiDZ9y', 'YphSiOgN', NULL, '1547634551', NULL, '', '', '', NULL, NULL, NULL, '', NULL, NULL, NULL, NULL, 1547634551, NULL, 1, NULL, '0000-00-00 00:00:00', '0000-00-00 00:00:00', 0, 'student', '2000-01-01'),
(438, '192.119.160.106', '1547634552', '$2y$08$h0q3nDTLg0r8Ggr10wxrSek8yJz2Mpnz0J40U//Uec3q8VbhtRce6', 'wlvm3nfM', NULL, '1547634552', NULL, '', '', '', NULL, NULL, NULL, '', NULL, NULL, NULL, NULL, 1547634552, NULL, 1, NULL, '0000-00-00 00:00:00', '0000-00-00 00:00:00', 0, 'student', '2000-01-01'),
(439, '192.119.160.106', '1547634554', '$2y$08$YeF1RY4pJimpCbOACGc/quuNZryKCKwyBtlTRYQmanblHFjDMAyhy', 'ie5VDIuq', NULL, '1547634554', NULL, '', '', '', NULL, NULL, NULL, '', NULL, NULL, NULL, NULL, 1547634554, NULL, 1, NULL, '0000-00-00 00:00:00', '0000-00-00 00:00:00', 0, 'student', '2000-01-01'),
(440, '192.119.160.106', '1547634555', '$2y$08$xD2/W459Z7Pc.dN8yaL3uuM5D1mGEv2Cyo3KBKZ7QZzMuO0AB3/tG', 'VVmeaMIZ', NULL, '1547634555', NULL, '', '', '', NULL, NULL, NULL, '', NULL, NULL, NULL, NULL, 1547634555, NULL, 1, NULL, '0000-00-00 00:00:00', '0000-00-00 00:00:00', 0, 'student', '2000-01-01'),
(441, '::1', 'daniawah22hab93@hotmail.com', '$2y$08$CJb7xoB.DpcD5QvHT4Mz..KXzWhCJQ5nlIP0ahX8J5Zn10gwIEC8a', 'gqRDaeCE', NULL, 'daniawah22hab93@hotmail.com', NULL, '', 'werfgt', 'wder', NULL, NULL, '2345', '23456', NULL, NULL, NULL, NULL, 1547986731, NULL, 1, NULL, '0000-00-00 00:00:00', '2019-01-20 04:19:09', 0, 'teacher', '2018-11-26');

-- --------------------------------------------------------

--
-- Table structure for table `users_authentication`
--

DROP TABLE IF EXISTS `users_authentication`;
CREATE TABLE IF NOT EXISTS `users_authentication` (
  `id` int(11) NOT NULL,
  `users_id` int(11) NOT NULL,
  `token` varchar(255) NOT NULL,
  `login_email` varchar(255) DEFAULT NULL,
  `expired_at` datetime NOT NULL DEFAULT CURRENT_TIMESTAMP,
  `created_at` datetime NOT NULL DEFAULT CURRENT_TIMESTAMP,
  `updated_at` datetime NOT NULL DEFAULT CURRENT_TIMESTAMP
) ENGINE=InnoDB DEFAULT CHARSET=utf8;

--
-- Dumping data for table `users_authentication`
--

INSERT INTO `users_authentication` (`id`, `users_id`, `token`, `login_email`, `expired_at`, `created_at`, `updated_at`) VALUES
(0, 68, '131MUMf7s03EM', 'estwani11@gmail.com', '2019-01-09 06:56:01', '2019-01-09 05:56:01', '2019-01-09 05:56:01'),
(0, 78, '16kLZrn2Pbxqs', 'raniaalzabibi@hotmail.com', '2019-01-09 07:03:58', '2019-01-09 06:03:58', '2019-01-09 06:03:58'),
(0, 78, '16.ni.6cAgPxE', 'raniaalzabibi@hotmail.com', '2019-01-10 06:09:37', '2019-01-10 05:09:37', '2019-01-10 05:09:37'),
(0, 72, '24Yc25O055qIs', 'linadoughani@gmail.com', '2019-01-11 05:58:55', '2019-01-11 04:58:55', '2019-01-11 04:58:55'),
(0, 64, '16Ux5sFB6R7Hc', 'bkana2000@gmail.com', '2019-01-11 12:53:27', '2019-01-11 11:53:27', '2019-01-11 11:53:27'),
(0, 64, '44NL3IaOmLs3k', 'bkana2000@gmail.com', '2019-01-12 00:38:05', '2019-01-11 23:38:05', '2019-01-11 23:38:05'),
(0, 72, '14N5lZJlWsAHg', 'linadoughani@gmail.com', '2019-01-12 04:59:38', '2019-01-12 03:59:38', '2019-01-12 03:59:38'),
(0, 63, '11VxsqP3HzhcE', 'jalmajzoub@gmail.com', '2019-01-12 05:37:00', '2019-01-12 04:37:00', '2019-01-12 04:37:00'),
(0, 78, '19hzbCXim5Y..', 'raniaalzabibi@hotmail.com', '2019-01-12 05:49:19', '2019-01-12 04:49:19', '2019-01-12 04:49:19'),
(0, 79, '10Db2sUF2gjs2', 'rjaboulie@hotmail.com', '2019-01-12 07:48:18', '2019-01-12 06:48:18', '2019-01-12 06:48:18'),
(0, 72, '10ehShq7tPb6k', 'linadoughani@gmail.com', '2019-01-12 09:13:18', '2019-01-12 08:13:18', '2019-01-12 08:13:18'),
(0, 83, '26JAvG7VSVDBs', 'suha.attar@gmail.com', '2019-01-12 09:29:45', '2019-01-12 08:29:45', '2019-01-12 08:29:45'),
(0, 63, '87VQNktpEk5zk', 'jalmajzoub@gmail.com', '2019-01-12 11:15:29', '2019-01-12 10:15:29', '2019-01-12 10:15:29'),
(0, 64, '20CPrKeQJsXjk', 'bkana2000@gmail.com', '2019-01-12 13:47:20', '2019-01-12 12:47:20', '2019-01-12 12:47:20'),
(0, 79, '1826tx1UXG4hA', 'rjaboulie@hotmail.com', '2019-01-12 19:01:50', '2019-01-12 18:01:50', '2019-01-12 18:01:50'),
(0, 144, '19R1./B.En4qQ', 'manarkreiker@gmail.com', '2019-01-12 20:38:09', '2019-01-12 19:38:09', '2019-01-12 19:38:09'),
(0, 67, '19MWRL30GkEpk', 'estwani94@gmail.com', '2019-01-12 23:58:31', '2019-01-12 22:58:31', '2019-01-12 22:58:31'),
(0, 74, '34xZMTMD/Ahd6', 'maysounkattan@hotmail.com', '2019-01-13 05:50:49', '2019-01-13 04:50:49', '2019-01-13 04:50:49'),
(0, 63, '11cdxfK4zd2p.', 'jalmajzoub@gmail.com', '2019-01-13 07:27:01', '2019-01-13 06:27:01', '2019-01-13 06:27:01'),
(0, 66, '48nXQHqJ1Xhmk', 'bayannaamani@gmail.com', '2019-01-28 18:21:37', '2019-01-28 16:21:37', '2019-01-28 16:21:37'),
(0, 179, '181E6Jz6Oe8po', 'Jamlaza@yahoo.com ', '2019-01-28 18:23:35', '2019-01-28 16:23:35', '2019-01-28 16:23:35'),
(0, 1, '76lH/E/yxz4Ec', 'admin@admin.com', '2019-02-05 11:42:21', '2019-02-05 09:42:21', '2019-02-05 09:42:21'),
(0, 1, '16c4ijU80cBhk', 'admin@admin.com', '2019-02-05 11:42:23', '2019-02-05 09:42:23', '2019-02-05 09:42:23'),
(0, 1, '25pb.LioxkLo2', 'admin@admin.com', '2019-02-05 11:42:48', '2019-02-05 09:42:48', '2019-02-05 09:42:48'),
(0, 1, '11eP10CP4ZB9A', 'admin@admin.com', '2019-02-12 16:35:39', '2019-02-12 14:35:39', '2019-02-12 14:35:39'),
(0, 1, '16LGe7G0Nzqyk', 'admin@admin.com', '2019-02-13 13:18:06', '2019-02-13 11:18:06', '2019-02-13 11:18:06'),
(0, 1, '91MjdUk7a7TpY', 'admin@admin.com', '2019-03-09 10:16:41', '2019-03-09 08:16:41', '2019-03-09 08:16:41');

-- --------------------------------------------------------

--
-- Table structure for table `users_groups`
--

DROP TABLE IF EXISTS `users_groups`;
CREATE TABLE IF NOT EXISTS `users_groups` (
  `id` int(11) NOT NULL AUTO_INCREMENT,
  `user_id` int(11) NOT NULL,
  `group_id` int(11) NOT NULL,
  PRIMARY KEY (`id`),
  KEY `fk_users_groups_user1_idx` (`user_id`),
  KEY `fk_users_groups_group1_idx` (`group_id`)
) ENGINE=InnoDB AUTO_INCREMENT=443 DEFAULT CHARSET=utf8;

--
-- Dumping data for table `users_groups`
--

INSERT INTO `users_groups` (`id`, `user_id`, `group_id`) VALUES
(1, 1, 1),
(2, 1, 2),
(37, 36, 7),
(38, 37, 7),
(39, 38, 7),
(40, 39, 7),
(42, 41, 7),
(43, 42, 7),
(44, 43, 7),
(45, 44, 7),
(52, 51, 7),
(64, 63, 7),
(65, 64, 7),
(66, 65, 7),
(67, 66, 7),
(68, 67, 7),
(69, 68, 7),
(70, 69, 7),
(71, 70, 7),
(72, 71, 7),
(73, 72, 7),
(74, 73, 7),
(75, 74, 7),
(76, 75, 7),
(77, 76, 7),
(78, 77, 7),
(79, 78, 7),
(80, 79, 7),
(81, 80, 7),
(82, 81, 7),
(83, 82, 7),
(84, 83, 7),
(85, 84, 7),
(86, 85, 7),
(87, 86, 7),
(88, 87, 7),
(89, 88, 7),
(90, 89, 7),
(91, 90, 7),
(96, 95, 7),
(98, 97, 7),
(99, 98, 7),
(100, 99, 7),
(101, 100, 7),
(102, 101, 7),
(104, 103, 7),
(106, 105, 7),
(107, 106, 7),
(108, 107, 7),
(109, 108, 7),
(110, 109, 7),
(111, 110, 7),
(112, 111, 7),
(113, 112, 7),
(114, 113, 7),
(115, 114, 7),
(116, 115, 7),
(117, 116, 7),
(118, 117, 7),
(119, 118, 7),
(120, 119, 7),
(121, 120, 7),
(122, 121, 7),
(123, 122, 7),
(124, 123, 7),
(125, 124, 7),
(126, 125, 7),
(127, 126, 7),
(128, 127, 7),
(129, 128, 7),
(130, 129, 7),
(131, 130, 7),
(132, 131, 7),
(133, 132, 7),
(134, 133, 7),
(135, 134, 7),
(136, 135, 7),
(137, 136, 7),
(141, 140, 7),
(142, 141, 7),
(144, 143, 7),
(145, 144, 7),
(146, 145, 7),
(147, 146, 7),
(148, 147, 7),
(150, 149, 7),
(151, 150, 7),
(152, 151, 7),
(153, 152, 7),
(154, 153, 7),
(155, 154, 7),
(156, 155, 7),
(157, 156, 7),
(158, 157, 7),
(159, 158, 7),
(161, 160, 7),
(162, 161, 7),
(163, 162, 7),
(165, 164, 7),
(166, 165, 7),
(168, 167, 7),
(170, 169, 7),
(171, 170, 7),
(172, 171, 7),
(173, 172, 7),
(174, 173, 7),
(176, 175, 7),
(177, 176, 7),
(178, 177, 7),
(180, 179, 7),
(181, 180, 7),
(182, 181, 7),
(183, 182, 7),
(184, 183, 7),
(185, 184, 7),
(186, 185, 7),
(189, 188, 7),
(190, 189, 7),
(191, 190, 7),
(192, 191, 7),
(193, 192, 7),
(194, 193, 7),
(195, 194, 7),
(196, 195, 7),
(197, 196, 7),
(198, 197, 7),
(199, 198, 7),
(200, 199, 7),
(201, 200, 7),
(202, 201, 7),
(203, 202, 7),
(204, 203, 7),
(205, 204, 7),
(206, 205, 7),
(207, 206, 7),
(208, 207, 7),
(209, 208, 7),
(210, 209, 7),
(211, 210, 7),
(212, 211, 7),
(213, 212, 7),
(214, 213, 7),
(215, 214, 7),
(216, 215, 7),
(217, 216, 7),
(218, 217, 7),
(219, 218, 7),
(220, 219, 7),
(221, 220, 7),
(222, 221, 7),
(224, 223, 7),
(225, 224, 7),
(226, 225, 7),
(227, 226, 7),
(228, 227, 7),
(229, 228, 7),
(230, 229, 7),
(231, 230, 7),
(232, 231, 7),
(233, 232, 7),
(234, 233, 7),
(235, 234, 7),
(236, 235, 7),
(239, 238, 7),
(240, 239, 7),
(241, 240, 7),
(242, 241, 7),
(243, 242, 7),
(244, 243, 7),
(245, 244, 7),
(246, 245, 7),
(247, 246, 7),
(248, 247, 7),
(249, 248, 7),
(250, 249, 7),
(251, 250, 7),
(252, 251, 7),
(253, 252, 7),
(254, 253, 7),
(255, 254, 7),
(256, 255, 7),
(257, 256, 7),
(258, 257, 7),
(259, 258, 7),
(260, 259, 7),
(261, 260, 7),
(262, 261, 7),
(263, 262, 7),
(264, 263, 7),
(265, 264, 7),
(266, 265, 7),
(267, 266, 7),
(268, 267, 7),
(269, 268, 7),
(270, 269, 7),
(271, 270, 7),
(272, 271, 7),
(273, 272, 7),
(274, 273, 7),
(275, 274, 7),
(276, 275, 7),
(277, 276, 7),
(278, 277, 7),
(279, 278, 7),
(280, 279, 7),
(281, 280, 7),
(282, 281, 7),
(283, 282, 7),
(284, 283, 7),
(285, 284, 7),
(286, 285, 7),
(287, 286, 7),
(288, 287, 7),
(289, 288, 7),
(290, 289, 7),
(291, 290, 7),
(292, 291, 7),
(293, 292, 7),
(294, 293, 7),
(295, 294, 7),
(296, 295, 7),
(297, 296, 7),
(298, 297, 7),
(299, 298, 7),
(300, 299, 7),
(301, 300, 7),
(302, 301, 7),
(303, 302, 7),
(304, 303, 7),
(305, 304, 7),
(306, 305, 7),
(307, 306, 7),
(308, 307, 7),
(309, 308, 7),
(310, 309, 7),
(311, 310, 7),
(312, 311, 7),
(313, 312, 7),
(314, 313, 7),
(315, 314, 7),
(316, 315, 7),
(317, 316, 7),
(318, 317, 7),
(319, 318, 7),
(320, 319, 7),
(321, 320, 7),
(322, 321, 7),
(323, 322, 7),
(324, 323, 7),
(325, 324, 7),
(326, 325, 7),
(327, 326, 7),
(328, 327, 7),
(329, 328, 7),
(330, 329, 7),
(331, 330, 7),
(332, 331, 7),
(333, 332, 7),
(334, 333, 7),
(335, 334, 7),
(336, 335, 7),
(337, 336, 7),
(338, 337, 7),
(339, 338, 7),
(340, 339, 7),
(341, 340, 7),
(342, 341, 7),
(343, 342, 7),
(344, 343, 7),
(345, 344, 7),
(346, 345, 7),
(347, 346, 7),
(348, 347, 7),
(349, 348, 7),
(350, 349, 7),
(351, 350, 7),
(352, 351, 7),
(353, 352, 7),
(354, 353, 7),
(355, 354, 7),
(356, 355, 7),
(357, 356, 7),
(358, 357, 7),
(359, 358, 7),
(360, 359, 7),
(361, 360, 7),
(362, 361, 7),
(363, 362, 7),
(364, 363, 7),
(365, 364, 7),
(366, 365, 7),
(367, 366, 7),
(368, 367, 7),
(369, 368, 7),
(370, 369, 7),
(371, 370, 7),
(372, 371, 7),
(373, 372, 7),
(374, 373, 7),
(375, 374, 7),
(376, 375, 7),
(377, 376, 7),
(378, 377, 7),
(379, 378, 7),
(380, 379, 7),
(381, 380, 7),
(382, 381, 7),
(383, 382, 7),
(384, 383, 7),
(385, 384, 7),
(386, 385, 7),
(387, 386, 7),
(388, 387, 7),
(389, 388, 7),
(390, 389, 7),
(391, 390, 7),
(392, 391, 7),
(393, 392, 7),
(394, 393, 7),
(395, 394, 7),
(396, 395, 7),
(397, 396, 7),
(398, 397, 7),
(399, 398, 7),
(400, 399, 7),
(401, 400, 7),
(402, 401, 7),
(403, 402, 7),
(404, 403, 7),
(405, 404, 7),
(406, 405, 7),
(407, 406, 7),
(408, 407, 7),
(409, 408, 7),
(410, 409, 7),
(411, 410, 7),
(412, 411, 7),
(413, 412, 7),
(414, 413, 7),
(415, 414, 7),
(416, 415, 7),
(417, 416, 7),
(418, 417, 7),
(419, 418, 7),
(420, 419, 7),
(421, 420, 7),
(422, 421, 7),
(423, 422, 7),
(424, 423, 7),
(425, 424, 7),
(426, 425, 7),
(427, 426, 7),
(428, 427, 7),
(429, 428, 7),
(430, 429, 7),
(431, 430, 7),
(432, 431, 7),
(433, 432, 7),
(434, 433, 7),
(435, 434, 7),
(436, 435, 7),
(437, 436, 7),
(438, 437, 7),
(439, 438, 7),
(440, 439, 7),
(441, 440, 7),
(442, 441, 7);

-- --------------------------------------------------------

--
-- Table structure for table `users_meetings`
--

DROP TABLE IF EXISTS `users_meetings`;
CREATE TABLE IF NOT EXISTS `users_meetings` (
  `id` int(11) NOT NULL AUTO_INCREMENT,
  `user_id` int(11) NOT NULL,
  `meet_id` int(11) NOT NULL,
  `created_at` datetime NOT NULL,
  `updated_at` datetime NOT NULL,
  PRIMARY KEY (`id`),
  KEY `users_meetings_ibfk_2` (`meet_id`),
  KEY `users_meetings_ibfk_3` (`user_id`)
) ENGINE=InnoDB DEFAULT CHARSET=utf8;

--
-- Constraints for dumped tables
--

--
-- Constraints for table `homeworks`
--
ALTER TABLE `homeworks`
  ADD CONSTRAINT `homeworks_ibfk_3` FOREIGN KEY (`room_teacher_id`) REFERENCES `rooms_teachers` (`id`);

--
-- Constraints for table `rooms_attendances`
--
ALTER TABLE `rooms_attendances`
  ADD CONSTRAINT `rooms_rooms_attendance_FK` FOREIGN KEY (`room_id`) REFERENCES `rooms` (`id`) ON DELETE CASCADE ON UPDATE CASCADE;

--
-- Constraints for table `rooms_teachers`
--
ALTER TABLE `rooms_teachers`
  ADD CONSTRAINT `rooms_teachers_ibfk_1` FOREIGN KEY (`room_id`) REFERENCES `rooms` (`id`) ON DELETE CASCADE ON UPDATE CASCADE,
  ADD CONSTRAINT `rooms_teachers_ibfk_2` FOREIGN KEY (`teacher_id`) REFERENCES `teachers` (`id`) ON DELETE CASCADE ON UPDATE CASCADE;

--
-- Constraints for table `students`
--
ALTER TABLE `students`
  ADD CONSTRAINT `students_ibfk_1` FOREIGN KEY (`user_id`) REFERENCES `users` (`id`);
COMMIT;

/*!40101 SET CHARACTER_SET_CLIENT=@OLD_CHARACTER_SET_CLIENT */;
/*!40101 SET CHARACTER_SET_RESULTS=@OLD_CHARACTER_SET_RESULTS */;
/*!40101 SET COLLATION_CONNECTION=@OLD_COLLATION_CONNECTION */;
